82c
877
8cd
8f7
8b0
87d
8c2
928
94b
96a
979
94b
918
90b
944
94f
951
941
948
957
8fd
8c9
884
86a
81e
7f4
830
812
853
828
7de
843
850
7d7
75a
774
77d
78e
7ac
7f5
848
89b
87b
88d
87e
87c
885
84d
823
7f3
7e7
81a
834
806
7ea
7e1
7cc
796
768
77f
794
797
797
79d
798
7d0
823
81b
825
812
79f
741
6ea
713
6e3
6c1
736
7ad
7ad
778
718
6ca
6f0
6f6
724
74d
747
75a
754
771
7cc
804
815
83d
837
873
845
81e
83f
849
869
89a
8b3
8f4
923
90b
901
8d4
868
881
88d
863
894
890
848
85f
850
84d
83d
825
810
7d0
7e1
830
7e6
803
81e
81e
835
7e9
7f2
830
7db
750
76b
797
78c
753
6f7
714
743
753
783
766
773
78b
798
7b2
7dc
7f4
822
830
7f1
821
803
7c3
7a0
7f3
7bd
778
7c6
7eb
804
80e
827
85c
876
8e1
8bd
895
862
87b
870
826
7d8
7b6
7eb
794
79c
7e1
7b9
797
7c1
776
735
7ac
793
795
796
7b0
787
760
78b
791
7d9
7cf
7cf
7c9
77c
77a
75b
738
776
750
6d1
66f
6b9
6a5
6e6
720
6ee
70a
76e
7be
779
769
777
7d0
7b5
7b5
7d9
7d3
800
7d4
7ab
7d6
81f
852
80b
796
7d4
7d4
798
7f9
80a
79e
739
73d
762
7c4
829
80b
822
830
88b
8a3
8a6
868
851
88c
871
846
841
899
895
8a8
854
816
82f
7b9
78d
77d
790
75e
752
7aa
820
813
7e5
813
7ac
7ba
7db
7f6
813
7d3
7e7
80c
7f8
829
848
81b
7fe
7ac
76e
77a
78f
79a
7a5
793
784
7d5
7c4
7a2
791
74a
74e
72b
739
75f
748
75f
7f0
824
843
82e
808
846
81e
7dd
7fa
83c
7de
7e9
859
8a6
8f5
8f0
91d
94e
8fa
878
7ac
78d
854
83f
7a0
776
84f
91f
8e0
915
810
75d
6f0
668
614
69c
785
749
7ff
858
8fe
897
878
7d1
786
7ab
7b4
7cd
720
714
77a
7e8
7fd
85e
8ab
72d
692
74a
774
779
7f0
807
7e4
7db
7ed
83e
956
944
89b
8f8
8cc
89c
860
82d
914
948
93e
8f3
887
847
91a
99a
92c
866
7cc
7f0
8af
8c5
892
893
85d
88a
997
97c
962
a22
a78
a69
a46
abf
a8f
ab3
a93
a12
977
964
8b1
862
7d3
7d3
7d5
6fc
7b5
871
8c6
8b6
852
7f6
873
8cf
82f
7ba
7ab
6d5
660
72a
744
761
73c
804
819
781
7db
826
7dd
737
6a3
73a
828
7b4
794
834
841
894
858
821
821
769
6f6
6dc
7a6
7f2
8d2
880
825
894
8dc
920
8a1
8c1
876
876
890
87f
8ae
909
a01
a21
a51
a52
ab9
ad2
aa8
a03
9b4
926
8d4
982
8cd
8b5
8f7
98a
9b5
89a
7b5
7ab
7b7
7bd
85d
7db
7d1
890
9a9
9a5
9a4
a1e
934
8a4
855
8b7
829
745
74c
766
7a5
82e
831
880
93f
8be
8a8
898
87d
7df
77e
80a
871
88c
8f4
932
944
92a
849
855
7cf
6fc
6ea
69a
66f
5d8
690
707
73c
719
798
7cf
698
5f6
5ec
604
5a3
5e2
5e1
698
723
7f7
876
850
8c2
8c9
8d5
921
8ec
83e
7e6
79c
7b6
816
838
7ba
6a1
664
693
680
666
5c8
55c
677
817
7cb
7b9
869
835
79e
748
7c7
777
737
653
6f1
7a8
7d6
780
7b1
8b1
87f
7d7
753
794
7ee
7b2
755
7ef
8bf
887
87e
8dd
938
90a
8d7
880
7c1
80f
851
74a
6f8
7b2
852
82e
8d6
954
891
7ae
745
799
75f
78a
800
7c8
847
871
86a
90f
8cf
817
811
7dc
78d
7d8
7f9
7aa
7e7
7cc
7ad
7ff
81b
7a5
780
6a6
5dc
505
5e5
68d
5db
60e
7b3
839
77d
7e3
80a
781
770
6ef
6be
709
6f0
7c0
89a
876
834
82c
775
750
6dd
685
658
753
851
95b
9ba
96d
945
9a6
96d
961
9a9
89b
731
6d7
6fe
785
7a2
7d5
719
6f1
811
7dc
744
70c
6b0
6a7
687
697
712
7c1
7bf
836
905
83f
840
8a6
88f
8a7
8d3
895
96b
a19
9d9
a5e
a87
a8e
a80
a3a
a18
a1d
9a4
8f6
89e
8d7
92d
911
8f1
9c4
979
8fc
897
8fc
88b
78b
7b3
7f8
77d
767
8b7
912
879
849
878
84e
7eb
735
7b5
802
779
7bb
811
942
962
952
98b
985
91c
982
9ac
836
71c
6ab
71a
64f
632
613
630
761
752
7bf
80a
6d7
6de
85b
7fc
808
899
9bd
ae3
b1e
b20
a4b
87a
81b
7e2
6ad
6af
74d
7f8
7f1
834
946
a25
b0b
a7f
99d
96b
a26
923
86c
8e4
80d
81b
99b
9b5
96d
8e1
8f7
8ca
7b4
728
749
824
6db
6fe
8d3
8b0
85f
8de
973
7bb
68e
78f
732
748
8c7
a3c
a70
a16
a7e
b59
a9b
9a7
9ce
933
7fd
85a
763
66a
6d5
704
6de
5fe
4ee
466
4ec
4e6
3cb
340
48f
50e
534
665
83b
90f
9d0
8a7
858
868
758
670
4fa
4c0
596
77b
6cb
5fa
6dd
74c
70f
708
7f0
78e
744
69a
740
7b0
87c
98a
999
9a0
967
8df
7b0
75a
6b1
552
4bf
535
604
66e
845
7e1
6f6
82c
7ca
7bf
713
654
6ee
6e9
70d
6ea
7ef
9e2
9be
a68
a21
92f
9ec
936
862
961
914
8ce
972
999
9a5
967
878
749
72f
6cf
61c
6a0
643
632
703
79a
960
9c1
9e8
9d7
9eb
925
7de
6b6
6b0
60a
5a2
5bb
5a6
660
705
7a1
74c
642
638
68a
6d6
712
60e
6aa
75a
86a
a4a
b05
a8f
9e2
9c6
8fe
7fa
6f1
62f
626
594
5e6
6eb
66a
5d6
6ad
75f
7a7
75b
693
69d
7a4
7d9
806
7e0
843
934
a1b
9c0
8fd
846
874
83b
784
6f0
757
753
701
6df
74b
875
798
6d6
5b1
4aa
48a
3ee
3c2
54d
62a
63b
71b
7a7
8bc
975
7e9
77a
84a
7ad
7cb
829
7b2
70e
71f
878
898
807
748
655
661
590
59a
62a
6f7
6ff
877
972
a0a
aa1
ad0
b14
9ce
830
712
6cf
67c
644
6e5
6b5
5fb
686
6d2
6db
66f
714
5ef
5eb
5d4
599
70f
760
7d7
8e5
903
957
930
820
7cc
778
714
585
634
7bf
84f
84d
8e3
8cc
935
9c8
8b9
8a2
86d
716
6dd
795
78a
80e
8d8
9b7
957
97d
8ba
7ac
6c3
62b
653
701
723
80c
7f0
78a
79a
79d
7b9
700
64b
613
5d2
56e
5b1
69d
855
961
a0d
b55
b23
a29
a3e
9dc
9ab
8ec
862
94b
979
976
8f5
9fa
909
937
96e
898
8e6
9a5
90a
8fc
99b
aaf
c37
c90
be5
c8a
c16
a0d
91d
7cd
7d3
752
788
859
855
981
9b6
927
972
971
803
7ed
887
7d9
76b
7bd
845
8dd
a36
9c4
9c1
9b3
9a0
8c8
6df
6bd
654
709
7df
7fd
7fa
831
82d
7b1
796
6e3
6d7
690
5f0
547
5c3
6d0
75e
887
a44
a0f
9f4
9bf
a08
936
8d3
890
8ea
9b2
909
948
9f3
8e3
840
8aa
964
935
7d1
7dc
813
7b2
8be
9b3
99c
b24
c33
b3d
b3a
abf
95e
7fa
7dc
833
7ac
7a5
850
931
91c
828
886
9b3
8b5
82f
906
946
93e
85a
821
9c3
b27
a47
9e4
a14
8dd
7cf
6f2
6ec
5e2
5cd
697
75f
74e
76a
76f
6e4
6b3
675
538
572
4e1
3c8
512
574
569
6a1
89d
8ae
907
9b9
952
8bd
898
848
83a
865
7e8
835
81a
7f7
8a4
874
763
88c
8b4
7fc
831
853
885
9e8
96e
93b
a16
988
97f
901
7bf
688
6ed
732
637
5ff
5b9
630
657
519
54e
5ea
566
5e5
603
68b
73d
67c
661
747
7eb
86e
93b
94e
908
87d
7d0
7c1
72f
718
6e2
7da
854
81e
7cf
727
735
6d7
5d3
565
4ae
500
5f6
57e
522
54b
47e
581
6f6
700
69c
6a0
6a9
6e6
6e0
665
6f8
818
73b
794
8b7
7cb
7c9
7ae
748
71a
6b2
6ab
666
66e
72b
85c
861
942
9e2
917
902
994
872
7eb
7c8
7bf
824
793
772
6ea
75b
797
805
88e
8a7
908
9af
938
7f7
868
8e0
84a
86b
8fb
998
a39
ad9
9c3
88a
8c2
938
89b
8f7
953
87e
8a1
84e
83d
838
7e5
81a
7d8
723
70f
610
527
557
625
6c6
77a
7d8
798
78c
7ab
7dd
74d
76e
7e8
8fc
914
90a
a17
a7b
ad9
b62
b7b
b25
a24
946
82c
77c
62b
5a2
691
7b5
8cc
979
a34
9b3
915
8b5
861
7b9
7e0
7bb
696
643
6b1
761
7ba
7d0
7ef
85a
7cf
6f9
6cd
661
707
7c7
883
96b
9fd
9e1
8e2
8a1
778
7b2
89c
79a
670
653
6ee
79e
810
8d3
97a
993
8b5
7c4
743
6a5
5d2
60f
5c7
5a8
5c9
5ec
60a
5c9
5a7
50d
479
50f
6a2
7c6
7f4
7a2
826
852
878
901
96b
901
869
7f9
784
686
56a
614
70d
7d3
82d
8c7
958
945
88b
87a
88a
89b
8fb
8f3
998
902
904
9e9
a3d
99d
8e0
803
7b7
6f8
66d
607
58d
5fe
713
7ee
7ba
7fe
8c4
857
844
909
8be
820
838
888
852
7e7
723
7c1
8f6
8e7
8bb
889
89d
85e
7c5
774
755
6c5
6ac
73b
6d1
5ff
543
516
51b
53d
67f
71e
776
863
919
8f8
996
9e9
9cf
9b9
907
935
962
8a8
758
6f2
727
741
84d
80b
832
821
82d
87c
7f9
80e
800
8ee
8db
8db
907
9aa
aa9
a1e
9af
984
932
930
8b6
846
866
8b4
8b1
907
97d
a10
acb
948
8df
8fe
8d9
8c6
93d
a30
9fe
9ee
a86
b24
a8e
9a1
9da
a59
9f8
8ff
856
7e4
760
77e
7b1
78e
80a
855
7a5
747
6f0
6e9
742
79c
85a
8d7
892
85c
8cd
988
a49
af4
aaf
a0b
97d
960
916
85b
8c8
8fb
902
8b0
7fa
71c
750
7ee
842
8ce
942
a36
9e0
9a1
9fe
9e9
a2c
a11
9ea
91e
91a
90a
8fd
909
88d
820
86b
890
878
8bb
7d6
7f4
743
6db
715
779
787
86a
8cd
88c
7eb
73a
733
76e
7de
80e
8a9
957
91b
8af
82f
7f0
7db
777
75e
788
6b8
69e
740
850
940
9a0
9ef
8e8
81f
833
8c5
965
a28
9cb
9a1
91b
8e8
847
7e3
774
76e
77e
726
693
64e
642
61c
693
712
752
79e
851
853
869
806
7d3
81d
8c9
900
8e0
983
99e
92c
874
7ba
6b4
61d
639
5cc
633
693
668
6e3
765
7cb
83e
85d
866
831
7f5
79d
6fe
6f1
72b
780
726
7e6
770
72b
6ef
658
63e
59e
52b
4ef
536
5ea
66a
689
696
6d2
700
701
696
673
606
594
5e2
614
6a4
839
901
8e4
95a
97f
8e1
78a
6e9
682
617
5a9
5f5
673
6bc
726
76b
71f
6f1
63e
5c8
5e8
5a0
59f
5c8
68a
7dc
93f
997
960
8b5
7de
753
6b8
5f8
536
4c9
5b0
65e
6cf
7e2
895
990
a9c
b0b
af2
a80
a14
944
83b
828
926
9a9
a39
a5c
a02
988
886
6ac
5a3
539
4fd
5e2
6ac
7e9
8e9
96b
9e1
998
928
903
8f4
8aa
76a
65b
627
67a
772
87d
926
9c9
a4d
ab7
a3b
971
8c9
836
74c
6f5
77a
852
8c1
912
8de
873
786
689
634
610
5b6
582
66c
803
972
9f2
a33
a92
a07
9e9
904
7a5
693
608
604
5d9
686
79a
847
894
935
95c
921
8fd
93b
923
8bd
81e
7fa
8d2
9ed
a5d
a1c
985
852
6b8
4f4
3d0
2d3
288
31c
430
550
69f
7ea
8bc
8c3
898
8f4
8dc
8e2
8a3
7c9
702
700
756
7c0
887
916
94f
971
8e5
7fa
79a
730
73d
76b
7f6
876
8a9
8ee
8fc
8ad
74a
6c3
65e
675
60c
581
5ac
63c
71a
7d1
808
7f6
7b8
6b0
5c6
4de
45f
399
3e2
4f1
5c0
636
625
67c
68f
73c
705
70b
761
741
6fc
6c7
7cf
951
a8c
b8d
bb5
b59
ae2
9d0
8a9
76b
5f3
536
5b1
602
688
6f5
74a
7f3
7f3
80e
7d3
7eb
7fa
7a5
74e
751
7e3
8ee
97b
a02
a23
9e6
9f9
896
794
640
536
520
564
697
7d4
878
907
992
9c0
a1e
98b
8c8
82d
723
633
5f3
6bc
768
7b7
7a6
773
74b
734
6f1
5be
50e
53b
625
66b
6cb
744
7d7
7f6
811
825
810
85f
8a1
8d8
8b0
888
974
ad2
bf3
c96
c3c
c18
c3d
ba9
aa0
9a8
8b8
7f8
7f1
85f
8e0
9d8
ab2
acd
a59
983
8ad
7da
7a0
8ab
905
a05
b0e
c58
d5c
dd6
dc8
d3e
bf1
a33
86c
6de
663
68a
71c
807
92e
a28
af8
b74
b0f
a86
9d9
971
98e
90a
8c1
8c6
908
9cd
a06
937
857
76e
67c
5b6
4f1
4a8
4fa
5ca
6ea
79e
876
940
9d3
982
867
745
670
5e5
5be
624
67e
78c
8fb
a13
ae2
b5a
bc8
bda
b66
9c8
851
730
67b
6de
72b
7c2
871
8d4
8db
8fa
8c5
834
7af
779
78b
7df
89f
988
af3
c4b
c98
c39
b6e
a0e
85f
6ad
561
509
4d7
4fc
614
790
937
a02
a1f
a07
9ae
97d
91b
8f4
885
7bf
7a9
8d1
a11
a25
9b8
948
956
93f
815
6c8
5ee
54b
56e
59f
607
71c
87b
928
867
7c6
681
591
4b9
407
3f8
3d6
3f6
559
6a5
7d5
896
8c6
93d
8f9
829
771
750
729
72f
7a4
846
83b
82d
7d6
75b
6bb
5d1
585
520
588
640
715
8ad
9de
a5f
a2d
9f1
966
867
702
5c5
4c1
3ab
300
2fa
427
552
6b0
7b3
7e1
80d
7c3
708
692
6b1
731
716
706
729
763
79e
73b
69e
5fd
577
568
54b
4ee
50e
555
64f
731
7b7
86c
870
87f
861
789
6a8
660
683
659
603
640
6c2
7c0
871
870
836
850
82e
84e
80c
76c
6d3
79e
8db
9f3
ad6
ac3
aa8
9b2
8b7
7f1
741
726
761
7db
84c
8a2
92f
9b3
a1d
a7c
b0a
b50
aff
a06
8d8
80d
74d
655
6bb
7a3
8b7
8f2
8c4
894
81f
78b
768
77c
778
721
780
845
962
9c8
996
988
905
89a
7e4
6b4
567
4f5
575
62e
762
8b2
980
9bd
9d3
9b9
95a
8a1
850
83d
7fb
7ca
7e3
8be
941
8f7
893
840
871
79e
608
51c
46e
4a4
5ad
729
90d
a63
aac
a97
993
8d3
88a
841
87b
846
816
866
8cc
99b
9fc
9b7
9d1
989
8a9
793
612
56b
57d
5d9
6b8
831
97e
a2e
a11
928
7a8
69e
5db
4ef
507
4d3
4a2
592
694
7c6
898
8c2
8fd
8f6
865
6ec
5b4
541
59d
63d
6bb
6eb
6c1
6b9
65f
63b
608
59a
53c
510
571
5c3
5df
617
6e1
719
723
6d4
60e
567
45b
32d
2ca
316
3c9
51a
653
7c8
884
83f
804
810
837
803
80c
866
862
864
868
8b6
984
9fe
9bd
9a0
93c
84d
788
694
67b
6e3
7f8
912
a06
aba
ad0
ab0
a2c
9a2
8d1
812
7ed
7b5
72d
723
7c5
8c4
928
8d1
8dd
8ec
8d2
807
767
6ce
6ff
7e3
862
89c
8aa
8c4
866
7d0
77e
6e9
645
65e
702
74e
745
72e
7f7
93e
9e7
9b9
934
892
7d6
70a
686
673
6ac
732
7eb
877
960
9b9
9f6
a07
a15
a21
a28
a19
a73
a90
a48
b25
bb1
cd0
c8d
be8
b84
a0e
8be
78b
78d
818
903
a4b
b56
bd5
be3
b80
ab4
a3c
965
897
827
881
8c5
8d3
8cb
92f
97a
9bf
a40
a7e
a6e
a63
a07
9aa
953
92d
9f0
a2f
ac5
b08
a89
a51
a11
9d9
917
850
85b
83c
77a
70a
70b
7bb
891
8fe
8e9
8c7
8d5
8b2
8e2
920
95e
9f3
a5b
a19
91f
84d
7e3
71e
75b
795
79e
7b5
833
878
8e8
94b
9d9
acc
aff
a56
94c
92c
86f
7f4
7a9
764
778
7cf
877
8dc
9a5
91c
835
6dd
5e2
5c9
634
6ec
741
738
71b
75b
7c2
7e0
7ac
783
722
6f6
6a2
653
63f
6a8
80f
91a
a09
a40
a7f
aa2
a9a
a8c
a50
9b1
981
9d3
91b
832
7bc
7c2
841
85d
8d4
85c
7bb
73a
641
5bf
577
621
6fe
78c
785
77e
76f
78d
774
72b
704
6b4
71d
788
78e
769
806
815
84b
842
830
7e6
7cb
7f5
769
71f
6ce
6e3
6de
71c
6e4
659
601
56c
50e
516
53e
5dc
69c
699
707
729
738
745
73f
7a3
760
657
571
4d9
407
489
52e
5d1
5fe
5d3
5bf
569
4e7
4a4
529
5ff
695
616
5d6
57b
626
690
6b7
6fb
714
79a
7ba
826
85a
7a3
6ee
6b5
646
635
640
69f
69a
689
6bb
6c3
79f
7e1
802
79e
6ef
6fa
6b7
716
733
734
7b9
7ec
84d
8a8
89f
904
918
94e
994
95a
94b
894
7fd
8c0
996
a82
b0f
ab9
a28
96b
974
92c
8c8
7f6
7ce
8e0
9d9
9d7
98b
979
95d
965
8d3
867
854
881
925
874
843
810
793
808
84a
7da
7e6
872
8ca
967
94b
8b0
8f9
999
99b
941
918
9c4
98b
92f
941
8e6
8d3
88c
877
844
7e8
7df
7c9
7c0
7ae
6dd
6c4
6b0
712
6e5
61d
656
70a
743
6bf
5f0
53a
550
5ea
632
66a
6d0
6dd
6fb
6f2
6f2
6ee
71b
7f1
84f
76a
6f4
72f
7aa
7c9
7de
776
710
724
74a
79f
7d5
894
92e
96c
909
856
81c
820
8b7
947
924
827
7c1
75b
6e2
638
62e
6f3
6d2
678
665
633
653
68e
687
683
662
742
847
894
8a0
8c4
8d5
87a
7de
770
713
6f1
758
81b
807
81e
822
7e9
790
6e0
67b
663
673
62b
600
5dc
5dd
625
685
5f9
4c3
485
49f
4bf
4f3
56a
5e9
5dd
619
5f0
602
6c2
6ef
701
74c
74e
76d
790
76a
79c
851
8e4
90e
906
937
88e
82c
829
840
865
82a
868
899
8ca
9b6
a4f
a79
a23
89b
72d
5e4
566
593
5d3
68c
70b
7e8
874
86f
880
849
909
964
a03
a9e
9da
9bb
a8e
b78
b6e
afc
b50
ad7
a61
a33
9ec
94e
844
78d
7c5
719
7c5
869
8c3
998
99e
a34
976
8fa
9bb
a4e
a99
a0b
a22
a56
9ca
9d2
a14
96c
94b
918
946
9b9
947
9a5
9ea
9fc
9e5
969
958
947
8de
877
840
812
792
706
69e
643
64d
6cc
73e
776
7b6
7f7
840
878
8bd
85f
862
90e
a02
b29
b2d
acc
b16
af1
9fb
943
9ad
a73
9fa
a32
ada
b84
b42
bc6
c5b
bda
a39
974
9a5
9ed
988
975
8e2
7ec
887
8a5
927
92b
a2d
b80
bc7
b9e
ba8
bd6
be4
b34
ab2
a4a
9cc
9b4
9ca
8fe
756
657
627
572
462
462
59f
752
7d5
83c
891
91e
99e
95f
9a3
943
8ad
962
92f
8e3
813
892
8b8
814
724
67f
681
6af
70d
747
7a0
765
868
96f
96a
916
997
9c7
92f
841
79c
64d
560
555
62f
73f
815
8e7
a45
9b6
8e0
956
8d4
838
80d
8d6
91f
90e
9b9
9ec
921
7ee
762
6d9
629
5de
591
589
5ce
50e
536
678
6c6
6e9
650
67b
669
68c
74b
707
6d3
69b
6b8
6cc
667
5f7
652
663
5ea
5bc
4ab
44f
509
5f4
638
671
68f
6be
725
6b7
566
527
54a
5b9
622
6ea
7f8
829
882
875
7d1
676
689
663
639
626
5a4
644
672
6a3
737
7e6
7fe
705
65d
5a7
4be
4a9
50b
533
547
545
5e5
6c0
69d
6ec
7fd
8b0
849
803
873
78e
7c0
793
74c
73e
695
6d8
6fe
6c0
64d
679
703
75c
7d8
93d
9ea
94f
942
971
986
93e
926
9c1
929
892
8aa
7a7
6db
61e
627
683
630
603
611
617
63b
77c
8ed
a78
ad6
b9e
b80
b99
b52
a88
acd
a66
a61
ad2
b2b
aaf
a16
a14
9e6
992
94e
90c
926
910
7e6
732
7b4
7f4
7d9
7da
787
6c9
66d
676
60e
5dd
614
69b
6d4
7a7
888
8b6
8f7
870
863
858
883
847
83d
825
852
97f
a08
a25
90a
81a
88c
839
76d
6da
703
826
8c5
8ef
8c4
742
6e7
71d
5e2
50d
4d2
42a
472
4b7
453
41c
4b4
59a
650
75a
843
8d7
925
967
995
9e5
9a4
997
988
915
8f8
8d2
831
775
6ef
6ad
5cb
563
4ea
4ad
542
5b8
5de
692
6b3
730
7d2
7bc
762
746
722
793
742
672
5da
56b
52f
4c1
44d
3b3
3c5
43e
4e7
5a6
602
621
724
7df
87f
934
9c7
944
917
975
8cd
7ef
7cc
86b
83a
7e5
766
79d
76e
717
6f4
796
73f
6bf
71a
718
6ce
829
921
9a6
95f
93e
97e
95e
827
755
6fb
71a
703
70f
769
7e8
7ff
81b
8a8
86c
89b
8f2
87b
7bf
711
7b2
879
809
81b
843
83d
833
7e9
7b6
6ef
615
692
64d
5fc
622
6c7
783
782
7c8
7bf
78b
7a9
780
753
718
6a8
7a4
8a5
8d8
9a8
a2d
ace
aaa
a3d
a9e
a80
a3f
abc
b7e
bf2
bb0
b1b
ad9
9c7
8f4
956
89a
79a
72d
7a8
7fc
878
973
a81
c0a
d43
dc8
d9e
cd2
bc0
a9f
aae
a52
8e8
89e
8d0
931
95b
9a9
9c0
8f6
85d
88c
92a
8e5
968
a9b
bac
bf0
c9b
d39
d85
d1c
b71
a11
962
893
81c
7e1
7c1
772
771
7cf
788
6ae
6c3
6ba
6ea
782
85e
934
9f1
ac8
b6e
c45
c73
c30
bcc
ac3
9ab
8c5
80a
73d
66f
768
848
897
87a
857
7b1
741
6ff
717
77a
785
865
933
a3d
b34
b7b
c0c
b92
a92
952
851
7a0
795
7a8
7f9
83c
897
988
991
968
8fe
8ad
8b1
89b
839
82c
853
854
90f
943
933
8b3
85d
810
767
709
6e7
6fe
778
800
89d
906
8bf
8ca
885
857
7ff
789
7a9
7b5
80d
8a6
92d
984
9c0
9a6
965
8d6
83f
82a
843
83f
7ab
7be
7e9
78c
6e7
64b
583
47d
35f
2a6
262
242
2a6
32d
3cf
428
4eb
5d2
73e
883
95c
9d9
9c4
915
85a
7a5
690
680
6f7
7be
78a
697
638
5ae
5ac
5a8
5b9
5ab
581
5b6
666
69c
679
6fa
774
805
7fa
79b
706
70e
783
72d
6cb
5cc
56f
5b2
599
52c
437
3ee
447
486
50d
5f2
675
641
737
7fd
826
824
8a4
999
a02
97d
884
842
7ba
727
6f4
74a
736
6e0
6df
687
5a0
50a
576
62e
6a8
6aa
6ff
77d
7cf
7d7
7ce
80f
87b
964
998
8f9
79b
75e
832
897
8a0
8e1
968
90b
888
8c7
911
8c9
896
82a
7ba
7c6
882
986
9df
9dd
a2c
ab4
b05
a7b
99c
92a
8ea
855
7d2
827
864
8f4
92c
87f
74e
67f
60d
5e9
5cd
5af
69d
78e
85b
8a2
869
896
902
a07
a67
a3d
9cb
9b8
9a4
931
893
7e2
7cd
7d5
743
646
511
475
4d9
538
58e
5f1
67f
753
878
9a1
a55
a4a
a64
a4d
9b6
8e6
7bd
6f8
6df
6fd
707
75a
745
6bc
699
648
6c6
6ef
6fb
770
7f6
891
945
97d
938
924
884
7de
7ee
7fa
860
864
821
740
6c6
6c9
6ad
687
659
66b
5b1
50e
552
5c2
61c
643
6dc
7e9
8d0
92e
8fa
89f
7ef
76f
760
722
673
5a2
5cd
689
73c
721
676
557
4da
509
490
461
4b3
564
640
6ca
705
726
7ba
7b9
7eb
7b2
7b7
7ad
7ba
7d8
79c
76b
6fb
750
6e8
6c6
6f8
698
6be
660
6a4
70e
70b
758
7c7
822
88b
873
801
773
692
621
625
68e
70c
71e
79e
7e5
81d
833
7b6
73c
6a5
649
5f1
665
66e
678
73f
7f1
8c7
959
97c
944
84a
820
80b
82c
89d
916
96e
989
937
8be
915
8ff
8a7
7e4
6e7
653
561
51b
4fc
5b7
678
713
813
946
a6f
b24
b2a
af0
aef
b09
b36
afa
ada
ae5
a4d
97d
937
901
8ca
8bb
864
7d6
84c
8c4
8ed
938
a26
a74
ab8
b36
bb6
bf8
ba7
b4c
b5f
bb4
b34
9e8
87e
7e8
84c
8ab
866
7fc
7d1
820
7f7
833
894
8b6
96d
a6a
ade
b54
c1b
c51
c2f
bf8
b54
a70
a37
a7b
a3f
a32
a5f
a21
a31
a65
a9f
ab1
a82
a06
9e8
9d5
995
963
919
8c6
89e
90e
9c6
9a7
99c
986
9a5
9fb
9dc
999
927
971
a1b
ab0
b00
b9a
bb0
b10
a60
956
8c5
83a
7c4
7bf
7e9
878
934
9c2
9ec
9c1
92a
8c9
8e5
8f8
963
93a
8c5
905
963
9a7
921
88a
7d3
725
610
5bb
50f
4ed
55d
594
691
7e8
946
9b6
a02
a19
a4e
aa7
ab7
ab2
ab5
a4b
a5f
a91
aa4
a54
9a5
88a
708
5b9
531
532
4e6
521
585
657
79c
8a5
939
8d1
88e
8a4
852
807
7b2
73b
6e2
6b8
6b9
6c4
6ed
6ea
6c2
657
5d4
587
577
5ee
625
68b
717
78f
80c
83d
854
81c
7c0
753
6f5
6d1
69a
5ed
579
5db
6de
745
701
6cd
662
608
588
4c7
470
46d
4b7
563
5e5
694
70c
707
68d
60b
5fa
5fa
588
4e5
470
4f2
597
67d
751
7ec
8a6
868
785
721
709
724
712
6f9
6e6
77d
830
870
848
814
847
811
7fa
73f
69b
61e
61a
690
6d4
798
87a
92c
90e
84a
745
67e
5c5
535
488
47e
502
57c
671
736
7b5
823
848
8a2
8a6
820
76e
6d3
6d3
6f6
761
80d
890
8e6
867
7ef
7e3
7d6
7c3
7f0
81a
893
901
996
9fb
9ee
9f9
9b8
9dd
978
8ed
839
7a7
784
7cc
805
8b7
90a
8c8
80d
6ed
662
63e
668
67b
6d5
757
8d6
a31
a94
a6d
a2c
a49
a55
9e8
918
84a
7d9
7ff
8bc
93f
9b2
9f8
a66
a45
9ac
8fb
80b
760
721
74a
78e
7df
871
937
969
92b
8ac
84f
7b3
746
6f8
606
4ec
4a7
51e
62e
745
7c6
7af
75f
78f
77f
712
69e
68d
6f1
793
864
8f3
8fe
89b
863
81a
769
6e6
688
64e
62c
645
6f8
7ca
823
881
855
793
77b
77a
717
6e1
67c
64f
6a5
746
778
70a
68c
5e7
54d
502
4e4
483
4a0
513
584
643
6d3
7e5
96b
a05
9aa
912
821
730
64e
5aa
4fe
4d0
578
6b5
7c9
812
802
807
82d
82a
7ac
707
69a
667
69a
694
616
5c9
5f4
5d6
5a5
570
4f8
469
3e4
3d6
43c
52d
5fd
6a2
772
80f
871
902
953
972
972
963
908
8f1
90d
8f0
8f1
8c3
81c
74a
69e
5b5
49e
3dd
398
458
5f3
746
837
8d1
938
966
922
8cb
832
813
7e0
7f9
82d
845
81d
7c3
78e
72f
75c
7a7
817
7c7
759
758
7d6
8f4
9cf
a4b
a4e
a33
a79
a8c
9e2
944
8b6
888
894
88a
888
89b
8c7
8f7
8fb
8c9
883
880
883
857
81a
82f
8bb
a00
b2a
bca
bd8
b62
add
a1b
9a1
8fa
89a
914
9f7
a8d
b2d
b48
b5c
b71
b1a
af6
aca
ad6
a7b
a51
a85
b5e
c94
d5c
d93
d0b
c67
b59
a28
936
8c4
895
883
8df
980
a08
aa9
b2a
b41
b4f
b6a
b5e
b59
ab8
9e7
983
99a
a2c
aa7
a8b
a1a
972
89c
7d6
7ab
83f
8c7
912
8ee
8cd
816
7c2
7a0
7c9
819
7a9
76c
7cd
882
8b9
8e1
914
946
9d7
a43
9f9
939
8ba
832
7fc
7e8
80f
893
935
9d7
a5f
ac8
abd
a6f
99b
86b
7a4
734
6d4
641
5a0
5c3
6f3
885
a28
ad9
aa1
a00
984
92c
8fc
8f1
958
989
909
885
849
7fd
801
7cd
716
688
662
699
6d1
6c7
6f6
7a1
887
934
96d
973
9b1
95c
890
846
822
867
8a8
8c4
892
854
84c
7b9
6cf
630
579
52d
537
575
619
657
65e
67f
6ea
72d
747
6f2
688
5b7
4c1
4b6
512
554
5d5
67b
763
865
909
900
806
6d2
64a
654
61a
5d2
59e
603
6d4
7a2
808
7b8
722
5f0
50e
449
392
388
3fd
4f6
5f7
69a
70e
737
70a
70f
6a1
642
647
656
63d
63e
631
652
685
71b
7ab
7c0
7e6
7c9
754
76f
7fe
857
8b2
8b3
884
868
7fe
6d2
5a9
4da
44d
47f
519
5a2
62a
6a9
71c
7af
8b3
933
914
8ce
8b0
898
85d
83c
835
873
894
8ee
9b9
a47
9c6
8f6
833
709
66b
66e
65a
667
677
65a
6d0
794
840
8e9
94e
98d
97b
966
95a
94e
8e0
871
845
82a
7db
796
70b
69b
624
5fe
689
750
7f8
8a0
8d0
93b
9de
a04
a26
a0d
a04
9cb
996
9ac
9ba
9d0
957
8f1
89a
81d
761
661
5bf
521
4da
587
6bf
7e6
87d
8ac
90f
8fe
943
967
97a
97f
8fb
82f
770
6d8
627
62e
5e7
5ae
617
660
6ee
7ce
836
811
7fb
7ed
85d
883
872
875
8d2
973
9a7
91c
849
7b0
74a
699
605
5a8
531
4be
512
5c4
626
68f
72f
7ad
823
82e
815
866
886
7f3
794
728
6e7
6ac
668
67e
680
6ab
6fc
71f
6f4
6c1
6bb
631
5b7
56e
54e
513
55d
589
529
580
671
723
779
76d
774
77c
789
782
73b
6f1
67f
680
736
79f
7ad
775
7c2
790
6ff
707
6fb
6e2
61f
527
3c7
38e
3f2
3f5
3c3
464
566
689
770
8b4
966
9ec
ac2
b86
bdf
b70
a50
917
7c2
708
62e
5e2
5b9
603
67f
632
589
5d7
694
780
8cc
936
972
a1a
a6b
acf
aea
b25
bab
bf5
bea
b07
a3d
97c
801
688
5b4
51b
4df
51a
582
619
736
83e
92b
994
989
8d0
8b3
90a
90f
951
994
a45
b4f
c12
c11
b6a
a8c
a05
9e3
9bd
9c7
a3c
a8d
a72
9f3
922
92d
94c
977
92d
8e2
88b
823
7cd
6fd
789
805
8a7
95d
94d
948
921
8bb
88f
925
99e
a1e
a95
afc
ac3
a24
9a1
9dd
a6b
a15
98e
8fc
98b
a99
b71
bf0
c54
c7d
c6d
beb
a7e
92c
7d3
6e0
66d
683
6ea
76c
82a
801
7f8
845
913
a25
abd
a7a
9da
9aa
9a8
a12
a84
b25
bae
c70
c63
bd9
a95
94c
87a
84c
882
8d5
957
a74
aea
a5f
9de
9dc
9f2
a37
a75
a2c
9b1
9af
a22
a9b
a5d
a87
a53
a35
946
815
763
67d
67c
64e
69d
693
67d
666
690
60b
5b2
63a
6bf
76d
7d6
7c5
800
8cf
994
a04
a86
b25
ad4
ae3
a63
927
83b
753
6f1
679
67e
6a6
6ab
6c0
60b
582
546
580
60c
715
752
759
7e9
8d9
981
a08
ade
aaf
a22
94e
8d3
80a
701
6d1
6f6
740
7b3
7b9
83c
873
8bd
997
a0d
9cc
8be
7d8
793
731
710
674
627
66e
6d9
719
743
722
6f7
743
7a0
78c
774
79f
795
7eb
807
77d
693
67d
643
5e5
5ba
552
513
4d9
4fe
487
435
490
4ed
5e1
651
6a0
718
75f
7cb
7a6
70d
6d9
70d
77d
757
70a
708
72f
79a
729
69b
5e8
5db
66c
761
79c
840
8ac
921
9a4
8fe
8d3
8ed
8ae
8d0
80e
72a
743
7d1
801
7e7
774
6f1
768
757
78a
82c
885
876
868
842
872
81f
88b
928
8e5
87d
854
890
7a5
714
6b8
694
70c
84e
92a
8a1
8b2
8a8
949
9f4
a1f
9be
938
942
96b
936
8b5
8e2
91a
953
998
987
918
8a3
81a
762
6c6
592
4d6
56d
55e
54e
57e
622
6f8
7c4
825
81b
7f7
7a5
72f
63e
65c
712
769
7ee
898
8a1
81f
71e
670
682
69e
6b0
6fb
6ed
5fc
565
5e5
631
661
685
5d6
57e
578
4bb
46f
40d
410
43d
55c
64e
68c
67f
690
668
58b
529
4d0
51f
626
675
65d
72d
7bb
885
87e
7a4
6b7
612
5a3
4e9
4c6
543
5ce
662
7b8
863
850
7e9
78e
762
722
72d
72e
7d8
7e5
7ca
85a
83e
83a
8b2
85a
785
6b8
5a1
4a2
422
3f4
47a
616
7c3
955
a3e
a4b
a44
939
808
7bd
7e1
7f5
88f
8d6
8a7
91f
a27
9e5
9b2
926
80d
6ed
615
534
4e1
51e
614
6fc
80f
918
935
911
8f4
8cc
81d
7ee
7fb
7d2
7c6
812
78d
7a8
86b
8d2
87a
7fa
7c2
7c5
7d9
7ee
835
8a6
94f
a73
ae2
ac9
a09
8f7
76b
6bc
621
652
70f
7ae
858
890
8f9
949
9e6
a8d
a12
911
862
838
7ee
798
837
933
a11
a83
b54
b21
ae6
9ea
997
8bd
787
829
8ef
931
9f7
a7a
b3d
ae9
b0d
a82
939
8a8
803
7d9
78b
76c
83e
914
a4f
b54
b9b
b5b
b27
abb
9a3
938
99f
9ed
9db
98a
95e
81d
797
7a5
779
77d
76c
802
787
782
7f0
7b4
844
8dc
948
a15
a15
9bc
8fb
819
7d2
810
7cb
836
8f2
87e
8e9
902
8c5
85b
828
78a
6ee
72e
6fc
6c1
6d3
6c1
769
7e4
85d
89d
866
8e5
928
8ae
944
a19
aaf
afc
b8a
b90
b36
a34
9a0
990
856
822
6fa
72e
674
62d
5f8
5bc
7bb
93f
a95
b08
aa7
ad3
a67
9a6
985
99c
8bc
874
838
75b
6d4
7a3
834
816
928
9aa
941
9e1
a6b
97e
8c9
817
7b9
7e1
7f0
79f
7ee
806
7eb
827
7b6
78c
79b
79e
76a
6c7
6a3
77f
8bf
9c3
a40
a80
ae8
a63
a0d
96b
865
874
7df
79b
7c0
754
712
712
770
897
8c5
8f3
9cc
a57
a9a
a14
981
9ae
aa0
b42
a53
a0b
9a4
7b8
6ab
64f
591
56a
608
5e0
6cd
80c
929
8b7
928
7fb
8bf
6d1
5f9
649
559
5d1
5ed
7ae
8fd
9a6
8c0
983
884
8ad
839
743
67b
6b8
769
7d7
910
8b3
9f6
a3d
a3c
99f
99e
7c2
707
693
6c1
5ed
692
728
8a8
94a
86b
853
678
5c2
404
3d7
36d
495
5bf
6c9
864
911
a67
a8c
a1a
875
828
773
838
712
5d0
503
628
710
785
7e8
602
5aa
5ff
3e3
31d
220
2a8
41b
4a7
54b
70d
8b1
90d
7d4
7bd
567
5f2
4f4
62b
5b9
770
7b3
86e
93e
976
945
73b
5da
459
48c
335
3d5
345
533
714
8b4
91a
b3c
b75
8d5
827
787
6ba
5bd
631
63f
83f
75d
98a
b91
b33
a78
94f
71e
6bd
468
36c
403
42f
5fa
5fd
757
931
973
6cd
6d5
5fd
465
4e0
59c
61d
6b5
750
8c6
aab
c2a
be8
aa2
9c1
96c
896
837
75c
712
92c
8df
984
8b2
909
777
719
4dd
3dd
46a
410
4dc
678
80b
9ec
ba6
cb0
d87
d8d
bda
9f8
891
7fa
6d0
661
6cc
76b
6a6
7fc
79d
791
6fb
64f
5c9
68b
529
53c
822
8d4
a05
a66
abc
bca
b58
85f
862
6b7
60d
5f8
5c1
674
699
81d
881
95d
a63
991
901
7b8
792
73e
6ce
804
6bf
857
965
9d4
ad1
ac7
946
833
64b
631
592
496
4c6
48f
4d7
579
6c7
79a
899
77d
86b
a2c
9fc
8aa
961
9a8
951
a3a
a7e
a98
bb3
c36
923
8dd
7f0
793
736
55f
5b5
653
6d8
70a
6e3
7ea
8ce
82d
707
80e
837
842
778
931
9ce
a2a
9cc
9be
901
815
75b
6fd
668
57c
6a8
663
67b
769
74b
846
9fa
a12
9d4
83e
890
967
921
93b
79d
803
864
a75
9b8
7d5
9e3
a9c
6ed
5bb
849
9f6
82a
545
626
753
61f
5db
74b
582
66d
5b5
559
6f5
576
4af
794
7bb
862
8d5
af3
b08
b57
aa2
b49
be8
8f0
aa1
849
88c
6ee
546
8e6
982
75b
8d9
a31
9af
82c
8af
948
7f7
8fb
904
893
85d
97b
aa8
9b5
8a5
86c
b2c
b85
839
745
91e
817
859
626
7ed
9e0
8ca
8a3
75a
998
a4c
977
6e3
87c
9c8
853
7dc
7bc
886
aea
89a
81d
903
91c
94c
636
74b
6ce
8b1
8dd
9d3
86c
7ec
7f5
7e0
878
7c3
65c
798
74e
722
73a
74a
846
895
865
7d7
837
793
655
53e
3a9
33a
4e3
4a3
6d2
6d6
76e
8ae
94d
947
833
802
6df
6f0
85c
7fa
909
a95
9c3
a51
a2a
9f9
818
811
6b9
612
4a2
684
65f
71d
77f
80c
8ba
86b
a1a
9ba
94f
727
92a
a59
796
634
6e2
8bf
9bf
875
717
8d0
859
658
39f
4d2
53e
647
528
6b5
79f
936
74b
81b
803
a10
93a
766
934
a4a
afc
aa8
a93
8e9
9e1
bd3
91c
7ac
86d
869
750
6a5
626
70f
850
885
5e6
42c
64c
644
507
34a
45e
356
417
56a
600
6fc
6d2
856
7ba
5e5
6a1
623
5a9
3d3
417
4f6
4c0
652
73e
821
939
859
7a5
957
7f4
5ea
678
78b
659
5db
673
6e3
623
5a9
581
562
43c
68a
462
415
518
4f4
5fb
622
6ed
8b6
989
95b
8ed
a3d
99a
954
9ca
ba4
a48
846
a51
b37
b41
c96
aa3
9cb
ae8
a1e
818
904
a2b
b67
c17
a8e
a31
bcb
bb3
9e0
7de
95e
81d
8e7
9d0
8e9
96a
b0f
903
9e7
be1
a31
9f7
9d4
a3b
8cd
7fb
809
886
831
929
b13
b2e
b2a
b57
aca
a53
8dd
98f
9d1
ad3
9c9
8c1
8ff
c05
b87
9ce
91a
9dd
987
648
738
5c4
70b
6e3
611
7d4
902
a0b
a6a
7e6
7c3
9b8
9dd
8d2
976
6d0
7ee
821
680
634
752
820
717
7c8
642
60a
5c6
529
5d2
6b0
91a
745
517
861
7f5
729
79d
7bf
5e5
694
736
778
695
5ea
5c1
662
776
6ed
7ee
844
6cb
6ef
721
80b
84e
826
80f
7ff
758
6cc
61f
723
573
635
524
544
438
4a1
3e3
4e7
4d0
4cd
6e1
6ca
777
6b3
592
489
4f0
457
574
5d7
5af
697
6b7
666
819
942
82c
86a
8b6
770
7d9
9df
9a4
7da
990
ab3
ae4
aaf
9a4
9a2
7c8
5d0
55c
5c2
617
4c9
567
674
7a8
804
778
866
7d0
689
688
5b1
629
70d
727
9b1
a7f
a2a
c09
ac9
9d0
84c
972
9c6
824
9a1
ad9
bac
b2b
9c0
97e
af2
b67
9f1
9d0
918
8bd
815
876
8b0
90f
a8e
a4c
9df
93d
8b2
8d1
7de
5ce
520
6ad
856
8c3
838
893
890
81b
709
784
815
824
76c
758
948
a94
c03
c77
bbb
b30
ba4
ad7
a8e
812
89b
972
881
83e
7c5
8e4
90c
83e
8bc
892
9ed
94b
883
831
922
8c3
78f
7f3
99a
b53
ab7
957
a68
a07
7ea
816
7aa
7d9
85d
937
99d
9a1
ab8
b65
b77
a1d
9e0
985
a59
94f
7f7
6bb
7ad
83e
771
849
7f6
6ff
7e0
762
6d8
820
7ef
74a
9e5
9e2
9fb
ae2
99b
89c
939
9ec
82c
7f4
870
8ec
88f
828
8c3
9f4
979
a6e
9b5
849
7ba
72e
5a1
423
621
670
6fa
753
7d8
8d0
879
6d6
713
63a
64d
6b3
719
7b0
75f
80e
85f
9f8
9ff
995
9f4
9d6
94e
865
8f7
8f0
874
94d
958
908
9c3
9a5
7f2
7f8
7c0
55e
515
3a7
2c5
2ea
391
504
495
558
5ee
657
631
545
52d
422
374
453
538
635
580
52e
543
561
504
43f
3ad
487
49b
3d5
3c7
58b
60e
66b
7ff
71d
6a4
6d3
62a
4db
296
2c1
2e7
3ee
43f
498
50c
53f
4bd
29d
2c5
2f9
37b
3fe
4fa
4a8
51f
6db
860
910
8fe
940
867
773
6df
6bd
650
68a
792
7b2
8cc
9be
9e6
a49
940
7f8
785
785
7a8
721
692
70a
829
8fe
8c1
884
854
7ec
824
814
8b2
80b
893
861
86f
9a4
8f6
911
964
94a
942
89d
9c7
acc
bf7
b1d
b25
ce5
d6e
d9b
c64
c3c
b16
b73
b53
8e0
8b7
917
94a
a5f
a2c
9c1
98c
9ff
930
7ff
8c5
90f
95c
a70
a16
aa6
ac2
ac4
b0e
aac
aea
a74
919
912
876
8b8
8dc
8f1
920
941
8b1
838
8cd
76f
70c
68e
64e
6d5
7c0
7f1
83e
7c0
883
8b7
8e1
8b2
747
70e
72f
649
578
56b
5da
687
665
607
5f2
697
6fc
76a
7d3
8a6
90d
8ae
841
758
6c4
6f6
708
6f5
5ec
67c
6da
676
666
6e0
6fa
66b
605
697
677
65b
5f4
59c
5bf
655
627
6ca
6ed
7a3
7b5
6e2
72e
7f0
725
778
78a
780
6f6
76b
6e3
669
7af
7ff
85c
8df
8e5
938
972
8de
838
750
6cd
661
68b
658
587
5a2
599
52f
63d
634
67f
5ea
57a
579
56d
52c
5e3
5f8
6e9
7d0
72f
806
874
940
9cc
895
8d1
8ea
83c
7fa
877
994
98d
8f7
831
963
8ad
7f6
7be
86e
8ff
909
8c9
8b7
91e
8e6
8d9
846
790
6df
803
7ba
7e9
7b9
847
964
91b
96a
906
97e
9f6
9c6
9dc
933
9c1
9ff
a39
abd
b21
aeb
af4
981
971
8cf
7be
7d8
8ac
982
9d3
971
aae
ae0
b1d
a14
9dc
a5d
a2a
8f5
8fe
9b8
a2a
aa6
a7b
b04
ac6
a4c
950
8ea
89f
858
7fb
8b4
86b
91b
921
9d5
a17
aaa
a33
93f
9dc
9d6
9e3
9c7
a0f
a75
a3f
a38
a04
9de
8fd
8a5
85b
73e
7aa
8a6
9a0
a9c
b39
be0
bc5
c53
c67
b65
ac6
9f8
958
9a8
8d3
95a
971
9d2
af8
a48
a89
98a
971
7dd
7c0
72a
76f
800
988
a33
993
942
8f6
84c
7c5
764
75e
7c9
7be
7f2
830
8d2
877
805
80b
803
7dd
8ba
924
8ee
821
8c5
99e
a1d
a78
a2f
aeb
b19
a3f
9b8
89e
7ba
70c
717
7ed
7fb
780
7d5
7dd
7d2
7bd
707
707
6c2
5f7
692
752
7c8
95b
a1a
9d7
93a
88b
7ec
77b
72e
726
706
729
771
677
647
5f9
677
5db
5d2
62f
5f3
646
68e
613
677
6ae
6cc
738
703
76c
716
679
4fd
2dd
1ad
137
1a3
0d4
11f
1ff
224
2b0
394
426
49f
520
58f
556
56f
55f
622
625
62b
735
777
80a
7fc
792
72d
6cc
698
6d1
6eb
687
5ea
644
758
7b5
78f
71f
76c
75d
6ff
6c2
5ef
633
690
770
8b0
8d5
8d6
9f3
a3c
89d
798
709
72e
7af
775
74b
84b
980
a36
a20
a3e
a00
96c
875
7e2
75c
86c
8fb
8f3
92c
a11
aa1
a3e
9c3
8ec
7c7
6fa
6c5
6df
6e4
71c
729
84d
989
9fc
a7c
a32
a0d
9e2
91f
91e
8c9
890
89c
935
a29
a6e
a1a
93e
887
72c
6bd
689
6dc
723
665
6dc
800
882
8cb
8fe
856
781
6a9
616
577
588
635
71e
754
7ed
869
8d3
989
932
85e
7a4
782
73f
6c4
695
6e9
6e8
6df
66f
5e5
591
59e
4b1
345
343
404
540
66a
69c
716
812
826
7e3
6b2
587
461
3ab
3c7
437
400
437
435
53c
648
598
4ef
4b4
461
473
476
5cc
62b
681
7d7
82c
843
7a7
7ca
7d7
76c
6cb
66f
6cf
695
5c2
57e
5cc
5be
62d
662
60d
675
5ba
5ac
526
54b
582
638
6f1
761
7fd
83d
784
677
635
5c4
5fd
6c9
715
73d
7bf
881
8ee
88b
7c3
6aa
68f
652
5eb
5d0
633
715
84e
885
832
8bb
88f
7f5
79e
748
6bb
69d
62c
58a
5b3
5c6
601
66e
6bf
74c
770
73e
794
7d0
7db
884
904
9d8
a01
9dc
a6c
a3e
942
88c
7d9
7a1
851
8de
994
a4d
ac9
a8c
aa7
b15
a2d
a6f
a79
a04
a16
991
96c
a56
a3b
995
94a
9b4
a0c
a2f
9cc
988
8e0
988
9d8
914
906
9a0
a1f
a9e
aa9
a04
9fd
a01
99d
99b
a14
990
a2d
b3d
b9c
c70
ca1
c31
b76
a2d
881
850
872
7e2
7f0
837
932
a3e
a83
a7a
a27
9cd
a0a
a24
a54
9cc
a15
a14
a61
abf
a28
a5a
9e4
9e4
906
82f
853
87d
876
898
83d
8fe
a19
ac9
a94
ad3
afe
ada
b0e
a83
a32
a1f
a47
aaa
aec
a54
9cd
a22
9eb
8df
836
6e7
6cd
7d0
8a9
8ff
97a
b13
c2a
c86
c9b
b8b
a65
8e5
8bf
89c
809
835
80d
8c9
8f4
93a
9cc
9c3
90a
8f4
802
78a
852
90d
909
9db
b05
b2c
b26
aa4
9f2
9c5
9a5
921
88e
8fd
99d
a19
9d8
9d3
9b6
929
913
7ef
684
5f3
5a9
67c
70f
791
84c
8c6
8ee
8fd
7b4
66d
58f
4d7
42c
3ce
497
507
5fb
701
66f
657
6eb
6e2
6f7
5f4
4dd
4d2
525
56b
5a2
59d
63b
72f
725
6ce
6f0
67a
636
60b
595
63e
7a1
840
91e
9a6
9ef
9c3
8e2
7c3
6df
615
579
5a7
579
5f6
71a
7ce
8c4
8dc
83e
7a2
767
6d3
6b4
731
7ab
88c
936
988
98f
95d
927
965
8f5
869
852
85b
932
9c6
a25
a6a
b81
c15
b91
ac5
a26
9e7
965
8e5
92f
954
985
ab0
b1f
ab6
a9d
a7e
9be
995
89e
7e2
7e3
809
885
90b
a89
b31
b7e
bcb
b25
a3d
905
7c0
6ad
6ac
6a4
737
805
819
8cc
8ef
872
8ac
8dd
840
7c2
7a6
853
86e
813
7c6
7ab
7f3
86e
8d7
8e8
87c
7ee
782
766
793
804
7cd
7f6
836
78f
7a2
752
64d
52b
4fe
561
580
64c
70c
6f5
786
87f
8ac
842
7dc
705
700
685
5cf
632
651
6ac
698
656
5b5
56e
56b
53a
592
5e3
62f
6ec
7fd
76b
748
74a
7c4
820
85a
810
781
764
671
54b
501
47c
46c
4a3
505
56f
52e
4dd
472
434
44d
414
3f8
437
4a3
4c2
5a0
5d1
5dd
5e3
580
559
4d4
447
488
477
415
43f
467
468
4db
51a
58e
5e5
5ff
67c
715
79a
819
7f5
7a2
776
790
7d4
7bd
720
6d1
6cd
6b3
67c
5c7
55f
576
58a
56b
58e
588
582
550
559
539
55c
61c
6cf
802
8e3
93f
a10
b4b
b86
ae8
a1c
8b8
74e
67d
623
5fd
640
672
69c
75b
7b8
7c6
800
877
896
874
89d
910
940
920
8d1
83e
8c9
892
8d0
889
7a4
70f
651
61f
66f
6e7
778
8ed
939
95b
97e
9c9
99c
8eb
89e
8bc
949
9ff
a5c
a57
af7
b41
af4
a28
98d
94d
8ce
879
8de
99e
9bc
9c0
9dd
90c
91a
8e6
812
839
811
7f2
8ae
8f3
937
8e9
8ae
89a
8da
9f1
a26
a55
a36
9a2
912
8f6
924
96f
a37
b70
bc9
bb7
bb8
a6f
953
8bb
87f
815
872
957
994
a1a
af3
ae8
a5b
9a5
930
8b2
870
7f8
779
776
8b0
8c6
861
92d
8c6
84f
8fe
92c
900
8e9
8fc
8f2
96d
945
8b1
97d
964
943
915
915
914
940
911
942
9e2
9ce
a72
a76
a80
a47
933
846
73c
686
660
64a
6f7
7c8
88d
907
8e2
97f
954
911
8e3
88a
87f
850
83c
8dc
8bd
8e3
91e
8fe
8ad
813
732
701
705
68c
663
62f
5ff
61a
65f
6de
7a8
807
870
861
7e8
77c
6dd
63d
5ff
5cf
672
762
78a
753
72a
6cd
5e1
52d
46e
49a
4df
5ea
722
769
7b7
7c3
7af
782
786
742
6a2
6b5
728
6fb
6fd
777
6b7
62e
61a
563
568
5ca
5f2
65a
6c1
78d
819
8cb
95d
923
8f8
935
8ac
7a6
70a
704
6d9
691
730
730
80a
8ee
923
986
961
904
8fb
89c
7bc
722
760
8b5
94f
986
a21
9ef
97b
921
8eb
83f
709
6bc
68c
60b
627
66b
6cb
7b4
7d1
801
86a
8f0
a10
a96
9e2
9e1
9d5
9da
a16
a54
adc
b74
bd3
b4b
afb
a8e
9d0
987
957
991
9c2
9da
a5c
a96
9fb
95c
8fe
8bb
7ef
77b
84a
8a6
965
a25
a2f
a48
a10
8b9
82f
768
643
54f
502
513
57b
5b9
6ea
770
7c0
861
870
87a
8c9
954
992
91f
891
89d
8c2
8de
89c
8d1
8dc
89c
784
637
5bc
514
47c
4e0
525
64b
795
8f6
9eb
961
879
80f
798
71d
621
633
625
5c5
5bf
69c
6d4
6b5
6c1
5fd
5c7
57b
548
58a
566
621
718
758
7d8
7d8
6d8
6ac
6d0
6dd
6ab
655
62e
5fd
63b
69c
6c2
634
681
68c
656
62e
596
4f5
4fb
591
61f
663
6b4
741
7ab
767
691
5cd
585
4e2
41d
3e2
3e0
471
4a8
507
568
5ea
63f
6c7
6c2
622
5b2
570
5b3
622
635
74d
833
837
7aa
78d
79f
7f9
84f
82c
7a3
73b
708
79c
7e3
884
906
972
96a
983
955
934
8f4
8b7
8a7
908
978
9f0
a98
a36
8db
7f5
762
6a5
5e2
59a
602
72d
812
87b
88e
8bc
882
845
908
8ff
8fd
939
96f
9a9
a69
aec
a82
a6d
9c7
94c
902
882
7f8
7ff
864
88a
8e8
92f
9d3
a24
a0c
a64
a07
964
90d
88f
88e
83a
826
8d0
933
98a
9fc
9f9
99d
904
894
89f
7f9
79d
798
7cf
8c8
9b7
a77
b0e
b2f
b66
b52
b3d
b8f
b42
b2d
b6e
b22
aba
a8f
acd
ac3
9e1
98b
9bb
a50
a6f
a2b
a3c
a6a
a90
a94
a23
9d9
9ac
8f1
924
8f7
8f7
9a2
93f
8fc
8a9
8e3
98f
999
993
9c0
a05
a0b
9ec
9af
953
934
976
949
90c
968
99b
93e
8bf
8b8
90d
8b1
821
822
805
879
81d
7ce
7df
7dd
841
83b
83f
8dd
969
917
8b5
818
784
776
777
7e0
7bb
874
9a0
9a3
914
8dd
8d6
854
7fd
830
7f4
7f3
845
8e7
900
968
9b2
903
82b
743
69b
663
64a
608
5cb
5ec
636
61b
638
699
75a
78b
7bf
81a
7dd
7ab
782
735
760
76b
7d8
84a
867
850
834
84b
83e
7e3
788
790
6ea
5f2
69f
6e6
69b
5d5
577
524
515
5c5
646
6ae
73a
822
883
892
91e
94e
90f
82a
7b6
73f
6e1
6f0
714
791
78f
7d3
800
7d9
77e
791
719
68f
6db
65e
644
6b6
6a7
749
8b3
8fc
947
9a2
91c
8af
82a
7d7
788
7eb
822
7a3
73f
753
757
771
7b3
6e0
676
6ba
6ca
6db
771
7d2
7f2
884
86e
829
81c
84e
854
8b8
8e9
8f2
90c
8f7
85e
81b
7e5
730
746
73a
6d5
6ee
6fc
6ff
78b
7ed
7d1
83c
850
7d0
7dd
7fb
812
7d0
7be
7b6
827
7db
7c7
847
8c1
8c3
8bf
840
7e3
7fa
829
829
7e6
7f7
7f9
802
833
8aa
8fb
a38
aaa
a4b
a0a
92e
82e
882
808
790
723
6d1
615
5f4
65e
68e
6ec
705
648
62c
630
61a
58a
54a
5b5
5e0
5bb
5aa
613
655
704
7d9
857
8a4
893
801
7bc
770
701
60b
584
4bc
499
47b
504
581
5c3
671
703
716
7c0
7aa
790
733
6c9
706
6be
6f0
74f
770
77f
79b
7bc
7cd
7f6
72e
6fb
7ef
6fd
645
615
5ea
5f1
61a
6bd
742
758
7a2
876
83b
848
7ef
7cb
7c1
775
6f8
6b6
651
6ee
6a8
644
6da
70b
764
75e
743
736
756
790
727
6ee
6e6
702
6e5
76f
73e
6a9
6e6
780
7bf
7c3
74f
77b
77a
71b
6d2
61e
57a
569
589
56a
613
6bb
77f
835
82d
7d3
739
6ba
698
624
5f5
5d1
681
701
79c
709
723
834
84b
899
9b5
9c1
9ba
95c
8dc
8c6
8e0
929
8e3
956
9a6
a1f
a29
a8a
9f7
938
8af
7ca
721
6e0
703
71b
6e9
6c1
6dd
74d
87f
96d
9bc
9d7
a05
a5e
a46
9f2
93d
8ae
87a
7f0
7b2
81e
89a
858
912
a6c
b12
ad3
aac
a0d
998
967
927
917
956
967
967
9b5
a66
ad0
abd
ac1
aa5
9fd
99d
97c
98d
93e
8f1
8a4
92d
972
a13
a41
a08
af4
b02
a7b
a51
ae8
a66
9f0
958
89a
899
7d9
7f9
816
82e
8af
8ca
8c4
9ed
9f2
a9d
b14
b1a
abd
a20
9dd
965
93d
97c
989
a4d
aad
a89
a8f
a56
a47
9da
8a6
7a7
7e7
811
80d
8c6
8ca
94f
a20
a82
9f6
9bb
9c6
8c3
8ac
86f
835
801
704
757
789
864
922
92c
9a0
952
826
7d8
82f
780
6d3
676
711
733
7ca
7d0
7ad
783
7cb
885
932
996
98d
9d5
99f
99a
916
8a0
873
782
6f8
6ff
6b2
751
824
910
894
886
8a8
877
87d
7be
73a
6f0
69f
608
621
6af
729
777
75f
78f
7b5
813
803
702
6b3
639
60b
622
625
685
717
805
8ef
a3d
a8e
a25
98a
8d3
86b
860
85a
7f4
751
70e
6f5
701
7a4
852
7c6
7d1
764
71f
85a
8d1
857
830
862
82a
852
82c
7b5
7b8
7cb
7d6
813
8bb
8fe
952
970
963
8fe
8a3
87b
6fe
6e8
681
636
5fb
689
6b9
6e8
7e2
82a
82c
80e
80f
7ce
6f3
6fa
747
7ca
8d7
940
9d4
8ea
849
890
888
7e2
684
575
4bb
4e2
596
64e
5ab
62f
723
82a
83c
832
853
7db
7cc
7b4
80d
84c
8d2
8cf
961
92b
8ea
877
7f4
71a
60e
568
439
43d
499
539
525
5df
74c
7c6
81d
7a1
71a
71d
78a
7fc
951
9d0
a31
a28
993
905
7d1
7ef
74f
605
622
5eb
631
70f
797
784
848
85e
7f4
703
5fb
559
502
555
5d6
6d1
7d3
823
859
8b6
89f
809
742
630
468
378
334
27b
350
459
56c
6b2
7a3
7f1
87c
843
784
78c
78c
77d
821
890
955
99a
9c3
9b6
8ac
7e4
7ae
6f0
67f
5f0
5f6
60e
69d
6df
746
7d6
7ea
820
809
80b
7b6
781
849
901
998
9cc
9a1
96b
88e
847
7d1
787
6c7
5ec
4da
4ac
47e
617
6ee
7ac
8a0
992
9f6
97e
8d0
876
7d9
7e4
839
8b3
984
9b5
99d
97c
906
7d5
7a3
67e
60a
50a
4dd
4d2
555
69c
793
806
7eb
817
7fa
779
701
6d0
681
71a
7ae
839
8b3
980
a1a
9e0
9cc
98e
8d0
873
742
5dc
4d2
4c4
56c
5d8
674
6d0
6b0
70f
6d2
6c5
695
6bd
770
874
9c4
a32
aac
b3a
af8
b5b
aeb
b8e
b10
a62
ad3
a4a
977
921
99e
933
98c
94b
871
7c7
7da
73a
6e6
710
799
7e9
88c
967
987
a4a
a6e
a28
96c
87e
86f
74a
6f3
68d
71a
8b2
953
a68
9d7
924
9be
98d
832
782
6bc
6ce
785
890
91f
9f6
ad9
ac1
a78
b33
afe
a7d
a22
98e
8d7
867
87f
8e9
957
917
8c3
77f
794
73f
71b
670
64a
76a
7db
888
923
93a
a23
acf
ada
9e0
972
86a
7bb
725
76d
7b2
88a
9bf
9cd
985
924
915
94e
8ed
880
8c7
931
9b3
a3a
aef
aab
a95
a97
a3d
a21
943
88b
78d
6ab
6ec
765
790
7a9
81e
862
74d
6fd
74f
753
748
77b
75e
7c5
86f
9af
a2e
aae
b2c
ac8
ab1
9a2
8b1
757
6b2
608
591
647
6d9
740
712
741
71a
723
71d
76a
72a
756
8a6
8f3
964
9ca
a21
a4a
a5f
adb
ada
a6e
9e9
8e3
81c
70b
6dc
756
6d8
6d8
712
6bc
63b
656
693
6df
655
6a0
6c4
6ea
833
8d0
8f1
8c8
868
818
879
789
77e
784
7be
815
852
891
8aa
8c1
8f8
864
827
897
8bb
8cb
88b
82a
818
7fe
893
88f
8ec
a25
9d5
9cf
992
951
89f
7d6
846
855
8b0
8c1
89e
8b9
94f
897
80a
85d
7e2
719
6fa
6c2
6b9
715
78b
7be
795
7e4
862
85f
856
84f
7f2
814
807
81b
8b6
8f7
8e3
89e
8b0
908
8b4
8d4
83a
740
594
4cf
503
5b7
5c6
5fe
6af
703
7b4
788
73b
677
570
57c
619
5c2
594
678
6e0
6a5
692
625
6cc
7fe
7e2
6f6
691
685
6f2
7a9
85d
7f9
7d2
8c4
947
924
933
87a
744
678
677
614
57c
608
6d9
7e0
7c1
80c
901
883
7b1
6e2
62d
62c
763
7dc
87d
8c1
8f1
961
9cb
9e8
96f
927
8e7
8da
839
848
7b4
775
7ee
682
5fb
64c
676
715
6a2
5b1
551
5a1
5ba
59e
65e
6dd
75b
7ef
839
820
851
838
785
6a0
5aa
5ac
5b1
605
6f2
6fd
6a5
6e7
734
725
6c9
6af
613
5ee
680
6e2
732
7a8
833
99a
a00
9d8
9b8
944
856
702
5c0
527
53e
583
684
6d5
759
8af
925
93a
8cf
885
74e
704
649
6a9
80a
83b
840
92a
99e
96c
9db
9fc
86d
741
73d
666
5eb
6d0
7f4
74d
6e0
781
79b
7a7
775
723
6ee
671
698
6c3
712
85d
92c
9a5
9e0
9c4
96b
8d4
7f5
623
69a
714
6c9
87d
96d
981
8f2
948
972
889
756
708
614
5f7
6a9
69a
631
736
798
6d2
7d4
794
5f9
5d8
720
7b4
7bd
91f
a45
97d
9bf
a23
a86
91b
8a8
868
65d
55b
611
6b3
608
6c3
8a6
908
967
aff
af5
972
8d8
7ba
70a
6c6
716
7bb
823
855
8f3
81f
830
89b
843
7b7
769
7c0
724
677
661
652
6cb
73f
91c
997
8e5
9c6
a44
9ea
91a
944
979
878
86b
946
8aa
811
89c
9af
8fc
892
8c6
8c8
829
8d1
8fc
8fe
810
81e
89f
836
89b
7f4
87d
815
7d4
867
886
889
8f4
81d
873
9a4
976
9c3
991
97c
75c
646
722
606
72a
7cd
903
b01
af7
b2e
b27
9f1
8d8
7ae
7db
6b3
5c3
782
761
733
84b
93b
984
87a
830
7dd
5e5
650
5ec
604
684
6bf
7db
80c
92c
956
97a
88e
848
81e
7f6
80b
7f2
823
87c
935
93d
a10
a63
a6f
9d1
855
7ea
740
58d
505
5b0
661
695
7af
941
996
960
9ee
a12
881
835
94e
915
8d8
8f9
9c2
9a0
99a
a3f
994
773
727
707
718
6a8
7af
8b8
7ac
813
8f5
954
a41
9f9
9c6
989
8d5
8c3
8a8
982
9b8
8fe
9bc
a08
a03
906
743
728
578
4a7
60e
5e0
5b8
649
76a
88a
87d
8e0
99b
89c
846
7c6
873
7ac
6b9
856
830
822
8ee
a84
b9b
b2f
a16
99d
78d
76e
5ac
4a3
4c5
48f
587
67f
84e
8e9
888
95c
92f
7de
7e4
85f
84d
8a1
9a5
9f7
942
a59
a4e
947
895
86e
7bb
732
741
731
6ce
774
8e0
8a7
903
98e
8ab
838
7d8
7a4
640
669
7a8
807
85e
8f0
885
8e1
903
7de
71a
675
5ce
510
5ce
6c0
65a
725
9b7
9ce
98b
9ba
99f
8df
841
860
7c2
7db
94b
940
928
9d9
a03
97c
8ad
7a6
688
58e
621
5ba
5b1
6b1
7b6
7fc
8d2
8e3
8bf
822
762
6ad
5c7
634
6c1
73b
7d0
83c
8c9
965
947
8f4
8cc
806
705
667
6af
5fb
5e5
6c0
761
7c6
7f5
7f5
733
737
708
79b
75a
712
81c
8a4
822
7f5
856
8a3
7d9
80d
6e0
4d4
538
605
4fe
56d
5ec
60b
6a2
780
7d0
789
7fa
768
76c
77a
6f0
7e1
8b2
880
8d6
8d3
8d8
8ec
8a3
7f7
6c1
679
603
671
6ea
727
7d7
941
94a
94f
970
930
94a
952
951
896
7d6
82d
7f6
8b4
88c
78e
92f
98e
920
85b
7fb
7bb
6c8
73c
68d
58b
6a9
69c
6d1
7d7
72d
70b
709
76b
71f
6c7
867
8b1
867
92e
92d
999
964
918
867
6a6
588
54c
4df
479
4b9
505
568
5e4
64a
6c0
73c
757
6f6
73c
70b
6b9
764
859
825
865
97c
971
941
95a
80d
702
767
7a7
6ae
738
713
6c6
7d4
7ea
7f9
7fc
782
780
73f
746
77d
810
897
86a
8cf
86d
8fa
a05
a08
9a9
95b
974
9be
9d9
991
8f1
8cd
939
8cb
8eb
8ad
79f
73a
6ae
667
666
5df
693
7bb
7f1
760
7cc
8bb
8a2
8ac
7fe
713
723
7b2
791
7ab
81c
809
89e
7f9
7e9
79b
782
7f0
83c
8ce
8d9
8d9
90e
8d0
7f8
834
879
84f
80a
803
802
7c6
7d0
765
700
6a3
6ab
72a
7b9
7f3
82c
824
788
7aa
875
892
8cd
91c
96e
8bf
882
935
94e
a14
a00
8fd
8f5
8d9
836
719
678
613
548
58d
5d6
5e1
5f9
65b
77c
7f9
805
7ec
87f
91d
8c1
7d2
7ba
830
827
90c
8e1
8d6
8de
8da
90f
8d7
8f7
8cb
954
91e
893
8dc
81a
787
824
90f
8f1
8cc
921
9ba
920
871
8d3
8af
9ab
a0f
95e
863
7b4
74b
682
664
640
624
69e
779
7b2
7b4
878
8e1
943
8ee
8e1
8ed
8de
8b9
8da
8d3
930
9d4
9ad
97e
93f
88a
80b
7dc
7e5
7cf
815
7b6
7b7
797
744
6ec
656
6cf
7dc
845
7f7
843
828
81a
814
7b8
81c
860
8d3
901
973
947
926
940
8e3
884
7f3
809
7ee
712
728
724
6e1
6c9
65c
6a6
762
7b4
7b3
762
844
871
903
9e5
981
957
92f
8d3
8b5
904
903
8f8
90c
88e
7fa
839
835
7ff
8c0
87c
864
8f6
911
97a
8fd
915
969
940
945
8d8
87a
7ab
793
745
703
6fc
67f
6ca
78d
7e6
84a
89c
8f2
8db
87f
8e4
8bd
7f5
73d
67f
665
6b6
75b
7f1
7de
832
850
82e
8a2
8bf
860
80b
75a
734
6ff
6ec
70d
6e2
753
7d0
822
833
823
84c
862
88d
8c8
90a
940
934
923
8b7
842
843
759
696
620
569
5ea
685
6a5
706
734
77e
750
752
757
782
821
846
885
925
9d7
a98
aea
ae2
ad2
a62
96f
867
7b8
743
6d5
70e
6f8
739
7d5
83d
8ba
8d3
8ca
8a7
86f
7a2
76d
790
7b8
7d4
7f8
8ac
88d
898
826
7ac
75d
6f2
6b3
70e
71d
737
7de
865
8c3
8ab
7ea
766
715
6b5
71a
781
7ad
7e3
83e
97b
98d
937
97e
9e0
9d4
9a1
91d
81d
7fb
83d
843
891
86e
801
806
7d8
706
66e
6f1
7e8
853
89e
8a2
888
895
859
7f9
727
6fe
730
697
654
623
5fc
657
6c0
739
785
804
88a
8e4
87b
79b
698
670
646
600
63a
67f
735
86e
8e5
897
89b
849
7f0
778
6b1
688
6c4
754
80d
84f
8d0
8fd
89b
821
7e6
7a7
819
966
9b6
8fa
8ce
924
935
8f0
856
77d
78c
765
6bd
6b3
6aa
717
734
79a
828
7f4
803
86c
810
78c
79d
82f
8db
915
8f8
94e
9ed
a00
a22
9cc
8fb
8bf
836
7c7
73b
67b
65c
665
667
6a2
65e
6e1
753
7b1
7f4
746
728
71d
729
740
740
79c
82b
8e5
8fa
940
939
8e9
817
714
67e
63c
66c
6da
6fc
6d1
6c6
6c7
6d9
6cb
65d
639
731
76f
798
863
92a
a36
aa2
ab0
a97
a2c
9b0
896
7a6
739
703
7bf
84e
847
87c
8c7
8bf
918
8ce
872
88a
88e
8a4
87b
86b
8c0
8da
929
926
8b5
89c
7dd
6e1
693
63f
67a
731
7ce
8a3
945
967
949
8fc
881
7b9
6d7
65d
5f1
5d2
627
766
8ca
9c1
a1b
9ee
970
8a3
7ea
6e6
63d
653
6d1
750
762
75a
737
739
6e7
6e5
725
7b8
888
882
8a0
906
93f
a17
a47
9d6
8e7
83f
78f
6cc
5f7
5aa
5eb
624
742
7fc
80b
832
818
74c
688
613
6ed
7c3
86f
8cd
94d
9d4
a18
a3b
9c7
8cf
7ce
6ea
642
5dc
5ac
5de
6b5
723
724
7d0
81c
810
82f
7d0
78a
784
7ee
847
7c8
78c
7f0
8c7
9bb
9d3
938
92d
8c4
80f
7a8
73d
72d
82c
8ca
854
7ef
7af
76d
690
5c3
5a5
602
705
7e5
874
900
969
9c8
a54
a8f
a07
945
931
90d
876
81e
7f2
775
77e
7d0
788
77f
703
67c
6a2
695
746
847
912
9f0
96d
8dd
8e2
8dc
8ff
8a3
80a
772
717
6cf
6de
70f
784
7c6
790
7a5
845
88a
7dc
70b
647
5ff
5eb
67f
6b3
677
6d7
789
857
930
8dd
889
8b1
8c7
8c0
867
845
8ae
866
864
860
7a8
7d5
814
7e1
79e
74e
7ba
921
967
95a
920
887
8f8
976
9b7
931
817
7c5
79a
74e
746
723
6d5
71d
770
792
80c
7e1
75c
71f
6f9
796
889
979
a17
97f
976
9ee
a0a
9cd
902
83d
7cb
780
769
78b
736
729
764
756
7c6
887
882
7e2
6fe
67d
69c
743
7e0
86b
846
865
8a4
8ff
8f8
804
75c
709
729
721
6ef
74a
77f
7d1
821
84b
7d1
741
64f
568
541
586
64c
79b
818
898
904
992
a77
a89
a07
95c
95a
9ad
9a1
91f
8e6
8df
893
88b
891
87d
867
783
6d7
668
6fe
7fa
896
966
8fb
8b0
911
94f
8df
805
728
6fa
73b
784
7c8
7c2
89d
929
900
95f
939
86f
7c3
70b
66d
5f2
61c
75c
88c
942
9bd
9f5
9bf
8f9
7de
6e2
6d9
6dc
713
739
770
7b9
783
731
710
711
6e3
678
5d6
5de
69c
76d
822
87c
8ad
869
887
982
97e
86d
6cc
658
709
7c1
7f8
85a
946
9cf
a65
a4c
9d0
96e
8fe
849
77f
750
807
8cb
8d1
854
7ea
85e
8e1
8cd
781
697
6b4
717
78c
7fd
839
82b
859
850
838
898
857
78e
722
6a8
6d4
7e3
8a6
921
979
96e
9cd
a2b
a30
9cc
893
763
701
709
79e
7c2
734
74a
755
739
718
6f3
69b
601
623
675
6f3
84a
927
9b4
a0a
a46
b47
bdb
b73
a97
977
8f6
82f
785
719
66a
68a
6da
743
7a9
7af
789
75f
75d
739
78c
847
83c
784
6f6
738
812
8dd
8e0
7ec
731
6d5
72c
761
764
7dd
874
8bb
921
940
8e8
807
73c
6e1
6ec
6b3
665
6d3
727
796
7dc
7ca
872
875
7d1
78c
70f
70c
6d8
675
6d4
7b1
88d
920
92b
8c2
7f1
76c
6fc
77e
828
80b
843
803
7cb
83d
8f1
a0b
a55
991
8e9
8ab
845
764
6ed
713
748
76f
7f1
89c
90c
948
92a
8ed
8dc
93e
959
95a
8c2
871
888
8a3
9a2
a10
98e
904
812
797
70c
648
5e7
5b5
629
6e5
706
6d2
73a
6f1
637
632
691
75b
7d1
7f4
7b2
7b4
805
86a
89f
868
848
7cf
772
703
6d1
74c
7c4
7ad
7db
802
808
7d6
79e
77c
76a
753
749
78a
7f1
803
83b
8a5
8f2
9ce
9f0
935
8b8
84e
7ba
6d1
5df
615
6d3
752
7dd
82b
84e
8a3
8bf
933
9a4
9c0
9ba
8d6
819
81d
833
8cf
90e
8c3
86f
898
8ed
8d5
85f
7d1
70f
6aa
6df
6cf
6e5
728
6f9
6a5
71b
738
7c0
890
8a5
8be
855
7bd
852
895
868
824
7de
804
7f9
784
707
700
782
809
809
7fb
7f2
720
72e
75d
78b
7a7
7ad
7be
752
6f1
703
7a1
803
7f5
747
6ea
76a
7c2
7c7
73f
6c5
777
7f9
858
910
945
975
9cb
a16
9d5
9ab
92c
809
763
713
6b9
770
7d1
758
76b
779
7e4
828
789
6b5
68d
649
65e
6c3
6a2
6bf
734
71a
78f
825
8bf
955
97b
945
942
988
9f2
9dd
9be
94a
866
843
876
87c
889
836
77a
732
778
6f3
665
68f
696
6b8
777
7e5
80b
8ea
99c
9aa
9ec
a17
a0a
a39
981
83b
7b9
73b
6d3
687
62b
6cb
74a
781
860
8de
8e6
88d
857
886
83b
849
7d4
6eb
68b
6f3
6cf
6ba
736
696
642
6dd
731
7c7
856
8cc
944
968
962
932
8a0
86d
7c7
73d
6b6
719
73e
793
822
7e0
7e1
7fe
839
851
7c2
782
753
6f8
6ef
6fe
784
871
8fd
8c7
8ab
84b
792
6e2
65c
67b
716
7a8
83b
886
943
a21
a9b
a8e
a12
881
741
72d
739
6d2
6b6
721
839
92f
918
90d
93b
917
915
8b6
896
8b0
958
9bb
925
91e
938
8f8
925
8d1
797
6e7
6da
68e
6a5
6e3
6fa
79a
8a8
99b
9ed
959
880
7af
7be
7a8
7ac
851
899
843
7da
807
81f
826
78d
6bc
569
518
61f
677
61f
6b2
7d1
848
8f0
8fd
845
7c4
790
74f
715
70a
750
79a
7ca
88f
921
9b3
9e1
938
810
70c
64d
63a
613
5e0
62d
709
84c
997
a6c
a5d
a28
99b
8dd
835
7ec
7cd
828
825
789
827
8c9
8c0
8a5
7e9
7ae
7bb
7de
80b
7db
817
8d0
990
9e4
9bd
9d3
975
86a
7c6
73e
6e4
70c
77d
7be
7fa
815
7fc
83a
8a5
89b
801
72d
6cd
708
73f
7a7
868
8e1
97e
996
969
8dc
83b
7d2
71e
68f
6bf
73d
761
7ad
826
887
829
7ce
6f7
619
572
590
596
5c9
64d
74b
83e
8ff
999
a9c
b82
ae1
a28
94e
91d
930
90f
8c1
84f
7f7
7c3
7c2
7ec
710
639
57f
56c
59b
617
690
6eb
7e3
8d6
997
9e7
992
935
87c
80c
76e
765
7db
803
7d1
7a7
866
880
841
7ea
6fb
6da
7b2
86c
898
952
9c9
95c
91f
949
939
8e6
92c
889
7e4
7cf
7b8
7df
844
88e
8ce
921
93f
8ce
84d
80d
762
759
6cc
629
685
733
806
887
902
8fe
8ed
895
805
841
829
7f5
806
76b
6ce
68f
6cb
75d
6be
614
5ab
605
708
7ce
846
865
88d
89e
919
963
920
8ea
880
8a4
879
81f
799
76d
765
6ce
64b
63f
657
624
5d4
5ca
604
671
714
7e0
86e
8d0
976
994
954
918
8a9
83a
7aa
787
7c3
7d4
80e
848
7a4
7a4
7a2
7b2
788
752
71a
6ca
77d
833
888
8d1
8e7
90e
947
95d
937
8aa
85d
88b
8aa
8ff
9a6
a03
9d4
923
827
7d7
7c1
755
6cc
627
605
60c
69c
758
7bc
7f4
837
89a
926
8ec
8b9
866
7a1
7bf
81d
854
830
801
78e
6b2
6bd
716
6e4
692
625
5b3
5f8
7a0
8a6
8fd
954
966
931
914
8a4
7c3
77a
766
71c
716
723
77d
839
84f
7ab
74a
71a
6fc
699
65d
661
694
736
84e
8ea
957
97b
9a1
9c9
99c
92b
80c
742
717
78a
84b
914
92d
8cd
80e
7a8
725
73c
7c0
762
739
6d9
798
8f7
9ec
a71
a9a
aae
a55
9f8
998
8b2
782
69d
660
681
6ac
6d5
73e
7a7
774
72e
71b
71f
714
6d4
6c0
765
89c
97d
9d7
9fe
9c2
99d
91e
89e
7d9
6b3
682
681
6dc
74f
7db
879
878
803
710
655
607
5fc
699
721
760
7e8
834
8ac
8ce
8e6
9b5
a5e
ab5
a17
8ed
869
7c9
7bc
781
751
796
7fd
81b
740
6af
626
62a
6a5
6d8
6dd
6b9
6f3
756
753
802
882
939
9cd
9de
949
807
71c
711
707
742
753
7ed
859
8c4
85c
806
87b
8c7
962
998
9d5
a00
9d6
9c0
968
8a5
881
813
7b5
7c1
76f
700
704
667
65d
6d9
76f
841
889
85a
81b
7e1
7ec
89b
933
987
948
8d6
8db
963
8aa
867
86e
8b5
8b9
7da
792
738
738
74e
738
748
77a
849
92b
902
86f
781
798
7f8
7ef
82d
804
80c
866
891
8d8
9c8
9c7
92a
880
752
683
641
595
54e
506
58b
688
752
7c1
7a1
771
770
7c4
83c
8db
928
89b
801
7ff
8b6
8e4
878
8ff
8bb
893
821
804
7c1
79e
789
7b6
87b
8b4
82a
7d0
788
6b4
6b9
761
7ed
90b
a41
a99
a5b
a2c
9c8
98c
8a0
794
782
722
6d3
70e
6a7
791
894
8ba
988
9d4
995
963
8ce
87b
81b
7d5
712
658
61c
634
656
751
814
8ac
8e8
934
8de
80d
764
654
609
5ed
68c
74a
786
80f
84a
8b4
88e
830
86e
89d
80a
769
745
70f
6d6
6b4
696
6a0
67a
64c
63f
5f5
6c3
673
6dc
7d6
7ee
783
766
77b
7df
845
809
79d
7c1
821
85f
7e8
7ec
7ed
84a
861
83c
8ae
8aa
85c
89b
8ad
8a8
9a0
988
970
a08
ab0
b0c
b29
a33
988
969
949
944
91f
911
8ea
85d
7e0
809
88e
830
6e4
64f
644
57f
58e
5ca
5ec
6d3
796
832
8be
95d
9a9
962
91a
950
8cd
895
75d
63e
64b
660
64e
6be
68f
65b
616
5c2
606
6b5
6b5
6e2
729
6df
77d
782
796
836
7cc
759
6fa
70b
7ed
7f3
79c
87f
8af
8df
8d4
852
812
7be
796
7ac
75e
7a3
7d1
7d1
7e0
845
8f2
997
949
8dc
87a
7af
732
71a
747
70e
72c
7b1
7f0
801
8df
873
867
87d
82a
795
7c2
83b
930
95a
919
9c1
a28
b49
b92
ac7
a06
968
959
908
886
811
7c4
768
6e5
6b8
6f3
729
741
76c
789
759
7b0
7ef
836
863
85e
87f
7f0
841
85e
78c
740
6de
622
598
654
62f
65b
66f
61e
706
702
66c
5fe
60c
6e3
7f4
89a
8ed
89a
77e
7ff
8fa
925
95f
8fa
82e
7d5
7a9
76f
753
7b0
7f2
7e9
826
859
8db
84f
862
7ce
694
645
6d4
73b
740
76e
77e
843
8fe
926
943
94a
98d
9c9
8d9
7cb
81c
7e8
789
777
75b
84e
813
7e5
823
870
97f
9e4
a19
95c
8a2
873
8f9
982
9e8
9d3
a1f
97e
908
8ea
838
7d7
79f
804
839
7f8
7a1
7da
793
759
74c
763
76a
7cc
7f3
78f
7cc
826
81d
84a
8db
90a
895
81b
758
753
712
676
705
704
65e
646
70b
78c
76e
775
7b7
70d
682
714
692
6d8
791
7d8
804
8bb
930
95c
977
9a5
91c
876
800
84d
7fc
7eb
7ef
695
659
6f3
665
6d1
7a8
6ff
728
79c
80d
811
770
82e
824
7e2
81c
7f8
717
71a
6d1
5a4
5c9
66f
684
70e
758
7ce
83e
82e
8fa
974
9f1
b0f
b18
a8c
ab4
b37
b8e
c31
c2f
c52
c3d
b62
a9f
97e
8a1
712
653
635
688
722
77c
781
768
6ee
67e
6ef
6f9
797
7f9
7ae
848
90d
8f5
988
9f0
954
94b
96b
8cc
81f
74a
6c0
67a
64e
62f
64a
694
73e
7b4
7d9
85b
909
8cd
816
823
825
7c7
82e
835
727
697
6b9
675
655
691
632
5b9
673
6ea
776
882
836
733
756
67f
676
67f
6de
884
96a
8ae
969
8bb
7f7
8ed
8fe
884
8f1
823
8a4
7ca
79e
869
6d6
7bc
8bd
7ae
8f7
907
8c8
8e3
833
89d
838
7b0
834
87c
8db
961
931
9b7
9c6
977
92b
835
7f7
786
715
79c
6f0
797
7ea
7a7
7fc
7e2
8d6
913
967
9e3
913
924
9e0
889
82b
75e
6cf
77f
6fe
748
7bc
7a9
751
6c9
65d
694
6e9
6b4
608
631
65f
63a
65b
673
644
706
704
72b
7f1
86e
8b2
a1a
998
900
8a0
72f
7d8
76e
692
672
736
7e7
80f
813
807
7d5
816
7bb
775
837
7cf
77c
6d9
7a6
765
74d
7cf
84f
925
9c1
9ad
949
8e4
872
6cf
62c
6a8
6aa
766
863
8d8
8a4
96a
a04
93a
91e
8d4
b1d
9e3
99b
ae5
a05
897
8d0
8dd
935
96d
922
790
76b
7f2
5b2
4ac
57a
4da
38c
528
56f
611
5f9
71a
6ef
896
847
887
970
895
87a
b42
946
99a
8a0
823
791
8a3
7a8
7d4
7a6
798
726
8df
87a
75b
76f
78a
6d2
81a
7f9
6bf
9f8
926
968
868
8ab
926
942
772
789
706
7a2
6dc
611
67d
69a
73e
6da
7df
866
871
792
793
77e
7ca
86f
6e9
834
8a7
86f
79d
72f
779
87b
718
886
889
964
9ec
801
816
8b3
989
91b
a61
b78
ad3
c3a
a63
a31
860
969
875
7e3
779
74c
767
7fd
64c
570
702
744
6ca
6bc
6f6
7e2
961
88b
9b2
a0d
bcd
996
ad4
a22
aea
9a6
ac4
adf
b13
b61
b53
c49
bb8
b30
a18
793
7df
6b5
4ea
4cc
443
361
445
446
429
54e
452
3e9
3de
207
24a
3e4
453
465
4a3
2ec
1cb
1e7
1f4
1ee
1ac
22b
2a3
38f
34e
419
3fd
473
58d
96f
946
35b
4bb
6e9
584
5d8
6b2
70d
722
80b
8db
975
a2e
bb3
b9c
c05
d03
d6a
d1b
dc0
ec7
e13
e84
dc3
d9e
e46
ed1
e2d
d56
e00
ce5
bb0
c36
ccb
c58
c33
cf3
cb7
a34
c5e
c7d
8bb
88e
6e5
8de
a97
8ef
7d6
845
886
850
7c9
8bc
8a1
866
7cf
6f8
77a
797
7f8
8a8
932
952
99c
8fc
87b
8d5
81e
8a0
81e
7bf
8cb
957
924
ae2
c12
be4
c9a
bfc
a7c
a34
8df
88e
99d
8e4
912
9f4
a27
975
885
83a
860
76d
7d2
8bc
915
8d1
76b
715
6d8
65f
57c
545
557
454
47f
43d
4af
46b
4e3
5ed
5be
5ff
56e
4f8
4bb
504
515
44f
439
3f0
463
444
477
486
4e0
4e8
430
3e1
4c7
42b
376
2e0
338
367
3a3
3ca
3c4
339
281
232
15e
118
283
31f
213
26d
313
32c
256
372
49e
417
361
384
331
31f
2ad
277
3a2
423
56a
6b8
7c1
85f
6f9
571
62a
63e
545
5e6
57c
504
57f
632
6ff
63b
60b
664
595
53c
534
601
6cc
71d
78f
8ea
9ed
a59
a75
a8c
9d0
8f7
907
952
93c
9c6
9c4
a6d
b05
b08
b21
b5e
b0e
a91
a28
9a6
9e9
a4b
aad
b4a
c5b
cfe
cef
cfa
d03
c91
bf7
bf6
bc8
c2d
c6e
d82
ec4
eea
f1d
f0d
e8e
e3f
db1
c99
c32
bd0
c01
bc1
c00
c7a
c10
bce
c3e
b4f
a9c
a9a
9e5
a4a
a7f
b92
c7e
c64
b7e
aeb
ac4
a77
a78
a32
a05
a8c
abf
a9f
c00
c3b
c16
cc4
d23
c4b
b55
b37
a44
98c
99c
983
795
859
832
88e
98a
955
8a0
792
698
74c
6d6
6da
694
7ff
854
7bb
869
844
879
7e5
751
721
6af
645
709
73b
66e
5c8
654
66b
68e
669
5dd
570
481
3fb
3aa
362
2bf
3dc
4a0
54d
55a
609
647
502
459
43d
4bb
4d6
569
5e1
663
65c
644
5ba
4a9
446
398
378
291
26c
421
4ce
519
518
492
48c
3f1
3d7
3f6
24d
16a
20d
20f
32e
389
3a8
347
2dc
378
3bc
315
28d
2a5
329
32c
394
4fe
558
4d4
5af
628
520
4c5
47b
443
461
424
4aa
471
4bf
698
6bf
6ea
6d6
5fe
4fe
527
53f
4f3
5fe
69d
707
678
77d
7be
6ac
745
75b
6bb
72d
674
645
60b
5e0
6bc
682
5c6
6d8
65b
6bf
659
5c8
538
526
540
5aa
6b4
7dc
7fa
8a9
8cf
95a
924
986
97e
988
a96
af7
bd8
cc3
da6
dad
cab
d44
d00
bf6
aae
a8b
ac9
b89
c12
ca1
c94
bd5
a69
9a9
95a
9d9
95f
8bf
8d9
89d
88e
8b2
961
905
98d
980
907
8cb
923
8a6
8e4
a0c
a61
b02
b5d
bf3
d04
d25
ce0
bbd
aab
afa
ae1
b3a
c54
bbe
bed
b93
b16
9fc
898
85b
7fe
7f9
78d
84e
8cc
939
9f8
adf
b60
ae2
a9a
a71
930
9a4
9e4
90b
a3a
a6f
9db
b0d
be8
bd6
c3e
b9e
a18
8b9
857
85c
905
898
8c9
9a6
9ea
a50
9ff
a2e
9fd
942
8c7
8fb
8c7
967
9f5
ad8
ba1
c56
c8d
bf4
aea
a42
a4c
995
93b
9b2
a71
ae7
aa8
a91
b2a
b72
b6f
aa8
8b2
88d
865
76e
8a0
9e4
9f5
a3b
a77
b2f
ad6
ae7
b2d
a2b
978
919
8c7
8d6
904
965
a03
93e
9ba
97d
8d5
8cb
87b
6ae
690
679
6a1
6c2
748
782
75d
702
672
565
4f1
3ca
373
365
476
5c5
6d7
6b3
6e3
753
6fd
61c
644
5b3
58d
4e4
54c
516
548
6b9
6e6
6c4
59b
556
56c
61c
5be
5af
4c3
496
595
5ec
642
641
625
5da
5bb
537
485
468
50e
687
836
80c
83d
85d
782
63c
58b
563
4e4
4ed
51c
607
71a
6fb
6d5
708
5ef
591
510
491
44e
3c3
417
4a8
4a3
500
57a
533
598
551
4d8
50d
4ad
4f0
5a6
501
53e
543
4eb
5b6
67c
677
709
755
6e7
6d1
60f
5b8
4f4
54a
5d6
648
661
685
55d
470
4ce
427
360
416
4a6
52b
56a
550
537
4a4
438
491
51c
450
432
40e
453
3f8
507
554
563
5fc
70e
75f
69e
665
5d0
548
4a3
583
5dd
5db
6ff
7e0
85e
7eb
79a
7c1
758
732
6ab
5ba
5fa
63c
6f7
820
87d
744
6e7
5bc
5ac
5a6
506
525
540
6b1
7b2
80d
810
77e
745
86b
914
91a
962
90c
8a9
8ce
852
79e
79d
840
824
76e
73b
729
760
81f
983
9eb
aba
aad
aa6
af0
b7c
bca
b71
ac7
ace
b18
bf8
cc2
cb2
dc1
dcb
c85
b9e
b25
b16
a4d
a06
a76
aa9
b88
c0f
bbb
be1
b0e
aae
a74
9ef
9d0
9c6
9f4
95f
a04
9e3
977
a16
a89
ac6
b4e
b0c
b3b
aa5
a5a
a86
aa1
acf
b02
bb3
bc0
c1b
bdc
c58
c07
c3f
c12
b31
b75
c53
ca3
ca4
ce7
d53
c3e
b4b
989
84e
7af
784
82d
91f
a7d
b44
bc6
bb1
bfc
bf0
a8e
a1f
987
8e6
8e3
8da
95e
97a
9c5
a27
a66
a5f
9d2
959
8f2
81b
774
722
77c
833
8ce
8f9
9e7
a87
a70
ab7
a7b
a3e
9fc
928
95a
a4f
aaf
aa3
af2
a80
a12
987
8d4
813
7f1
771
7c9
84a
91e
936
8c8
92a
8c3
86c
80c
853
88b
960
9c1
a9f
b13
afb
abb
ae9
a9c
ac0
9ea
9a5
a36
9e1
956
919
978
9fb
9e5
a13
9d0
96c
9e8
a89
a1d
990
98d
8cf
7fb
7ec
83f
83d
8f4
8a6
85a
7d4
779
6aa
5bf
558
61f
659
6a3
767
7c3
841
805
887
8ab
8e6
94b
939
89f
8ee
865
7a9
714
6e5
66c
675
5e7
5a6
5f6
5f9
5b5
4fd
58d
613
6c9
717
6d9
72e
7c3
7a3
805
84b
863
7cd
764
7a5
76f
781
766
71a
5df
4ff
3af
26d
15c
1dc
28d
3ba
495
58c
5e1
605
5ac
4d7
509
4c3
40d
4c9
524
577
5b8
5c1
5cc
517
57f
54b
536
4e3
475
490
4d1
533
574
606
617
6a6
6b8
6ef
6cc
6e0
6a1
699
725
6af
63c
65c
61c
5d2
51a
48e
40f
3b5
324
2e9
289
3a2
4af
503
52f
5c2
5e1
4fe
4ba
4e4
529
550
523
5ba
5ef
5d0
624
57e
4cd
47e
3a3
26e
23d
21f
1a6
20b
30b
352
41c
4d9
57f
5e4
6cc
75f
717
764
753
794
6f3
765
765
6f7
68c
615
56a
4cd
510
47c
446
3f4
33d
3c6
4f4
550
516
4c7
510
526
4af
481
488
515
627
678
690
732
72f
747
6d3
5ec
5d2
5cd
5a2
5a6
60d
65e
66f
769
783
7c6
819
7c7
7f7
809
7f5
82c
90e
993
9f8
a21
a91
a45
99e
8c3
7ed
70b
605
60c
52e
574
59e
5aa
6c1
744
782
762
757
70c
765
841
8fa
9a1
9e3
a5a
a5d
a98
abf
a9e
a05
950
8ac
878
87d
804
7ed
832
8d7
970
9fd
9c0
948
89d
8ae
916
97a
a1e
aeb
b80
c06
cce
d41
d88
d44
c9f
ba6
ab2
a5e
a0f
9bd
a76
b20
ba0
bcf
c5b
c01
b5a
acb
a08
9e9
a36
a8d
b1f
b3a
ba5
bd5
bc0
cae
cbc
c58
bec
bf7
b23
a1f
9c6
9be
9d8
a44
ac6
abd
a14
977
929
91d
9e5
afe
be2
c80
c9a
c47
c28
c97
c8f
bbc
b96
b55
aaa
a5b
a57
a46
abd
b1c
b89
b8e
b7b
b6d
a9c
9ce
988
9d0
9e6
9fa
a21
a79
ac4
aa2
ad0
b15
b08
a3f
946
8ab
820
72e
6d0
656
64f
67a
6e3
747
77f
78a
7ad
7ce
82b
941
a5d
ad2
b37
bc0
bbc
c17
ba6
aa9
a41
9be
8ee
826
84f
818
852
8f5
946
9ba
9bb
95d
91f
846
768
6e3
6fc
728
7a1
88b
8c2
8f5
97b
965
8c7
877
7e8
7df
74c
7b1
815
8e2
968
9b8
a40
a50
a87
a50
9f5
8b8
7e3
807
888
8fe
9e3
a1b
9ea
954
8b0
7c2
6f8
6c7
613
63b
6f8
789
7bc
851
908
931
970
a0c
983
8bd
814
7c7
75e
752
7fe
87e
8f9
900
8ec
8c0
8a7
82c
7a4
713
661
605
674
6a9
6a0
696
78e
89d
8f4
8d7
889
7ab
745
7b8
7cb
81e
86a
8df
8ae
841
7e2
73c
6c3
678
5ed
50a
4cf
5d6
665
723
800
810
756
6f0
634
557
470
3b3
372
35d
446
5a2
6b0
775
7de
76d
6f8
6d1
60a
585
534
531
59d
609
67b
752
835
849
7c1
77e
6c6
641
5ed
64e
709
73f
7c8
8a1
8ff
865
768
661
597
541
510
521
5dd
771
87d
8cc
8da
83b
795
6da
5a2
518
4d0
4c7
50d
576
62a
72d
831
85f
802
74d
672
633
623
5ba
5b7
61b
6cf
760
768
755
749
7a0
79f
739
6b2
5c0
4d1
488
54c
632
744
7e8
816
7cc
711
666
5d8
5e8
5fa
5e6
5fa
64c
673
651
681
6ac
699
61b
60e
5aa
515
4bd
47d
447
4e8
67e
715
7f1
851
801
7cf
7d1
7a4
6d9
643
5a8
5c8
64b
6c2
70f
70d
729
6b2
638
5b9
582
506
55a
665
778
83a
8c7
8ec
828
7f7
7f4
741
644
5eb
60a
64c
710
798
7d2
7ed
85f
88a
7c2
74f
6c7
5ab
50b
4e5
546
633
7c4
953
a61
b40
af8
9ed
955
920
8d8
866
7fc
7ca
827
878
87f
835
841
87b
8c5
920
974
9c3
9f8
ab6
b94
c92
cbc
c59
bee
b01
ab5
a69
a90
b45
bfa
ca3
d03
ccc
c91
c4b
bbe
b4c
9e5
91f
8c2
8b3
89f
8ec
92e
982
a65
b0d
aca
a4d
9dd
935
8ab
864
81f
7e0
7c3
7c3
81c
88d
86e
812
811
7fe
84e
88b
88b
89f
847
870
93e
9ef
a15
a2e
9e0
9a0
94c
8d7
8a9
889
8f1
93e
95f
98f
9b7
9a1
9ac
968
8dc
865
80e
7f6
7c7
7a3
7c8
833
8aa
966
99a
930
89b
7e6
720
6cb
6ea
6fb
720
789
812
82d
85b
84c
7e0
7d5
747
6ce
6d7
6a8
6ed
73f
850
927
96f
98b
970
8c4
7a0
693
5f0
5ea
6c9
802
95a
a6b
b04
b48
b46
acd
9f7
8b1
7a6
760
6f3
692
682
6c4
704
7bf
84f
84a
7ba
766
6bf
61a
670
671
640
626
6aa
76f
7cd
7d2
7b0
7dd
7f0
7c9
76b
772
762
7bf
88d
8ec
880
805
7d9
75d
6a7
618
614
673
748
84c
8e4
916
956
919
8ff
8a1
7fd
768
69a
60d
60a
655
679
6af
72b
7a5
7d2
855
868
822
7a0
6f1
6d4
6cc
6be
6bd
71c
788
804
84e
899
8c5
86e
82e
7dc
786
74d
751
7da
838
7f8
7d4
80b
811
81c
801
812
7f4
84f
8c7
90b
929
978
985
97e
986
934
85b
7a7
799
723
6ee
6d0
711
774
7e6
835
7d5
75d
6e5
694
65d
6b6
747
76e
755
7bd
890
8dd
8b1
86e
81c
825
894
909
996
9c8
a1d
a13
9c7
952
8e4
90e
94a
8af
7d9
770
762
7a1
7f4
83e
847
85c
887
89a
874
858
7a2
726
6cd
6c5
706
6fe
707
70c
70f
778
7e0
800
7c4
758
73a
6f8
6ab
66d
5e1
599
5dd
64b
68e
739
7e8
85f
8d5
92d
8e2
8cd
8c3
878
7f5
791
77c
777
776
711
6e8
6c2
6cc
6c3
68c
6ad
73b
79e
7ff
80e
7a1
720
698
608
5ee
614
602
62b
5d5
5bb
5e0
626
692
6c3
729
7b0
7cc
7d6
7da
7cf
766
705
78e
7eb
821
8b8
8c1
8cb
8e0
8dd
8d3
8ef
895
84c
802
7a1
75f
704
6f6
699
684
6e3
704
6eb
709
6e3
6c2
6a3
6b0
6d6
6d4
6d3
6e8
6fb
6f0
763
763
72b
6f8
68b
65c
69e
744
7c5
7fd
85d
8a2
86d
877
897
882
86f
892
8da
8d9
8cc
8dc
901
92e
9c0
9ca
9fb
9ae
933
8bb
81f
7c6
7ce
7e2
7e8
809
878
95b
a30
aa5
abf
ae6
ac2
aaa
a8e
a5e
9ef
985
97e
963
9bc
9ec
9d0
937
8b0
8d2
8bb
8e9
90d
912
90e
932
908
8d3
8ca
86f
84d
88b
8d0
8cf
88f
7e3
786
70a
6f3
73b
7ae
84b
822
87a
8cd
941
9aa
9f4
9f2
a33
a8c
a70
a5b
a87
ac2
b2a
b55
b4f
b11
a98
9f4
8ec
800
71c
6b0
6cf
6e6
72b
748
770
76d
786
7b6
779
722
71e
73d
74a
742
712
6ca
676
67f
646
5c8
536
4bf
4a6
541
615
6c9
760
779
75a
733
70b
6df
6ac
6a8
6d7
723
76e
7ed
895
8ed
934
8ea
81e
7c8
781
6ed
64b
5b2
555
596
62a
724
7b8
7a8
7a2
756
75d
754
703
645
5f3
627
657
660
6b4
687
64d
6f1
730
714
713
75c
7bb
8aa
971
9d1
9b7
961
8c9
864
86a
83e
7ee
794
7d3
811
821
80c
820
828
851
8aa
904
968
995
98e
918
8c6
8c7
8b7
848
7de
783
6ac
649
630
6be
76b
7e1
7dd
7c4
7dd
7f2
832
877
8e5
939
9fb
a8e
a7b
a16
954
892
869
8a5
8fa
906
8d7
8ab
8df
951
94c
8c3
830
7a1
756
729
77d
81f
8dc
a16
b2a
b89
b71
b07
a05
88f
728
634
58a
548
580
5ef
670
751
7cf
86f
917
91e
8d9
8c5
897
887
8a6
897
88a
8dc
96c
9f4
9cc
99c
92c
8a7
880
890
8cd
8fd
928
928
910
8de
903
8cb
869
858
7fe
7b5
7a8
7b6
7de
848
8ad
8ae
887
883
89d
893
88b
8a2
8cb
906
988
9ed
9e3
a17
a81
aa2
a46
9f5
996
953
97f
955
92b
8ce
864
7dd
76c
784
771
790
7e6
812
878
8e0
951
953
8d5
848
817
7b4
7c8
813
81a
851
879
843
7fe
7ce
7aa
7aa
78d
7c4
7f2
8a1
971
98a
981
95b
8dc
871
83b
842
822
7bf
7c0
80e
849
83a
7fb
7a8
75e
74c
73d
75a
718
694
679
6a4
6e1
6e4
68b
655
677
6eb
738
73f
6e3
643
64d
654
5e8
586
56d
585
600
657
639
614
61c
666
6dc
770
833
87e
8a3
87f
7db
74c
678
577
4f8
4f5
50a
55e
5c4
651
6eb
76c
777
765
73c
70d
738
7b5
84a
870
882
8d2
93a
9ca
a47
a84
ac6
a8e
a59
a4b
97e
8e3
89c
88e
8e2
962
a66
b45
bee
c33
c1a
bb1
b46
aaa
9e2
97e
980
9be
a86
b43
b8a
b55
a9b
98d
89d
82b
7c7
733
6c5
6a0
6a0
70e
79b
7dd
7e1
784
744
723
6fd
6d4
6d2
6eb
71a
764
793
787
7a3
82e
888
86c
7b2
6c3
707
7a1
7f8
81f
807
7f7
834
8ad
8bd
89c
8a6
8a8
86d
816
7ba
758
6e5
6ec
70e
703
733
71d
6c9
6ab
697
6bb
6da
700
6b5
661
67b
69c
64f
617
60c
681
6fc
6a8
629
5b5
570
558
521
52d
575
635
6fa
794
7d4
79a
78e
78d
70f
659
5c6
5aa
5b7
5de
63c
664
687
6b3
6a3
68a
68b
693
6b3
6e6
71a
741
75f
70c
675
61d
60a
5c7
5ab
5c2
5f9
602
5ee
603
5fa
5da
5dc
606
64f
698
6c5
715
762
7ba
80e
892
90a
93d
901
89f
837
790
754
764
770
7af
80d
80f
82b
839
847
858
7f5
7aa
71d
6a1
6d9
75e
7ec
8b1
959
96b
925
8b1
7f4
7a8
7ab
761
6ce
648
663
6c1
75b
80f
81a
826
80f
86e
8cf
8cf
8d9
8c0
8c6
8d2
8f9
913
962
9d5
9cb
9b0
926
834
799
75c
77a
788
77e
788
7e1
87f
931
9ac
a1c
a4e
a6a
a38
a16
9fd
986
978
9b3
a0c
a81
a1f
936
895
854
81a
7d6
77e
71f
767
800
89c
90d
929
939
91f
8bd
82c
7b9
7c3
7e2
818
895
8f8
956
99c
9d2
a2b
a63
a16
976
8df
8bd
932
991
996
96c
8ed
86f
85d
812
803
84a
881
8e5
968
987
9e6
a44
a80
ae5
abf
a65
a26
a61
a85
a62
a2a
a03
a52
a9d
a7a
a20
99a
910
8bb
8b7
922
9a5
a70
aaa
a37
9c9
952
918
915
8ff
8de
88b
85a
871
8c3
906
8d6
852
7e8
791
705
6d6
6ee
712
725
734
721
754
781
779
73a
71e
786
83e
8dc
8e9
8b3
879
828
7bd
753
734
770
7c9
7df
810
833
832
826
838
825
810
84c
876
893
8cb
8c7
86b
8ab
8f8
8f2
856
77f
6a0
5f8
5c0
576
574
5b0
617
654
688
718
7b5
809
87b
87a
876
843
7ff
7cd
7e2
863
8d1
8ea
873
813
7a7
775
74d
714
706
759
7d8
802
809
805
7d6
775
768
793
7f6
892
943
99c
9b5
987
93f
962
9c3
a2c
a71
a2b
9b9
945
8d2
8e8
8e8
8f2
8d7
8a6
8aa
8db
939
983
a13
a76
af9
b43
adb
a18
966
960
9ba
a03
a02
9ca
9cc
9cb
983
8fd
81e
790
7a3
7ea
82c
81f
7ff
7f1
83f
880
88c
8ae
8c7
895
838
79b
6ea
698
6d0
75c
79f
80d
882
869
843
81b
84a
8df
933
935
8c7
86c
879
89a
862
840
82c
817
7e7
749
6db
6a2
6df
70c
6b0
673
663
670
6bd
6d7
6b6
6c9
743
7b9
7e0
77d
699
584
4d3
4c2
4ca
56e
634
6bd
6d0
668
5cd
552
507
4c3
479
456
4b2
4e3
4bf
471
433
3d0
396
3ac
3b8
3f2
445
4e4
59a
65c
73f
7f4
7f9
781
69c
5ee
5d2
60f
653
633
5f5
585
56b
56b
544
4e6
4e2
4ff
4e5
4f5
4d7
4b0
495
486
4bd
50e
61a
71b
76e
77d
729
708
719
778
81b
877
882
85b
807
7ae
797
768
729
74d
74a
7cd
860
893
8c2
88d
884
86f
84c
811
805
7e5
835
8d2
972
9af
96c
918
8a6
816
738
63e
56c
523
50c
520
536
547
56d
5e6
654
6f2
7ad
84f
8ee
8f7
8a5
81b
7ac
77f
7b4
849
924
9a8
9bd
9bf
9d1
9de
9da
9ef
a6b
add
b11
b0f
b0d
b03
ad4
ab1
a87
a0a
97e
897
7ae
751
736
6ef
6b1
6b3
686
6d8
74b
741
708
6a9
6db
748
7d8
849
8a0
8ec
931
98a
9a3
9bd
9bc
9a8
995
951
8db
8b5
8b0
905
9ae
a11
a42
9e8
951
8d3
864
802
814
862
8e2
9ba
a3a
a62
a9a
ae2
b0d
aff
ac3
a29
98b
93f
945
921
946
97e
947
95c
948
905
8cc
8ac
8ce
8ee
94d
9c8
a26
a35
a2c
a2c
a6b
ad9
b25
b53
b4c
b2e
aee
a5b
a18
9d3
966
909
87e
80b
7b6
78e
727
6b3
64c
618
620
66c
6ae
6c0
699
6c0
6e9
6e0
6e7
67d
66d
6bf
74d
7a9
850
90e
959
92e
8b3
824
77d
748
71a
71a
738
777
7c1
836
873
83c
827
7e5
7f6
820
828
841
7d2
796
7b7
7af
79f
76b
732
6cc
6b0
6b1
63e
5ed
5ad
5c3
60a
6aa
743
764
735
6db
651
60f
5da
5b2
59b
5fb
6b7
76b
812
83e
822
7dc
791
71b
6a3
673
698
70e
7ad
841
88b
87a
8ac
8c4
8b6
8f6
946
9a1
9fa
a31
a4d
a50
a46
a84
a84
a7c
a7d
a50
9e7
987
8f9
85a
828
819
893
952
a5b
b4b
b97
bd6
ba0
ae1
a7e
9f1
955
8e8
916
976
9c2
a1e
a6b
a30
9c0
993
924
8a5
80d
7bd
802
86c
8b4
8bd
8c2
89c
8c9
8e1
913
8c0
83b
7bf
763
72f
70b
752
788
819
826
7e7
7a8
79e
7b0
78a
724
6af
64e
640
6b2
6b8
671
63f
5f7
5b7
5ae
5d8
5f0
601
655
6f8
768
829
8db
94e
92c
88c
7e3
79a
75d
759
79f
797
762
70a
71d
73f
773
7c5
83d
837
877
88c
86d
7e6
71c
6a0
668
630
5d3
576
524
545
590
570
4eb
41f
354
2ff
325
362
3a6
3db
47a
4d4
53c
58f
56f
538
4fe
4e5
540
642
709
7f0
7eb
808
80f
7fb
81d
7ca
791
74e
71c
663
5ec
5c4
5b3
5a8
624
67e
668
684
6f1
6eb
64f
627
646
66f
662
64a
606
5c9
6af
734
792
710
6b7
6f3
741
7e5
86f
8ce
8dd
841
815
873
821
7d5
831
83b
82c
8cd
9bc
a0e
93b
8b9
847
76c
652
5f5
638
635
58a
61c
6cc
6b3
6bc
7dd
869
877
8ff
956
924
910
881
871
80a
7dd
7ec
87f
8b2
927
9c2
a0e
a3d
a76
a6c
9bd
a52
ab9
a88
ab6
b50
aff
ae0
b13
b28
a9d
a6a
ab6
abe
ae6
b1e
b2e
b09
a69
985
95c
8d0
818
7ac
789
7c8
72d
6f4
6b9
7b0
849
802
822
8e9
85d
779
7d5
77d
66d
658
779
806
81e
8db
a61
aa9
ac3
ac1
aba
a00
93c
908
93f
8a4
8b6
977
9ed
991
954
9a6
958
859
80b
847
81b
7b0
844
94d
949
9ba
ae9
b01
a43
a1c
ac3
ad2
9f3
986
94f
94b
956
92a
a54
a74
a62
ace
b7e
b64
aa1
b01
b3a
a8d
9ea
a57
a13
96f
96c
a00
9bd
92d
96f
93c
8d6
84d
892
8bf
7ba
773
806
7e1
71b
705
726
6f2
6ae
6db
782
76f
75f
7ee
860
805
75b
77b
7d1
732
71c
724
6f8
6a8
6e1
78c
789
6ea
76b
7f8
771
782
6fe
69e
606
67c
67e
68a
6e7
701
7a3
839
847
805
840
7d6
75e
6fd
74e
70b
64d
6d6
6e8
675
66c
6f9
733
77c
864
8ce
863
8e2
941
867
7a8
728
64e
5bc
4fe
55b
592
564
5d8
63c
739
729
792
899
867
893
8c0
951
955
959
a36
a75
afc
b44
bcf
c42
cad
bce
b90
b25
a4c
980
8f6
905
899
8d8
942
9ea
a53
a6b
a21
99a
956
88a
867
7f6
83d
823
7d7
8b3
8ee
8bf
8a0
899
839
85a
89d
81f
78c
7d5
7e1
802
881
870
8b4
92b
946
8ac
836
7fd
7c1
772
7f1
7c7
7d9
83e
8e4
95a
8ba
8bb
8a2
814
785
71c
6b8
6c4
6bf
718
789
7bc
78d
6fe
6ea
66b
5f7
5dd
57b
526
579
649
6ee
72c
703
691
644
6cf
6f1
6c7
6bb
6a3
664
6d9
796
7e6
85e
8c7
98a
993
95b
8bf
833
7b4
731
707
686
631
623
61f
5ac
521
4c3
458
3f9
387
332
36a
370
34e
391
3f5
3b0
3e1
3e8
419
48e
4ac
4f5
4f9
515
543
5f8
632
658
664
674
6ae
73f
807
83f
84b
7c4
7ea
800
7ac
7b9
7f6
80d
7c2
77c
6e3
64e
678
6a0
6b6
6d6
6ea
745
7b1
759
71a
788
74b
6ea
716
73c
701
739
7af
77f
763
707
6b2
6a3
653
68c
713
78e
805
89f
8f5
8fc
923
884
803
7b0
79a
75c
796
77c
6fe
67f
716
774
7c1
7fa
7ef
7f2
7ae
77d
73d
743
76f
7cf
8b6
986
a1e
a88
b0b
ac7
9e5
97c
925
8a3
808
83d
895
946
9a0
a16
aa2
a2d
9a3
94a
945
8e5
8aa
8d2
8f4
935
92e
9ea
ad7
b21
ad3
aaa
ae8
a8e
a2a
a6d
a17
8da
845
8be
922
900
93a
9c2
960
8e9
84d
7cc
759
6fc
76f
799
85c
8fd
96a
95f
8f6
866
7bf
7ac
768
736
713
76f
805
870
944
9d4
9dd
9ca
9fa
9ca
997
962
957
981
977
a1b
abb
b25
b93
b4f
b59
ad1
9c0
939
898
840
81f
878
955
9c6
a8d
b7a
bee
bfe
bc0
ab9
9cf
918
8f6
98f
9b5
9de
9dd
9bf
9a1
8e9
850
7e2
729
703
71a
7c3
7f5
821
919
930
8d2
8d1
8c6
883
840
899
873
7f5
7d3
7fe
834
82e
80e
8ae
894
85f
898
82f
7d2
6f7
6d1
6f3
6e5
6f5
71c
776
703
674
674
5c3
4ca
4c3
4de
528
580
604
6df
6a2
69c
672
6b9
6ba
6a3
77d
7b9
807
800
7f2
81e
89a
8ee
8e1
8f4
8c4
886
88e
896
813
7c0
78d
734
791
7a2
771
74e
770
6e6
631
5f9
5e9
5e3
62a
6cc
74e
79b
7d0
7f7
814
7fd
834
8a3
8f2
9b8
aab
ae0
b2a
b35
a7d
9bf
94d
979
95e
9d4
a79
b1e
bc7
bda
c04
c1a
bfa
be0
ba0
b52
b27
ade
a81
a0b
960
927
916
930
959
91b
95e
929
8fa
8c1
870
7e8
761
74a
73d
72e
752
7c0
789
763
75d
7da
81a
7df
825
846
876
831
854
849
7cc
777
74a
77e
771
758
764
778
786
756
700
6e7
706
6eb
71f
700
722
6dc
6cd
71d
6a7
655
5cb
569
5bb
589
5cb
631
610
5f1
59a
56b
524
534
5ec
652
6ae
760
797
7c5
7f1
7b3
7bf
76a
760
6fa
6ff
685
5e9
5e1
5a0
5b7
5c4
5f1
5dc
5e1
61e
661
635
5e2
5ad
569
5ae
595
5ce
553
4fa
536
48b
437
41d
4a2
4bf
4a5
4f2
540
5f1
689
6ae
6df
6d9
67a
659
677
640
62a
688
73d
737
6e2
6b2
6d4
755
7a7
81b
897
8c5
90e
8a6
7ea
7c8
7de
800
84e
833
83e
895
907
88f
7a0
713
698
6f1
73d
733
6fc
6ca
6c8
674
607
5e9
5ba
5dd
631
64c
6bc
6c2
6de
6b0
66e
68b
684
6c3
6f2
701
753
7c5
842
837
7f0
79a
78c
7d3
864
93c
a21
a9c
a84
a07
93f
8f9
939
946
978
961
9d3
a9a
b0b
b60
afd
a57
9c2
9e8
9ff
9e4
951
8c1
85f
80d
7e4
7ee
802
84b
888
8de
909
943
91b
930
988
9d6
a0a
a09
a6d
a54
9ff
982
945
922
8c2
892
8eb
957
9c7
a2f
aef
b18
a8c
9d6
86f
7a3
735
72a
78a
785
7d5
7a9
7e9
7df
7aa
7f5
7ce
7ca
7f5
856
83e
7d3
810
817
853
8cb
959
a2e
aad
ab7
b17
b06
a7e
a6b
9fc
a68
a8d
aa5
acd
a69
a70
a5b
aca
af3
ab4
ac2
b3c
b9f
bb4
b38
b16
a7a
92f
880
745
6a5
666
653
6f4
735
7af
81b
899
8f3
8aa
835
80b
792
73b
72f
70b
71c
727
777
7f5
860
8ad
8a9
88c
82e
822
860
81f
7af
776
778
7fb
85d
85c
84f
7c3
778
732
71f
736
725
761
751
6ee
6ab
688
6a3
63a
5db
562
552
567
598
5ee
619
62b
67d
6d2
6c4
6f1
704
715
765
7f3
89a
934
997
a07
a10
9a1
925
8e9
85d
7ae
731
6fa
69d
676
636
622
650
6cd
759
7bb
801
83a
852
82d
808
822
85f
8df
937
95d
9ab
9cf
97b
912
89c
826
77f
6ec
6ee
70e
7d7
893
958
9ea
a2e
ab7
b7c
c0f
c26
be7
b8b
b45
b05
ac3
a8a
a24
9bd
983
9e8
a60
a89
ae9
ace
a7c
a1f
9bc
978
95e
90b
8a2
7fc
793
757
6f4
71f
77a
7ca
85c
8dd
992
9ad
949
858
77f
68e
598
530
504
52e
589
64a
6cb
761
7c8
7c1
7c0
7a6
7bb
799
79f
73d
6d0
6bd
6c0
6b2
703
7bb
825
839
7e4
7ba
78e
792
76c
738
6ee
64d
637
6b2
771
7f1
7cb
77f
6f1
6b8
708
748
711
656
56d
4e0
45c
419
46e
47c
46e
430
467
53f
5ef
6a9
6de
721
747
784
792
733
6a4
612
598
553
581
5d4
65b
6f7
6f6
6af
6a6
6a2
660
5fc
5ab
545
4ed
51f
536
52b
539
4fa
4ef
4af
494
467
3f4
3d2
3f7
46f
4e1
598
643
6bc
72f
778
7f6
84a
867
85e
7f1
76e
72b
72b
7a7
7e9
855
8a9
885
88e
8ac
8c2
88c
88a
849
7eb
7e8
7db
7f9
815
7f4
7ae
73d
70f
70c
731
73e
708
6bd
66a
623
5d4
5b4
5b5
5be
57a
56f
5d7
64a
729
7f1
873
8c6
928
97c
990
9a9
99f
962
92c
94c
979
96c
9b1
a28
ab6
b7c
c15
c71
c74
ba6
ad0
9ea
94b
932
924
92d
911
8f6
939
997
a40
a81
a6e
a3d
9e6
9a7
919
862
7ca
74e
70a
710
76e
808
8c3
98d
a1c
ab9
b61
bb0
b91
a97
952
864
7af
76c
76e
740
6fd
6b7
6bc
6f7
754
7d6
838
875
888
8a8
8ec
94e
936
90a
8cf
8cd
8f1
934
911
8e9
87f
80d
824
819
87d
896
8be
8e5
8d9
90d
94d
9af
a04
a63
a6b
aa2
afc
b6d
be7
be9
be8
b75
aac
9fd
966
8cd
88f
8b5
92e
9db
a1e
a75
a5c
a18
9d3
9ae
9c0
9b4
977
905
8a1
836
80e
848
88b
8e7
8da
898
850
7e2
77a
6f3
67f
667
68b
6de
761
7fa
83a
802
78d
706
693
639
600
5ea
639
6b0
704
7a8
7fd
830
837
7e5
7a9
792
735
6ce
662
617
5eb
59b
585
5b1
610
6c9
760
797
7e1
844
896
85e
7e9
78b
723
750
6f3
65c
5f9
577
519
505
53a
5f6
6a2
727
7a7
7b9
7c1
778
707
699
64c
651
66c
6ce
75c
816
8da
95d
9c9
9f3
9bf
9af
9af
96f
8e4
824
816
836
8a1
8e9
8ee
924
983
a1b
a37
9f3
9c5
981
942
92a
936
97f
99e
9e7
a48
a92
ae3
aed
b57
b7a
b95
c34
c45
c63
bdb
b11
a06
8d3
83c
7c4
783
784
7e7
89c
955
9f9
a7e
b0a
b05
a7b
983
8a1
816
7a0
714
6e7
6dd
729
77d
76c
732
6d4
6d0
6a0
655
5e2
5b0
5de
628
6c9
748
7af
803
82e
813
7db
775
744
73c
6fa
6ee
72d
79d
7f0
82d
82c
85a
8a5
88a
856
815
7b6
7d6
7ee
832
889
88c
877
823
7c0
777
718
661
5c1
521
4f0
53e
56a
599
54f
4d1
48d
430
40c
3ab
38d
3c1
3e5
4b3
569
636
6b4
6d2
6fc
6d5
6c5
680
613
57d
4fb
4f3
541
5e5
696
72f
76e
745
6b9
5f7
4fc
3ed
333
2fb
2ec
369
458
555
62b
6b0
70b
732
710
6c3
626
549
4ff
4f1
557
5db
609
6a8
733
7be
879
910
939
94e
918
8c0
86e
857
843
829
7da
790
799
77f
783
78c
781
799
7e3
82f
8a6
8c3
8bc
8cc
885
840
7c0
790
77a
71c
6bc
686
6a8
6f5
758
793
790
761
737
6b9
63b
60c
634
6d6
74c
7cc
850
905
98d
9c6
9e5
a16
a20
a13
9f8
a0b
a4c
a90
ae6
b02
b12
b41
b30
aee
aad
a78
a83
a82
a79
a12
965
8eb
87a
84b
80d
7c5
7c6
7e4
81f
84c
894
8ed
911
8cb
888
857
8a1
8e6
8d9
8a6
83f
842
8a4
916
965
93e
8dc
84a
7d6
7df
800
835
86b
8df
975
a27
adc
b23
af9
a4c
99d
8fa
890
856
872
8a5
8ca
924
9a7
a3a
af8
b54
b69
b67
aea
a7f
a16
9d9
979
920
951
9b6
a2a
a5d
a6d
a99
ab6
ae0
ad6
a4d
9b3
94d
959
9c8
a3b
aa5
a98
a4c
987
89c
855
855
88e
8ee
96a
9f0
a4e
a88
a7f
9f5
977
911
8b3
848
7c8
7a3
7c5
7f8
818
838
84c
843
7a0
720
695
5fa
58e
54d
515
53b
597
60f
6d5
786
7d4
7db
7cb
754
6aa
5c6
50c
4a7
4d1
574
64c
70c
796
7c7
7c5
83b
8f0
989
9b5
987
990
966
926
8a4
82c
7c6
759
725
71f
6d4
671
639
5df
599
52d
4f1
4d0
4d3
512
56d
603
6ae
745
7ae
7a8
771
752
6fb
6dc
6d7
711
75b
78d
7d6
7f6
7df
7db
80d
854
85a
848
87a
873
83c
7e3
79f
7c4
852
8e1
981
a39
a74
a6f
a3e
9e6
992
91e
935
97f
9d2
a66
b08
b82
ba6
b43
a99
9f5
951
8ee
8a1
89f
8e6
951
9ee
a46
a85
acd
a6a
9b0
8fe
89f
879
864
85d
81e
830
8de
9b7
a61
a98
a6a
a31
9b7
8d5
7c3
6ed
6a2
6ad
74c
83c
928
981
937
830
6ac
57d
464
3a4
3b5
452
51c
5f4
70a
815
8cc
922
939
8eb
89e
80f
7bf
78d
784
7c1
7fd
840
870
876
82d
7bf
720
677
5ca
50a
46e
3f9
3ea
481
540
5c6
64d
6c6
687
5d6
4d1
3ed
381
3a4
41f
4c5
57f
62d
6ac
6e6
6b4
688
62f
5ac
52f
508
55e
5c1
63a
66a
68e
6a1
6b4
6a5
61f
532
456
3de
3d3
437
51a
606
6d7
79e
81f
846
857
7f6
754
6a8
625
5f4
605
66a
6ea
710
769
7f4
867
86a
825
7dd
796
739
73b
798
80f
831
7fd
7fe
813
831
891
881
84e
866
85d
84a
804
784
717
6a2
66d
685
690
6b6
6ad
6bc
69f
6b6
6bf
6ee
74d
7a6
7aa
76f
736
6fd
6a2
6cc
70a
746
7b6
7e8
808
7fa
7a9
783
759
74b
747
752
755
76f
825
8e4
964
9ae
9cd
9bc
9b5
9ac
9c6
9ed
a10
a36
aa0
b02
b46
b6d
b2f
aaa
a41
a5e
ad3
b15
afe
b0b
b30
b7b
bf3
c39
c46
bc7
af6
a54
9be
8c6
808
736
653
62d
6c5
733
74c
765
73e
72f
710
711
74f
799
7dd
853
958
a7c
b49
b65
aff
a2e
951
8c2
861
838
801
7fb
831
8b1
93d
9fa
a60
a28
999
928
92a
92c
8e9
8be
8c6
913
9db
ada
bcd
c21
bb7
b54
ac0
9f7
937
869
7fd
7b7
80a
8bf
97f
a10
a4a
a6c
a63
a42
a1d
9e3
99d
96f
9bd
a15
a19
a2e
a31
a55
a71
a66
a24
a11
a1b
a0d
a11
9fc
9da
9e5
a02
a0f
9d3
957
909
854
76d
6cd
637
5ec
5c2
601
656
69c
6da
6be
62d
567
4a7
449
448
4e2
5ea
6ba
76f
7c9
7f1
7d7
7a1
77f
77d
799
789
77f
78d
783
748
6c6
66c
635
612
5ed
622
67e
6e5
711
763
76a
73b
73f
71c
70f
6bd
69f
6a5
67f
68c
675
684
6a9
6b9
6b1
6a6
68c
64f
658
68d
6a4
6dd
75b
7df
826
843
859
835
7bf
726
68d
624
67f
741
846
8fe
964
9e2
a1b
a0b
a03
a1f
a3a
a53
a81
a93
aeb
b32
b5a
b9b
bb3
ba9
bb1
bab
b33
a64
991
8e7
845
829
807
87e
923
99e
a6a
aaf
a97
a20
9a6
916
837
74a
6c6
6d0
724
791
7e8
80c
837
833
7de
78b
6f9
6e7
721
77b
832
8af
92c
951
914
8dc
845
7a9
747
737
740
72e
761
7ae
7e2
810
8af
8e2
8b8
7d6
6f2
64f
5cf
565
537
58d
615
6ef
7de
883
85e
7fa
792
729
689
5cf
560
55e
597
62b
6bf
6fa
725
737
70e
6d8
6b0
6cf
718
73f
760
75d
720
6eb
6f4
6ca
66b
5d7
559
4f5
4a2
464
414
3f1
3e1
3ec
47f
57c
643
69a
684
622
5cc
578
546
557
543
585
5df
5da
5b1
59b
569
527
4b5
445
3d4
3c8
44c
4d9
56d
602
6b2
77f
7fe
869
890
88a
882
89b
8b7
85d
7f9
783
75f
78b
7e3
7fb
7e6
7be
77b
758
74d
778
7ba
7ee
813
813
822
804
7a9
751
708
6c6
6cb
705
734
794
7e8
7d0
7a4
795
773
73c
725
779
7d7
835
83b
833
835
805
804
82a
825
87a
8f5
955
9c1
a0b
a4a
a1a
96e
885
796
74b
767
7f1
874
8b4
90b
952
95d
932
948
978
9f4
a79
ac2
acc
ae7
aae
a77
a68
a33
9f0
984
97a
971
933
940
996
9df
99c
936
8d3
888
872
88a
868
828
7c3
74d
739
76c
7ca
826
8ab
8fe
906
8e3
88f
834
7f2
7ae
77e
77b
7a8
83b
8ae
8d2
8d6
8b1
8b7
8e2
976
9eb
9eb
9d1
974
959
974
991
9b6
9f2
a51
ac7
b2d
b60
b2a
aa5
a56
a1b
a23
a50
a8a
b11
b84
b66
b21
af3
a70
9f4
957
8cf
8dd
97d
a35
aa5
afd
af8
a91
9e7
954
907
8ad
8a8
8ef
951
993
9ab
9b5
976
941
93c
949
962
93f
91d
91d
90b
8f1
8e0
8df
8bd
8bb
8c6
896
842
79b
707
6a5
61d
578
520
50c
4fe
522
52f
504
52d
56a
5a9
5cb
5fe
684
707
798
808
873
8a5
8a9
86f
80d
7d6
767
71c
70e
70e
726
727
72a
754
73d
7a0
84a
8eb
950
8f2
812
70d
66b
644
660
689
6e0
72e
761
789
756
749
73b
6d6
69b
665
673
6a3
6d7
70e
728
70f
6dc
6de
6b6
6cb
720
768
7d4
868
948
9da
9dc
99e
92f
8f1
8b6
8c5
8ee
8ff
8ed
8ff
924
92c
97d
9df
a28
a5a
a82
a98
ab4
ad3
ad0
a83
aa1
b0a
b55
b68
b0a
a57
9da
992
938
8c1
8a2
899
89a
87a
89c
8b4
8c1
8ce
894
87d
85f
83a
82f
81e
82d
82e
80d
800
805
7a6
79c
7a9
79d
783
78e
74d
729
731
763
7d9
837
8c8
959
969
944
903
901
896
831
7b1
72a
787
7da
843
86c
83f
7ed
722
68d
5fc
597
501
48b
4d6
521
541
551
56d
56a
59f
5af
5b7
59f
61a
67d
6bc
71f
79d
824
7f7
796
6ac
5e1
553
4c8
423
3af
3d5
3e7
416
478
516
5c3
64d
6fe
71e
6f0
6dd
663
59d
54f
4f8
4b5
523
579
592
572
51b
4d3
4a7
446
3fd
3ca
376
3d5
420
47b
505
5ea
672
6e4
763
788
76c
742
6ec
6ea
6fe
749
7aa
846
8ce
914
93e
8d5
89e
843
79a
7a1
775
786
7f5
89a
98a
a2a
a04
9cc
8fb
805
746
631
5c6
585
5c0
654
6df
739
72b
71f
73c
734
71c
6af
69a
67a
69f
705
780
7b9
7c0
7fe
83a
878
853
82c
83d
876
88f
88f
85f
8ae
939
9c5
a1d
9d9
9a6
997
99b
9be
9f1
9d4
9c5
9f4
9ea
9c5
a00
9ef
a35
a60
a7b
a49
a53
9fa
98b
95e
998
9af
9bc
9ba
955
92e
992
982
9dc
9f4
9dc
9a9
8d7
832
768
70e
72b
780
7c2
80f
8a5
8bc
8f8
8f3
8a1
8e4
938
966
976
966
92b
8af
8a3
8f0
849
8de
934
8e6
91b
8e6
8a9
8c5
872
7e1
81d
7e6
872
921
9a5
a5f
b03
b9e
b69
b46
ae4
9b2
948
975
919
976
9dc
9dd
996
934
8ef
89d
935
9aa
9a0
9f3
b18
bbb
c05
ca7
ccb
d67
ce1
c46
c15
ac1
9c0
8f2
7ba
7aa
7dc
778
7c4
83e
84b
850
8d6
90b
8e0
7ea
802
813
7ea
8cb
88d
8e7
946
82c
7ed
82f
6ff
61b
639
617
5ab
5fa
63a
6cb
74e
75e
78c
780
830
818
790
77a
746
6a5
62d
6e6
6d2
692
759
74f
730
7cc
7b2
76e
71f
64d
61d
613
686
77f
822
872
894
885
7fa
82a
796
6e4
6c3
64a
684
61e
62e
686
61a
668
6ba
662
60a
5f1
60a
649
66d
714
73d
7bc
7be
71e
703
744
75c
728
7a8
807
807
7cc
764
7d1
7e5
7a8
73b
76f
756
719
75a
77c
852
89a
8bd
968
a7b
ace
af5
aae
a7a
9dd
9fd
aaa
a71
959
92a
969
8ae
8a1
957
92f
86a
94a
942
937
a3f
a84
b1b
b8c
b5d
a9e
a50
950
88a
827
79b
732
7b3
784
790
7b2
7bc
792
7f7
7f3
820
7e9
7cb
6f4
72f
78c
7a4
7b8
91d
90b
7fd
82a
922
8f2
776
628
7d4
716
59d
686
954
9d9
852
8df
8de
817
707
863
7cb
6bc
754
701
6c8
6e2
633
65b
8ae
861
549
5d2
689
5fd
599
51e
55f
66e
5a0
578
6c4
71f
6ff
7f7
5f4
5ac
591
55e
4ae
36f
370
547
540
50c
620
643
5ef
653
649
5dc
514
574
6db
733
6ab
643
628
663
671
5ca
4aa
4e7
530
4de
44f
360
427
4ea
54a
538
4b3
688
5f2
4c5
59a
57d
476
6df
4e5
439
687
58c
789
89c
839
78f
8bc
80d
736
863
7b4
6a0
81c
888
a3f
8eb
99a
a17
b1d
935
94b
9e5
903
7a1
7a5
5d8
6af
719
58f
757
76e
6d4
843
7eb
49f
4f1
651
691
683
573
588
844
872
7fb
738
797
8f3
947
8a4
873
882
896
8c4
7c2
914
865
88b
879
804
831
7f9
917
7ef
834
81f
850
a56
a38
a0e
c1c
c5b
bf0
b7a
ac2
b5d
936
812
67c
70b
5df
55c
6ef
721
75a
733
7b7
78e
76a
854
867
91e
801
858
8f0
95e
836
8ff
89a
870
7ca
7e4
7f0
94a
73e
767
913
8c5
884
a42
b44
9f6
af2
b1a
b11
9cb
856
8a7
935
a8b
9ab
9a6
b73
9ff
9a8
984
a67
9f7
94c
91f
90f
a3f
956
b33
922
a9c
a23
a21
9d1
a47
a30
91d
ac5
992
a49
88a
a3d
929
957
8ff
b1f
b0c
aed
b1d
b98
a2f
969
b55
bd9
b49
ad2
af2
9db
aa2
9f8
98d
9b8
9d7
aa5
a5c
9d1
a8b
853
a46
a41
697
6ee
602
50d
565
60a
4c4
78a
698
635
71c
69a
858
681
774
6f2
7cc
8fc
950
87c
7d7
799
77c
6db
855
6cf
687
757
68d
7b9
94b
876
8ec
99b
9e7
b0b
982
886
8b1
81a
7b3
611
6aa
867
988
864
7b1
9c9
7b9
85f
826
65d
59c
5a6
4ac
725
77e
67c
693
6a4
58d
4c6
6a7
612
4cc
3c5
54a
63e
6cb
755
6be
722
85e
78b
88b
94f
948
9ce
90e
923
8d3
8de
8e1
84e
772
7d1
7cc
858
6ce
6a9
759
6ab
76b
637
748
85b
97e
945
a57
9ff
8ec
94c
809
6e0
863
7ab
763
7f4
7c1
888
8c2
812
84c
970
927
8b7
9ca
86e
976
86e
9cf
751
869
789
6bc
7e2
7f3
869
829
8c2
860
7ef
7e8
7e2
8ea
8ca
7d0
7fa
7de
78a
733
6d1
71a
5fc
7ab
726
7a3
7da
865
758
664
6bf
634
6b1
627
5a3
5ee
566
684
5e1
489
694
712
570
660
6e4
79b
631
949
98d
7ab
70f
882
71b
757
7b4
6e0
802
749
812
6d4
67d
784
69e
659
65d
5cd
60e
521
698
6b1
5bc
5fc
734
6b4
715
792
889
873
70b
663
5e5
626
40a
587
4c7
443
344
59b
4af
48c
591
63f
5ff
5b5
6f5
8d1
83c
853
7c2
7e7
769
648
6e8
69e
706
65e
666
73a
6e3
69d
744
674
792
79a
83f
994
960
771
85d
80e
7be
6d7
635
6be
6d1
810
a36
949
8bc
a9a
948
74e
7c9
99b
8c7
763
7d0
915
952
773
76e
7fd
713
614
562
6bb
6b1
5f4
716
751
757
76d
711
732
6fe
83c
928
788
904
787
9ce
923
836
83d
904
8a8
96d
86b
99c
a3c
849
9df
b11
a7d
9ef
ad4
b04
ac6
a50
9f5
90e
8b6
8d2
933
7c6
8aa
799
7b8
7de
754
603
6ae
695
776
8f0
85e
8f4
912
95e
815
818
81a
71d
6c2
759
835
7a4
7b5
906
798
7fa
8ac
70c
822
77b
835
707
874
90e
966
962
8b1
8e8
697
7bf
992
7e2
7a8
835
a0f
917
918
b1c
bad
927
a20
b25
a0f
862
864
8fa
807
75b
774
7d7
84b
971
905
b59
b8f
b49
b32
b5d
c1d
b5e
c0f
c6a
b46
b00
d0a
b02
b5d
a82
a8d
845
8bc
927
87a
92b
892
803
918
93d
7e0
8c6
8ef
7db
8f2
91e
992
a54
8c2
988
8d5
853
781
83d
672
5c6
5af
594
5e3
508
6d0
6cf
77d
78a
92f
8b2
834
6dd
748
6c1
586
5af
702
71d
7b5
8a6
8ca
908
97d
8ab
858
884
804
8c8
88e
a0a
a99
b05
a52
aac
a33
915
8a9
9b6
8b8
650
86a
9c8
8c4
874
985
9be
945
8e5
8a6
7de
7ef
781
693
614
5d8
512
5d7
684
668
5c1
6bd
782
731
737
736
705
805
8cc
9f7
960
9ac
9dc
969
81e
79f
790
697
6ca
755
749
821
8ca
899
87e
97b
96b
96e
900
9b1
8d4
904
95c
932
91e
941
8c1
7af
8a1
88e
7b2
685
7fc
5fd
50e
591
617
50d
6a3
91b
9c4
975
95b
aab
8e1
817
85d
7ab
7d3
803
79a
984
940
9d2
85d
904
91e
7a6
78b
7ea
754
762
743
786
799
70d
6f4
67c
665
67e
584
560
64d
705
7b6
791
6de
8aa
87e
77a
782
701
7a8
69c
5f1
647
6ac
66a
573
6fd
763
69c
62f
702
5dd
5c3
655
79e
7bf
856
8de
902
90b
872
855
760
68c
52f
66f
5bb
579
636
610
650
6e0
6d2
760
6c1
751
6d1
6f4
67c
506
5a7
5ac
4ad
406
56f
509
560
4e3
633
541
4b1
52f
572
4cf
59b
617
609
778
7b5
7fc
89f
933
850
798
86f
804
87f
898
80e
8a8
8ba
947
785
735
757
75b
7c0
834
83e
93a
928
9be
a16
9f8
9d1
849
826
7e1
6a3
64e
70c
7bc
836
8ac
9e4
992
890
860
888
738
6cb
74e
6f1
668
591
6fa
6ea
6d8
77b
7c9
87e
7b5
825
918
894
9a2
a49
a59
9f1
9e6
a2b
938
85d
7e6
7a9
6c9
766
666
630
72a
6fa
697
6a8
788
7f9
718
7b9
7d7
783
73e
7b6
882
8c8
98d
9e8
8ea
917
8d8
7c3
85a
862
842
82a
8bf
91a
8b4
98c
9c7
950
8cd
8ed
893
81b
75c
711
63b
65b
687
6d6
756
6c1
6ad
79e
742
65e
586
5e0
66d
602
580
6e3
75c
789
86c
87c
796
86d
7cc
6bd
71a
72b
755
754
8f7
970
953
abd
a32
a3d
972
8d5
9d1
89e
83f
878
7e9
8bf
920
928
9ed
a3e
a07
a0b
a02
a64
a27
a7b
b97
c4a
c10
bb8
b1e
aae
a2e
8af
7a4
789
6c2
708
816
863
99b
a23
a0c
ac3
abb
a39
981
90f
8f5
8e7
895
930
8d5
932
8b2
862
8b5
795
77e
77c
766
6cf
617
6b7
661
573
6dd
74a
77e
7c7
890
862
768
6e7
6d6
6d9
65b
6be
734
7ca
846
8e2
91d
94d
92e
818
93c
92c
7fd
8ae
8c2
929
932
95e
984
934
86c
7e1
794
7fd
777
7b6
853
8d1
974
97d
a70
a66
936
8c4
8fd
8f8
806
751
726
6a8
705
780
79d
6ea
7f2
756
68c
6ae
6e0
6e8
7ae
910
95a
9d9
96f
93c
8e3
817
7a9
741
69f
690
6d1
819
86f
8ba
8fd
9ad
97e
98a
9bc
9c6
995
9b5
9d1
9f4
a45
9d3
9e1
9ec
990
92a
93f
8b8
8c2
87a
84b
7aa
746
719
74c
763
6f3
750
84e
88a
836
86c
7ec
79f
7af
8d2
91a
93a
90c
903
85d
8a3
859
808
748
6b3
746
76c
824
886
7f6
874
8c4
8a3
7a3
739
758
72c
742
731
7cf
87d
8bb
8e4
8a6
8a3
85c
78b
6cf
5a5
4a5
3f1
3da
391
453
510
5ba
695
758
7e3
7e3
76f
6cb
779
8dd
919
99a
a80
974
8ba
8a2
7de
70e
733
744
6ae
74a
887
8c8
8c5
880
7d8
830
821
7be
723
7e0
7af
7b9
75c
6b3
608
56a
48b
3df
3ba
388
3a3
456
500
4ef
503
598
589
658
7fb
879
86a
8a4
88f
81c
801
810
784
7b5
7cc
853
8b2
942
896
8cf
920
90b
8d7
96a
9d5
928
912
98b
961
8a7
8dd
93c
8a5
84b
8a8
897
887
89a
813
7f8
7e2
763
78f
80d
7bd
76d
765
77b
6dd
6a1
624
593
627
6ad
72f
75f
82d
864
883
7c7
78e
81c
8b6
953
9c2
add
b0b
a68
9c0
916
846
7ab
796
75d
729
7d6
862
80f
894
86b
7b0
75d
6dc
70d
710
762
667
63d
67d
706
6ad
688
722
748
7c1
84c
8b8
91d
8f4
894
7b7
727
762
818
876
77a
75e
7e7
7a5
731
6cd
6d6
6ce
6b8
720
769
7c6
7d5
72b
67e
6ce
6c4
6d0
6f1
692
66d
6e1
614
500
53d
503
52f
58f
5af
635
716
70d
717
74c
74f
7f4
8ff
8e7
8e0
91e
987
906
81b
7d4
729
60d
654
6c5
75c
89f
99a
97a
a2b
ace
ac4
a97
a9e
b19
bb8
c5a
c88
cb7
b95
ade
a69
9c2
87e
7ac
74f
7b7
82c
781
76f
7eb
7df
80a
7ab
80d
84a
886
911
957
9b6
9de
a12
963
8d9
8aa
7fc
7e0
72a
6d8
722
6bc
698
721
669
633
70e
771
7ea
737
704
66f
5fb
61e
653
6cc
71e
7c4
792
7cb
7a0
726
6fb
6cb
74f
6ef
781
78f
731
7a4
860
7fe
813
899
8e0
8bd
995
946
8c0
8fc
8da
8af
847
862
89a
8da
8f8
92b
8fb
914
867
73e
746
716
6b6
6fe
7b0
8aa
8dd
95f
94c
89d
880
8ce
950
975
94d
96d
941
888
81e
77b
6e1
6e3
69a
6dc
73a
72a
804
809
80c
90d
8e2
8b8
88e
8d5
8b4
916
8a4
7f5
84d
8a3
849
84d
881
8ba
994
993
9ba
a13
9db
9a8
9a1
8df
8cc
8d5
892
893
865
837
7f0
7e2
7cc
77e
7bf
79e
6e0
68c
681
6bf
6e5
70c
701
816
982
9d0
996
960
893
850
72f
6c1
708
706
6ee
760
857
8c6
926
91f
8ef
943
990
9a3
9bd
9ac
a1a
9f3
9b1
95e
894
7e2
68e
632
633
641
63f
6a5
691
6dd
768
74c
725
746
7be
880
865
847
7e4
806
83e
7df
7ea
84e
871
868
8c8
90f
927
8b4
833
82d
87c
94b
92d
89a
91e
909
8a4
8cc
894
8ea
84c
775
78e
705
6c0
6dc
6a5
6f8
6c1
657
5fa
634
5f8
58c
555
49f
49c
4c1
4d7
4d4
542
615
6af
70a
783
80d
82c
835
88f
910
9e7
992
9aa
9b0
93d
914
8b9
87f
8a8
979
a56
a5a
a6a
aad
aab
a17
921
8ed
8f8
837
7a2
86f
90f
8ec
8dd
7df
7f2
89e
7db
6f2
62a
5be
658
67f
6dc
7ab
8c2
9a6
a18
9f4
9f9
aa1
a19
947
8b2
8cd
824
7d2
7d8
81b
882
84b
88e
92b
900
933
8e6
8ec
906
867
860
8b7
8c4
8a1
7be
7cb
76c
70e
701
707
692
6cc
7bb
786
754
7c8
7e7
834
7e4
79e
721
72c
70d
63b
664
6bd
690
67f
657
67f
6f5
746
6bd
5db
575
57e
59b
56b
618
76d
7f7
884
950
919
8c6
87e
784
687
651
57f
634
69f
6ce
77d
7ff
84c
855
80f
7b9
6e6
728
70e
64a
63d
645
692
6f4
748
743
797
850
805
792
7d8
7c1
7b1
84e
8b2
8c7
924
9a1
a61
a8e
997
92a
944
913
91b
950
9d1
a1e
a53
ac6
b05
b05
aae
a37
a55
a06
a07
9a7
96a
974
8ed
89b
89b
836
7c7
72e
6a0
678
64a
658
65a
619
67b
6e2
731
728
74c
7a7
703
6db
675
623
5f3
610
622
69a
77e
7cb
7e5
7e7
7ec
7d6
7c5
783
79b
839
913
8e3
8a5
872
86c
838
7f6
7c6
79d
764
75d
6c9
6bc
721
783
7ad
756
773
756
7ad
827
84f
8f4
8d9
892
874
86c
873
801
733
6ec
759
7f4
7ff
81f
8a6
8b0
8ec
97a
99c
93a
940
881
805
80b
7b0
72c
736
7c2
81f
83e
86f
895
8d8
832
7e5
784
6e6
6ab
6ff
69c
6aa
6b7
6b6
761
786
74f
7f4
7d4
765
7bf
7d6
830
819
837
882
881
8e9
91c
8e6
8ec
824
7bf
830
84c
86a
8f3
910
891
906
949
8f6
854
74a
6e8
6a7
663
6d1
766
7c2
7df
82e
8c3
800
715
744
6ae
65b
698
6f7
84d
8fd
8c2
971
9d3
9fc
a29
9ec
950
897
813
831
793
72f
7c2
81a
851
84f
769
736
78c
740
72b
781
7ba
81a
860
8bc
8f1
968
949
8d4
85d
7f4
7a2
71f
6a8
653
647
6c7
71a
76b
7a1
784
807
82e
7e2
859
8a2
846
829
815
80d
85a
89b
916
902
878
832
821
7e8
7b1
770
7ff
82e
7dc
882
8c1
853
88a
80d
792
728
6d0
690
716
6fc
66e
70e
6e5
6d3
659
5f0
572
541
5df
626
635
66d
6ea
77e
83b
87f
936
98c
9a8
92e
904
925
8e6
8d3
8ee
96b
a05
a29
ad4
a36
9c8
9a7
8fe
84d
843
8ca
865
841
8b8
922
95b
909
897
8af
8de
89f
8cd
8fe
8f4
946
919
879
835
7f2
78d
72d
6f6
756
753
70c
740
76b
766
7ca
899
8ac
942
946
953
931
8f6
8b4
887
89f
867
86c
899
8b2
8ee
93b
8fa
8bc
91b
945
935
982
93a
918
91d
897
850
825
724
665
5db
5af
5cb
623
60e
60c
616
60c
63d
63f
64a
64c
627
683
64a
6aa
728
72d
729
758
744
791
7e2
7c0
772
79f
7ce
7af
7a2
83c
84b
81e
86f
86c
8be
854
7d0
74e
721
6b9
68d
707
74d
77c
750
722
6c5
661
619
693
68e
6c1
76b
7fb
8c9
900
99c
941
8d0
853
7ed
823
84b
867
85a
8ec
971
99d
a05
9e7
978
980
9c3
a20
a82
a64
a04
9b3
9ad
9e1
a89
b23
bb2
bf1
ba9
b6b
a54
9b2
8f0
7cf
76c
784
7ad
7b8
7c5
75e
731
72c
6c7
627
65c
628
5be
5e0
666
734
7b7
886
870
838
7fb
779
737
781
737
6b1
686
6b3
669
6f8
81d
864
8c0
914
8ac
872
822
879
87e
811
8a3
940
982
96e
891
7fb
784
6a7
59e
5a7
60d
5ff
61c
66d
68d
758
778
76a
756
77a
76f
7dc
876
8c8
91c
950
948
8dc
8ca
8ec
8ef
8e2
8e8
850
7f1
78f
6e3
69d
6e3
6e1
77b
86d
8f9
9a2
9c5
93e
929
8aa
841
82f
831
7e1
729
75b
800
845
87a
7d2
791
739
754
778
782
774
726
761
762
740
7b1
87f
8d6
932
92b
940
917
8c1
851
77f
6fd
6ed
73b
772
777
7b4
825
856
81a
7b5
7be
7b7
78a
7ce
7c9
821
8af
8c9
87f
859
848
8d5
8b7
88b
85b
832
7b0
786
757
76b
77d
786
7df
814
835
821
7c2
76a
70f
726
7f4
83d
8f2
996
920
8cd
90e
8ac
83a
7cb
709
720
78b
76b
7d6
84b
8a8
8c1
8e1
8fb
865
831
7b3
781
795
7a0
755
765
77e
744
7b0
890
8e9
907
91c
863
7da
7c7
781
733
751
7bb
7e0
818
890
8ba
852
7c1
770
700
6eb
6c5
665
647
6ad
6e8
72a
7f9
82b
7d3
78e
7ac
7d8
755
735
6f2
68d
617
580
5cf
5f1
666
740
796
81a
7fc
7ff
840
7f0
847
85f
8cd
97f
9fc
a3c
9cc
9a2
965
8fd
883
7ba
779
7cb
79b
7d6
838
8c7
940
90d
8de
956
9a8
9af
9c0
9af
9c3
968
958
964
90e
92c
93f
98c
95d
86f
851
824
78a
6ff
6ba
6f4
766
766
7a2
7ce
7f3
7c3
790
718
748
7ad
7ff
803
830
8c0
93d
9c0
9df
9ba
9bd
989
94a
967
902
80e
79b
7e1
7a9
7cd
875
908
930
917
932
8c8
805
746
63e
570
523
51e
557
599
60a
609
5c5
5da
5c3
55c
4f4
4e2
4f5
5ae
633
6fc
7ba
828
8db
9b2
a2a
a2d
9e0
925
7c5
701
69a
5f5
5b5
5bb
62d
654
725
7c2
78c
718
68d
643
620
69e
76e
7d6
80c
86f
862
8a7
925
896
828
79c
6e8
6b4
6bf
747
7e3
7ed
86b
8bd
8ff
93b
8c3
869
867
7b6
767
7f4
83e
8d8
98b
a4b
a86
aeb
b8c
be7
b32
a8d
ab5
a20
a5c
a63
a0e
a76
a51
a13
a2b
a07
985
8b7
886
7cd
780
7b0
73c
6cb
6b6
779
7a1
781
772
778
758
6b5
630
61d
61e
636
66a
691
763
7fa
81f
855
8e1
8ac
8c6
8a8
814
794
773
78a
7c7
7dc
7fb
809
7fd
7f5
7aa
79b
7a0
765
6de
67d
63a
69e
717
6e7
733
7b5
782
7db
7f9
82c
853
781
786
79f
761
7bd
78d
79c
7d5
7c1
80e
8e9
934
91a
971
8f6
88c
889
819
823
7de
807
84d
8b6
8e6
8a0
8c2
87f
880
8a2
889
861
85f
8c3
91c
923
8cb
8f7
94e
8dc
898
7d2
75e
744
74d
799
7d0
780
7dc
86e
87f
8a8
855
7e1
811
745
6d8
756
7a4
7b8
832
8a9
871
855
85b
803
79a
717
6bd
654
6d8
725
6bb
72b
835
809
877
931
993
9c0
945
875
7c4
7c6
7cf
766
736
760
801
88e
893
8ea
832
808
774
719
765
73e
736
767
779
7b9
7f7
88d
85f
85b
800
78f
766
6fe
72f
77f
7ca
816
84e
922
97a
96e
936
862
797
748
73c
6e7
6ca
755
761
7d6
8d1
931
94f
97b
893
807
827
844
828
84b
805
76a
7cb
810
7cc
7bc
7c7
78b
7df
79a
795
780
7f7
7d9
740
79b
750
7b7
7cf
741
6f3
6d1
646
619
62e
5c4
5bf
5da
64d
69d
6f4
775
7f0
837
89a
8b7
8ce
985
9c6
994
990
9d0
9fd
94a
92e
8cd
818
82d
7b2
716
702
6c0
675
6d0
731
7a6
869
900
97e
962
9a3
9da
991
93d
893
850
85f
8e0
895
8e0
8c4
91f
9e6
a29
a5d
a29
a1a
993
957
8be
863
828
802
7e9
829
88f
907
94c
97b
956
8c2
86a
7eb
7fe
7a5
820
89e
922
93a
920
929
888
85f
813
7eb
851
843
801
8bd
877
8b8
92a
8eb
887
81d
77f
68b
66b
679
581
4fd
59a
632
6a5
711
735
6d6
6ac
69e
673
705
6bc
66a
697
68c
6d6
73b
7bc
7f7
7c1
76f
720
649
5db
5b1
616
5a9
5d6
5c3
5bf
6b0
6fe
774
723
72b
765
71d
746
700
69f
68f
692
756
7d6
796
757
704
715
6e5
76a
703
793
7a9
84e
923
978
a3b
a10
9a4
8bb
827
78a
738
6e2
703
785
821
8fb
9e1
a4d
aa5
b1f
a61
a74
a78
a5f
a95
a6c
a11
9bf
97d
9c7
9ee
966
8f3
8a0
85d
8a3
880
790
7a9
787
7d2
89f
886
8d1
8be
8cd
8a6
83a
7d0
746
763
76a
7bf
79a
771
753
711
6f2
6a8
63b
60d
613
62c
657
67f
728
809
819
7d4
81b
80f
80b
7bb
784
71e
74f
68c
603
613
5f3
62f
65a
69e
6de
766
767
724
74e
701
6fc
80f
830
871
8b7
8c2
8d4
8a9
8ad
8c3
887
8ba
8d6
8f6
91a
8da
8c3
8e2
865
851
83f
77b
716
75a
72b
774
806
87c
90f
908
8c2
86d
88a
860
86e
8b9
822
7f9
7a8
7b1
828
834
8c2
8cb
903
8ed
90a
94b
957
96b
9c5
9dc
9c0
909
8b5
7de
744
6f9
65d
683
6a8
6f2
707
6cf
67e
66e
6d9
6ab
684
6d4
73a
760
74f
7c9
82c
8ca
8ed
959
92e
88f
830
7ea
7b8
7f3
790
83e
773
716
78b
75f
858
897
8f1
8ff
92b
939
89e
929
8fb
8fd
940
8f5
925
8ef
889
829
7d3
7ab
769
7c4
7d5
76d
7d4
89d
892
7f6
872
7e8
79c
6d2
657
698
6a2
68a
662
71c
744
75d
816
851
888
87c
8ee
922
922
983
916
924
925
943
98c
972
925
8da
86d
7f5
76d
706
71b
779
759
77b
795
79d
719
6a0
5f5
5db
5ab
56c
585
61e
63a
678
6d4
691
67e
6c7
77d
724
70f
77e
76d
7ca
822
816
899
8da
915
96f
9dd
9d1
926
945
90d
904
8c3
87f
813
7a9
7ff
7ec
870
8b4
8f4
86f
78e
785
715
7d1
861
8cb
924
945
8f9
910
904
8f3
8e5
91f
8ce
8f1
9a9
9b0
9aa
8f7
874
83e
897
85d
802
80b
7eb
804
8ae
86a
87d
8e1
911
939
906
91c
9ee
9d8
9a0
976
925
8c6
8bf
8b9
86a
8ba
8d5
860
867
829
820
836
81b
88c
90d
920
8f0
8d8
833
7da
795
6a2
59f
5fb
5f2
5ca
629
609
5f2
5ea
5bb
5d1
608
60f
6d6
70b
77d
848
85e
901
866
862
824
7fa
7f8
7e3
7e9
793
7bc
776
752
6e0
6e6
6f4
6fa
74b
6e3
6dc
642
539
498
536
5bf
66a
70b
7dd
722
683
6a0
630
656
5f9
66d
6a1
760
86e
985
a53
a27
9e6
91e
8f3
8da
858
848
886
8ca
837
890
948
93a
91f
8f6
8b1
8ca
955
993
9c9
9a2
9ca
a49
a04
a99
af2
aeb
ab7
a08
8e8
83d
7b4
7d3
7ce
783
7d4
8a1
902
96c
9bf
952
885
82d
777
692
727
7ca
830
89e
83d
7e3
86a
7c5
7a5
789
7c4
852
823
8d2
801
819
81e
81a
816
819
7a8
81a
776
68e
600
54c
4ce
4c7
545
549
4f8
525
5cb
619
55a
5a3
5d3
5a3
620
655
764
85a
89e
8ca
8d9
852
7f9
808
7e4
817
8bc
8ee
945
907
9b0
991
920
8b7
7c4
818
83e
855
829
805
75d
72f
730
7be
796
7cb
813
7a6
7f1
7f2
846
83d
87c
8a5
89c
8e4
8d2
948
993
9ae
96e
94a
8a3
8d8
8fa
925
94a
899
8a6
92b
84f
801
7fe
6f6
6a2
6d6
7b3
7ea
7a9
83a
7cc
7d0
703
6e4
703
65b
6c1
754
7c0
826
8a6
887
848
773
788
6b6
62c
664
665
6ab
72e
76e
842
96e
968
9f2
9c9
9ee
927
900
8c9
7d8
7d1
789
774
815
853
8a0
87e
894
836
7f3
785
764
719
7e1
8d4
8cb
9e2
a12
990
958
8f3
866
714
6bc
629
65d
6c4
701
793
79c
78c
7a5
7b3
75e
74c
7fd
815
8b6
8b7
8b2
927
8e8
8af
8a6
913
8bf
836
7c6
747
6ee
70c
693
75d
7cd
875
883
8c2
914
889
89e
7e0
777
6f4
73c
7e5
7ee
8ac
8f8
824
81d
79e
63c
644
594
4f3
4e0
56f
679
641
6fa
798
7d7
81d
89b
8d3
872
897
8e3
8a3
7f0
76a
7cc
7c2
84b
88e
88e
90c
8cb
85d
8b7
800
7e7
818
829
88a
99e
974
975
975
8f7
9a5
919
8d2
833
861
938
8bf
90b
8c1
857
7b6
709
78e
747
771
707
765
847
815
7cc
8a3
852
8be
8a8
83a
858
7a5
8fa
924
919
9b9
9b8
90b
9b1
96a
97d
9df
a6a
a39
acb
b56
a45
a2b
a7e
9ea
a03
98f
8d2
767
643
60a
5c8
5b6
5bc
5ad
620
62f
5c5
619
63c
699
63d
6ab
75c
6e1
74d
863
858
84b
8cf
902
79b
6d4
6a1
5be
566
58e
622
6b0
733
728
795
75d
6eb
639
77a
7ce
7d3
7d4
822
82b
6bd
73b
737
6c4
5f2
609
602
5d3
52b
4d5
540
5dd
59e
60c
839
8f7
994
9bf
9d2
937
91a
8a6
844
7d3
7b9
7ed
85f
87c
941
993
94c
8c2
834
80d
8c5
a88
b25
b58
beb
bf2
b8a
ad8
b68
b27
a2d
a76
a5d
973
880
907
899
743
77d
88c
8c9
820
874
827
6df
6cf
748
712
735
845
963
9b8
958
a3b
8f2
8ab
854
7e9
743
666
6ec
6fc
697
761
705
6d7
659
638
6e9
6ae
672
715
7cf
870
7ce
7b1
786
614
5d7
5fb
5d8
604
5bf
6dc
5c1
6e8
7c4
67d
713
882
859
866
8aa
8af
86d
7ce
845
76c
7d9
7d4
7fd
a51
9a5
8be
8f7
7c2
6c5
6b4
742
775
6fd
7b6
7e8
82e
955
946
9dd
985
862
8ad
825
8b3
8be
828
925
8b4
7d6
798
817
83a
751
8c3
9aa
91d
9eb
a6c
a6c
9bf
971
9b6
954
8f9
8fb
8de
744
64a
64f
5ee
4cb
57e
5c4
563
4e4
524
542
355
329
379
47d
4a0
602
783
79d
71b
756
72b
608
5a3
547
579
565
66f
765
7ba
840
8ac
888
81b
758
6d4
67f
6c9
754
76a
7cd
7c3
7e8
86e
862
8b7
8d7
921
8a0
88a
8c3
82e
75a
871
848
7af
8c0
a05
a79
a65
b0d
b01
a33
aa3
a8b
956
9a9
9ab
82b
7e3
868
862
842
864
8a7
8af
90a
93a
a4e
b5d
a4b
9ff
a79
9d6
925
98a
970
8fd
8f5
8e9
9ef
a52
a6a
a43
a4e
9ca
910
9cd
918
8ad
823
717
6f8
6d6
698
776
853
8db
9ff
9f0
a46
949
886
852
732
705
752
770
7cd
80a
8b1
883
7e3
887
873
78e
775
7d0
7aa
739
7c4
8bf
7f5
80c
819
798
73c
6c2
72a
668
68d
723
6b5
76d
701
72a
7bb
7ea
7f9
811
7fb
855
7e2
752
78d
667
620
614
6e4
710
6dd
78a
6ac
61f
693
6d3
72a
6ed
702
6f6
62f
59f
602
6c1
6e4
701
839
7f2
78c
859
7ce
7e3
754
6d7
71a
66f
667
632
697
622
650
707
720
7e6
7d0
794
757
7d2
7f1
88c
85b
73f
5be
5e3
59f
4d9
560
5da
625
6a8
72d
75e
7ca
776
6d6
671
6c0
624
654
6a8
641
53a
5b0
626
64c
68f
6f6
734
7bb
7db
814
862
835
847
828
769
6da
6c9
6a9
6e0
690
6ec
710
7c3
7e4
7c3
808
7cb
7c7
7d6
834
766
78c
7a2
7d8
7db
869
928
93c
9f0
948
96e
992
926
92b
995
95c
965
a99
a6c
a9b
a59
a9d
aa6
a96
a88
a6d
ad2
a44
a4e
aa6
abc
a44
a5d
adb
a3a
9bb
a44
a8d
a02
9ca
a1d
ac4
b28
b90
be1
be1
bd4
b93
ba9
b52
a3a
9a5
93a
8ff
7f4
73a
6d8
713
76e
807
8f8
9f8
a77
a20
9c5
8f0
8e2
87f
8b8
858
7d9
8be
92d
947
946
997
9a8
919
8bb
8ca
84d
850
821
83d
892
845
830
86f
846
77c
706
7c5
811
7fb
83a
836
8aa
896
916
973
927
87a
80a
7cb
77a
694
66f
6e4
6ad
79a
8ab
926
9c2
9f1
918
89e
89b
91d
8d2
8bc
806
75b
7b7
720
6fc
69b
736
793
77e
870
877
81f
8c2
899
825
7d1
79d
796
85f
898
8fc
90f
8d4
8be
849
7ae
697
6c0
6b5
68b
683
6d8
682
573
538
518
50d
48a
4b8
526
5e9
636
6a8
6c4
663
5ff
572
4d2
450
438
3fc
39c
423
453
53c
5bb
59e
6a0
736
761
77c
7bb
6e3
6fa
767
6f3
69a
67d
6b0
67d
605
5cd
6a6
713
66e
6fd
79b
817
8e0
90b
99b
8de
863
7e6
6ba
60e
57f
5a9
626
6a8
67b
699
705
6c1
65c
6d3
653
60b
732
7cd
85a
864
8a4
8b8
8fc
96c
8f4
92d
94e
98e
9ba
9a0
9a2
956
91e
870
7ed
7c9
7c1
7d9
79f
7a6
7d8
7f1
832
83e
7df
7a4
853
8fa
976
90e
848
7e3
760
766
6c0
67a
63c
65c
6cd
721
7c8
869
950
998
9da
a27
9eb
9cb
99d
942
882
88a
8c0
94b
982
9a6
9c8
9da
9cd
91e
8d9
89f
879
823
735
72f
7ef
827
82d
840
7de
78e
732
718
6e7
656
6a0
762
795
7aa
6cd
5fc
500
516
563
5d4
6d2
732
7f1
8e5
977
9d0
a5a
a3a
a31
9fc
9ee
9ce
999
98a
92d
913
89d
882
838
802
7cf
840
86b
7cc
7eb
7dc
7c4
7aa
79a
720
6ec
75f
759
736
759
7d6
805
7cf
789
77e
730
75b
7e0
84a
85f
802
7d3
7a3
867
879
86c
90f
940
8ce
839
820
7ad
7c9
7f6
7db
796
70e
712
6f8
68d
5fc
5db
5da
5f9
647
631
6cc
718
748
72d
715
6ef
67d
6b3
6bd
6dc
64a
682
678
681
672
67a
6bd
73b
7a9
766
83c
969
a6c
ae2
acb
9eb
92e
920
8b7
8c2
89d
8ea
97a
9ba
a04
a20
a27
a73
a1f
a06
996
977
931
8d9
8c1
8a6
8f3
967
9b9
991
921
8fd
942
946
915
925
8de
90e
9b6
9c2
999
9bd
a29
a5f
a9e
aaa
a6a
a52
a2f
a1b
9e4
ab8
b2c
b03
ab4
9f1
94a
92b
95e
949
937
967
9c1
97b
8f5
8e4
8a1
8b8
8f1
8e3
873
8ad
8bc
892
81e
7b9
76e
786
7dc
7c7
75f
7c9
7ff
7d7
7cd
7b3
774
7a7
7c4
7b9
7ba
7f8
857
8dc
8cf
858
85c
84f
7a4
75a
764
7dc
8aa
928
950
8e2
84e
7d9
7b1
75c
76e
7cc
83b
8af
8d5
881
8ad
8c0
877
886
839
82e
826
7c4
765
6fb
737
760
76f
7cf
7b2
7d3
842
851
876
873
8a8
914
97b
9b4
99d
97c
9b5
9a0
984
969
924
954
959
960
994
97b
977
98a
966
85b
7a9
729
654
5db
5f8
5f3
670
658
5d0
548
4ca
494
428
481
483
4d0
5b5
624
616
631
699
6b0
707
710
766
750
753
746
6f7
732
784
7c3
807
882
847
833
88c
887
842
7ee
7af
721
738
770
72d
7e9
85f
891
8b7
8b5
87f
7c1
750
6c9
602
5d2
61a
668
694
6f3
72c
7bd
826
88f
87f
886
8a4
85b
812
7fa
830
876
8ec
933
977
95b
971
91e
889
841
872
8f7
922
960
988
99b
9ca
9ca
9c4
976
901
8f7
8dc
876
7e5
7f4
811
7d1
7df
7b1
6c3
67a
68d
602
60d
660
687
729
7f5
83e
89e
8d9
8a6
876
85a
8a3
88f
8cb
8fb
8b7
8d2
8c6
90a
964
974
930
909
8d3
889
83b
808
7f7
810
81e
804
7f3
814
838
7d7
717
636
5b0
521
439
410
3e5
427
4f7
633
70c
766
7f8
7c5
728
6ef
642
62b
688
692
69b
6e9
748
77b
792
807
7df
7dc
866
861
82f
840
86a
82f
820
8af
8ae
86c
872
7b2
732
6b8
65a
67a
6b5
71e
6f4
6ad
6e7
6f0
69e
6d5
65a
5cc
634
635
686
6e0
74c
7a5
7e4
7b0
6e6
655
5c7
543
4fa
580
5f7
622
62c
5fc
5bb
5b1
584
4fd
550
5e1
623
661
618
5cd
597
512
534
550
542
559
56d
55e
5b6
583
54e
522
531
573
582
617
615
5ed
67c
695
66b
6b1
69e
687
696
6c7
741
788
82a
7c5
770
7c2
7e2
819
8cc
967
96a
979
94a
928
96c
966
95a
9aa
9f9
9d8
98d
991
95f
970
989
954
93a
958
992
8d5
7eb
75a
6c9
6ad
73b
7b2
8b7
9c5
a4a
a5c
a6f
a7f
967
90b
8a6
830
839
89c
91c
9a8
9d8
9e6
9f6
976
8fc
843
830
85f
8b4
8de
8ee
946
9b3
9d4
971
8cc
867
852
85e
838
7f4
78d
7c3
7d2
82e
8a6
8a0
945
941
916
8e5
889
831
7b0
796
7ce
852
8ad
8e7
8db
7fb
72a
6ec
655
630
65f
65d
68d
6db
77a
7fb
87e
962
9df
9b0
965
899
83a
84b
7ec
757
6ef
72f
790
7ec
848
8cc
957
9f1
9f3
908
855
848
815
7e0
81a
8a4
942
9e5
9e4
902
847
7ff
7a5
786
7b3
825
8ab
95d
a2e
a44
aaf
b0a
aac
a54
9ff
a0a
9f0
9ba
9b9
993
999
9ad
94c
925
8ce
846
823
81f
822
81d
7f3
7b9
74a
70f
725
74a
77a
825
844
7d8
7c2
6f0
684
690
69d
6b3
6f8
791
746
6fa
71d
758
7af
861
889
886
8f9
919
8eb
8b6
89f
874
8e2
922
8e7
8fc
8ff
904
8ba
81e
7aa
758
788
7a2
7b0
887
95c
9fe
a71
a2b
98b
8fd
861
811
7c8
7f3
824
843
8c8
8fc
8ba
8c7
909
8fd
9a2
a74
b01
aff
abf
9ff
97a
99f
9d2
a5d
b6f
c2f
c2c
c35
bc9
aeb
9f8
949
880
7da
800
853
8e5
98b
a4a
a94
a5a
a43
a13
933
8bf
8a0
8b8
90d
97b
984
9ce
a26
a2e
9ee
9b6
9ac
934
913
8f8
852
824
7fa
822
90a
9fd
aa4
a6f
9fe
97e
870
857
7f6
7ae
85f
949
a11
a3b
9eb
92c
8a6
845
7e9
7ec
856
7c1
7c4
819
82c
8c8
921
91d
960
94a
8ee
831
786
768
714
627
5be
5c7
65d
6f0
727
7ed
8a1
965
9ba
946
8a4
81f
7b3
81b
8b4
921
a01
a52
a02
99c
8b5
7ba
6f2
667
604
667
6a9
6b4
71a
7a9
808
8b1
932
995
974
953
8a9
745
682
5f7
5c4
55f
542
5bc
612
66f
687
652
5d3
550
524
4cb
447
3f8
3f6
420
4a4
549
558
55d
505
41d
35a
30e
2a8
290
307
35f
3b0
458
504
573
65d
703
7a7
80e
794
6cd
616
5a3
588
5ac
606
699
6aa
677
680
622
5a5
4d2
498
4a9
503
5d7
651
6ac
710
74b
787
7cc
7ab
77f
71e
710
6f2
704
76a
7d7
854
8b2
966
a0d
a36
a55
aa6
ad2
aa4
a36
990
89f
7de
794
77f
7e0
903
98d
9a9
8fa
7ec
72e
6e4
6e6
681
688
76a
77d
7ed
88b
8cd
89c
8ab
834
760
6f3
6b8
66d
67b
6d4
6ad
6ce
7af
819
7fe
838
858
846
7fd
7e7
7c7
827
8a9
87a
894
942
98a
a0a
a55
98e
884
7c0
75d
6eb
6cf
716
77e
7b8
7c2
7de
79e
786
71e
6e4
780
75f
712
6d7
693
648
617
62a
63e
697
737
798
73d
713
716
716
730
745
76d
806
89e
911
990
99c
93e
870
7f1
7c6
79a
760
73d
7ad
811
848
86f
88a
843
7b0
72b
71d
768
7ac
818
84b
7d9
7c5
7bc
769
79d
82a
8ca
8de
8b6
88f
886
86c
826
7df
7d9
7fd
895
91e
94f
99b
951
8a2
87d
853
7fd
7cf
758
703
6fa
726
71e
781
83f
839
817
7ef
794
758
729
689
62d
607
679
65f
68c
778
7ab
7c6
7c8
751
6c8
65e
63c
62b
6b0
79a
881
935
9a0
95b
926
93b
8dc
88d
84a
81c
815
823
866
80e
7cb
7eb
7a1
7c2
7e7
7dd
7e2
7a7
753
72b
745
775
792
7ff
89d
912
99c
9b6
995
962
930
8d2
7f9
7b1
78f
7c0
8a6
93d
9e1
a1f
98f
900
8ce
897
8b1
923
93f
9a2
a1e
a57
a99
aad
ab6
a7f
a1b
9da
94a
8cc
83b
80a
844
802
856
8be
8cf
919
910
892
81b
7f9
7da
7ee
87a
8c0
8f2
995
9d4
a10
99e
901
87e
826
84a
874
8a4
924
99a
971
933
923
8cf
91d
946
926
94a
943
970
948
93a
8d8
879
84b
7f3
879
904
92d
934
8e4
8a4
84c
7a3
759
706
75c
793
7e2
873
899
84a
7f0
79a
7be
83e
8a9
915
979
9f2
a3c
a49
a41
9e5
983
956
972
989
97f
995
931
892
899
86d
7e8
7d2
778
751
780
7b3
80f
818
81c
86c
894
820
7e0
805
7de
7cb
767
6cb
648
622
622
626
614
5a3
550
556
559
4ab
42f
438
46d
4c0
53a
57f
517
4a0
499
416
351
344
3d2
47d
522
4f5
4c9
547
547
500
4f5
508
513
582
605
6bd
753
762
6b9
5d0
57b
5ca
571
524
559
5f2
681
706
7cd
826
84b
85d
829
7fc
852
88e
862
875
879
813
83f
8b8
8e6
97b
9bd
993
9ac
9f5
9d1
9fe
a03
99c
9ba
a00
a19
9e8
9de
9a6
921
863
830
820
7bf
71c
722
778
815
8bc
910
9e6
a5a
a71
a8f
a94
a69
a35
9e1
952
8f3
8c6
87a
886
8db
8a6
79f
6d1
64a
5df
638
673
6de
762
87a
95d
a2e
aa1
a58
91b
819
767
707
71b
722
703
787
841
820
7e8
7d2
7e0
7ec
81e
855
8e8
96f
a09
a87
a3b
a1a
a3d
9df
937
899
866
81a
856
8b8
8c1
8a1
885
88c
8f2
917
911
91e
91e
90e
8c9
869
801
7ad
764
711
6f4
6d9
73d
78e
76d
79b
81a
848
87c
916
940
986
9d1
9a0
993
96b
978
92c
8b9
878
83c
813
7e7
803
868
8b0
8fc
8aa
864
8c5
8d8
8c2
91a
8bd
85e
853
86f
87b
7d5
744
67c
5a0
515
4ae
4a3
47d
4de
60c
6f1
7cd
8b6
971
920
885
852
7fc
752
7e5
7a7
79d
85f
7f5
81f
7b3
79d
75e
751
78e
7a3
820
854
957
a0b
98b
8e2
8ea
8a6
826
715
65d
628
600
634
65e
699
6a5
737
748
776
78a
7ed
834
868
853
7ed
85e
86d
83c
874
87a
803
7eb
78f
76d
7a2
7db
838
86b
8e3
967
9ae
9bc
945
907
902
924
937
85e
7ae
74d
6bb
655
64e
699
6f7
708
783
799
787
7e6
7f9
820
8c9
937
947
99e
a16
a5d
a0b
9cc
9c7
945
907
857
7ba
830
8d7
969
a0c
a95
ac2
b16
acd
a4f
9e5
948
910
8dd
8e9
933
93b
8ce
880
7ff
77c
735
78b
74b
770
81f
8e8
9f2
a57
a9f
ad4
aa0
9c4
8db
7dd
742
6e7
6f5
75d
7d9
867
83f
828
891
8bc
8ab
88b
802
826
8d5
920
973
97f
9a6
98e
99b
984
925
865
7bb
796
7b0
765
708
76f
78f
733
702
754
747
78a
7d6
73d
6ae
6e6
699
71f
742
749
7ad
840
8aa
908
95c
90f
8d3
8d3
852
82c
857
852
89b
89a
831
7f1
797
677
5b6
4d4
3df
362
33e
36c
3e5
506
5ff
645
63a
622
617
590
553
532
4d3
551
55d
5cd
5f5
577
585
55b
4ff
4f7
52b
520
5e5
607
63f
6b1
703
7b4
724
699
60f
52e
534
59c
625
660
6ea
777
76d
767
785
77a
767
798
7e6
7fc
887
901
8fe
8c8
8b8
894
7eb
749
761
748
7a4
828
81a
88f
8b9
8e1
90c
888
80a
7f0
82a
880
8fd
89b
895
8b8
7bf
7be
80d
7d4
79d
79e
7a9
7c1
82a
83a
832
877
8e4
914
9a5
a31
a93
a4b
9d6
936
82c
782
74c
758
686
6a4
6c5
734
86a
91b
984
8f8
8b2
8c3
875
81b
7e1
7ad
7a8
7d5
7e0
7be
77f
70f
6b4
6d6
678
683
679
722
7e5
835
976
a8f
ada
ab9
a57
994
8f1
80b
7d5
811
89f
986
986
997
97b
909
8bb
8b7
81c
738
71c
762
7ff
888
893
8d8
8ca
874
87d
7f3
7a3
792
759
749
79e
7cd
858
868
81e
82c
89a
92c
9fb
a77
a92
ade
a73
a22
9cb
9a4
939
95a
8f3
8e1
978
953
9dc
983
8ac
894
898
89a
839
84f
826
849
833
7d7
769
692
5d0
507
48a
4b2
46c
4bb
523
5ec
65a
5ef
6ab
691
636
640
63f
688
62d
640
6d2
6d8
700
743
6fc
72d
762
79d
81e
87b
886
8ca
90f
8b5
8df
8b5
805
7b6
73f
6c6
72a
7ce
7ea
883
806
729
6f3
6bd
632
600
69b
722
7e8
8d4
96c
a17
ae6
ad3
a2f
93a
975
917
895
8d0
8ea
9b5
a89
ab6
a13
908
865
778
720
708
726
722
825
8af
8a2
857
8b9
87b
7f4
7f0
7ec
702
70b
793
84c
909
9dd
a38
a17
a76
9bc
94a
964
905
8d6
85d
7f7
7b9
795
776
7ba
7b4
79d
833
83f
818
894
906
8f6
905
873
8e1
8c1
878
87f
7e0
883
85b
769
841
802
680
6cf
781
762
826
978
a71
ac4
b54
b5c
a78
a1f
924
84d
7ba
874
947
8bb
95f
a41
9c8
92b
8db
871
772
788
771
757
81f
8d9
910
95e
979
8fb
82b
7ab
7b3
714
69b
7e5
85e
848
993
93a
8ba
89b
891
8f3
8a2
8eb
8ee
8ff
97f
9e9
9b7
9b5
957
89f
7ef
7c8
77c
7cc
800
848
834
8c4
9df
89a
8a6
808
6bd
64a
630
602
56a
67a
65a
5ca
4b8
520
4fe
5b5
59f
491
4fb
5ff
6f4
677
6b0
70d
792
7af
703
706
715
6d9
63f
573
4b5
639
718
4b4
609
613
5f6
78c
799
7d1
783
8b1
847
6f7
559
79d
7cf
468
606
927
864
50c
665
838
5e3
5f8
8a3
91f
5b3
8bf
af4
9cd
778
845
992
38f
106
194
53d
510
274
498
87a
883
714
a77
95f
71e
943
a9b
7cf
82e
b86
85e
93b
afb
dbc
e52
acf
70e
96e
e2d
ee2
f3f
f23
e4d
df0
da2
d37
cec
c28
b3a
a96
9b3
88d
8c8
8b9
784
757
6e6
626
5ef
559
57b
505
3bb
455
408
3ba
414
491
4d5
35a
400
346
11b
000
1fe
29c
10c
0ef
193
1c1
239
394
44a
52f
575
6c5
84d
802
6be
71f
5f7
4ab
503
4be
466
53d
5f2
6e3
7e8
84b
8d8
8d1
8e8
923
a73
a45
9ef
b37
c2d
c30
c88
d4e
c6a
be1
c24
bb7
ae3
b89
c20
c98
dc9
e18
e8c
e5a
eb8
e79
db0
d53
dce
f21
eda
de7
d29
c53
bed
d29
d94
c67
bff
b76
a35
8fc
91c
98e
958
989
964
8a1
831
7de
722
69d
6b8
6d8
634
5e3
658
601
4ed
51f
547
4b0
438
4b6
4d9
408
41c
464
488
453
4fb
55a
4e9
4d1
42f
3d4
327
253
207
288
2ef
1b7
164
1b7
2d3
37b
52c
5d3
564
68f
6a8
632
597
6da
748
6a9
741
83a
82a
8f6
93f
87c
994
985
912
972
9bf
a45
a40
adc
afd
b36
bd9
ba5
acd
a72
a4d
9be
975
a3f
bba
cf8
bc1
9e6
954
9e0
91a
774
81d
a02
a72
986
904
8c2
7f9
725
672
6f3
646
339
2b3
36f
4aa
5c9
71a
91e
88c
717
612
5c4
693
657
6cc
88e
859
884
9a9
8e2
8db
9ff
a5e
a30
960
89c
927
7ab
6c8
796
735
6d1
6a7
5da
51c
525
50e
4f9
507
54e
5d9
69f
6d0
690
7c9
784
70b
68d
5aa
549
5c4
5dd
64b
6f6
6e2
7ae
851
7d8
73a
788
677
4bc
5f0
694
7a4
81d
71b
702
6d6
761
66d
5f1
7fe
709
601
54b
502
632
71a
7a5
811
94c
b2f
bd2
9ee
8df
89d
8be
8e9
8d9
9b4
a0c
a89
c54
d56
cb7
ccf
d11
b1c
a35
add
ae1
aaf
bb2
cdf
cbd
d1f
ebd
e3b
ca3
c62
c8f
c07
aea
ae8
b5e
bcb
c1a
b4c
ccc
de7
c23
9db
9f7
a84
9f8
b9a
bac
a61
ab3
b11
9ea
a0d
a25
9e5
98d
8ab
76f
7be
7f6
735
77f
7b2
740
714
82b
7bb
708
691
52e
4eb
5f4
549
474
464
494
537
69a
765
631
5f1
638
733
593
426
4f1
4ce
3da
395
411
65e
83e
8be
7b1
5d7
599
555
492
4e4
52d
620
765
626
5ef
54f
48c
512
50e
5cb
5c3
453
37a
457
5e5
75a
926
79b
6cc
658
50a
5cb
6f2
80d
7c3
650
5f3
58f
5c9
833
7f2
672
68c
584
5e8
621
521
440
44c
496
500
639
6ee
715
6bf
599
3fd
3a4
524
548
4c5
62a
670
6f4
8e6
9d4
8e0
8c2
953
8f9
7df
88d
969
91a
962
ada
a7f
a21
9fc
7c6
7e2
9a5
97c
82a
a52
961
80e
99a
9c9
96f
8be
989
932
88f
841
779
6dc
7a8
7f5
816
7a2
784
7ca
8ad
93f
938
8a5
84c
7b1
785
715
6a9
7ea
7fc
751
61e
5d1
508
43a
3fd
53d
646
6cd
6d0
653
730
9d8
a6c
796
4b8
47d
530
5d7
65d
604
76c
827
7b8
7f7
9e0
a59
8f6
886
977
aa8
aea
bb4
d59
e3d
cbf
cb4
d44
da9
d56
cdf
c73
b84
b4f
c30
ca3
d29
e25
ddb
d73
ddc
d57
c4b
cfc
b39
a6e
b32
bad
ba0
c4f
c52
c16
c6f
c7b
b19
a57
b6b
ac1
9cb
a5b
b45
bac
b2c
ab7
9d7
811
734
929
a69
997
85d
929
7fe
661
77a
829
88d
83a
85c
9e3
8d1
787
6ee
781
917
aa3
a1b
884
697
619
71d
807
8e9
6eb
4f6
450
3ea
6ed
981
a72
946
7a2
840
a79
a1a
873
5b3
579
731
798
79f
7e6
73e
754
7b7
85f
9d1
753
712
7d1
a2e
add
8ee
81d
70a
72a
81e
797
785
7fc
89b
8c2
6af
5f8
693
821
891
8ac
883
8ae
8aa
939
885
845
88f
8d1
9e2
aab
aef
857
79e
88c
815
701
761
894
a20
991
936
a07
958
9f6
a0e
916
956
a04
a1f
9b2
7d2
6ee
707
8bc
932
6c3
61a
6d2
72f
874
acd
a1b
994
95f
8df
84d
95a
9cb
8d0
8cd
7e5
709
698
6b5
65f
4a8
310
2f9
3d4
38d
530
567
435
3ff
4ab
51e
3f1
359
311
123
199
263
245
293
0f9
276
343
2ee
3a8
482
4c6
4d1
421
500
43e
336
375
310
46d
480
39b
4f3
498
36a
1be
133
19f
416
4da
541
62a
3f1
3b6
40c
4dc
5a7
4bb
3dd
31a
507
5a8
598
5a1
4f5
570
635
5d3
637
87b
8e4
933
79e
968
a28
a47
923
830
7dd
725
992
9af
6c5
5f4
5e5
56c
5c5
633
61e
603
5de
7a4
81f
7ce
76e
741
6f2
794
8c3
73d
4d1
4a4
59f
599
54f
540
5dc
518
47b
5a0
623
788
9ea
8d0
98e
b39
ac9
9ec
99f
8d9
7b5
7ca
89a
6e2
4b2
560
7fb
939
9d0
926
967
aa5
a8f
b00
988
9b8
9ef
996
8e5
885
7fa
7de
75b
63b
564
596
578
691
795
72b
934
a9a
a9c
b7a
acb
b19
a5b
8f4
7f9
785
8b9
8b1
8b3
978
a1a
9a6
889
81d
7a1
789
837
893
865
899
923
906
8c4
92f
8da
97a
aa0
9a9
82b
82b
7e3
94a
9c6
95d
97e
905
b0c
bbe
a87
aa3
aaa
a4a
abe
b93
cb1
c33
a66
b12
c82
a76
982
ae2
ab6
9fa
996
a34
b6d
ac4
b42
bde
c98
d85
b68
9ba
8d3
8bf
931
951
86f
923
a68
b60
ace
ae8
bfd
c04
d2a
d11
b3f
bb9
c63
a5f
ab3
c5b
c41
aa3
b4e
bc6
951
86d
846
751
6bb
916
99e
963
987
9f4
b37
a51
87a
795
8bf
829
56c
5b3
6e3
699
79e
8d3
8e4
a19
a6c
a59
a0b
972
9b9
a0f
94d
a41
a40
aaa
a07
930
ad6
ad2
923
a36
974
8c8
8c0
79d
7ef
93d
8f8
94f
890
8f6
9ba
a7f
b28
be4
ac6
728
662
7ee
922
a34
891
686
6ca
86e
851
7f4
704
6dd
659
782
74e
7d3
a22
9f4
86e
75b
74d
764
806
5db
3d7
3f6
393
321
3b8
497
47a
6ee
702
71b
825
85a
799
640
61f
505
60f
5cf
5d1
6cf
566
3d3
4c5
589
709
6f2
4ba
67e
810
8b6
8a2
794
8ba
899
67a
604
769
7df
847
739
62a
6cb
703
7d6
883
787
650
689
72c
5cf
5cd
610
532
588
51c
421
530
525
2a8
3d4
537
456
41b
4ee
5b5
6b1
5eb
6b2
6f0
743
6d1
60d
69c
6a0
643
557
556
73c
6ee
790
642
596
46e
37d
44c
439
343
2c3
3b6
60f
671
534
54b
423
414
311
376
369
38f
39b
1b0
292
550
567
75d
8be
7a1
827
8b2
869
7b6
804
656
632
51d
4ed
729
82d
797
5b9
609
60c
47f
4e3
613
623
587
7c0
98b
9d4
949
8e2
7e3
65c
677
61d
461
3c6
3a3
45f
4d5
5a9
65f
723
810
8cd
8b7
923
94c
864
84e
973
9c6
8f5
98b
a4e
9c4
837
872
896
648
618
81f
7a3
7a9
944
935
96f
918
969
99e
8d4
8ff
7fc
78d
84d
828
88e
a05
8df
7e9
80a
889
837
932
a5f
a8b
9fc
ab6
b1f
a95
a77
a06
873
8aa
9ad
978
8af
8d2
93c
85a
816
79f
786
8e3
9cb
a03
a6b
9e0
a15
b0f
b85
a98
9ec
a9b
923
8d7
882
840
8bc
924
920
8b2
8e6
984
929
b15
b7e
c0e
bcf
aa2
a2d
a5b
a93
9c5
89e
901
971
a23
a73
9be
892
a00
9db
983
b18
ad4
98c
974
a30
950
80f
95b
ab7
a7c
afe
aca
a69
a30
941
8c3
8e1
9a4
a8e
cad
cc5
c02
c5d
c12
ad3
b42
8c3
7db
8c1
72a
5bd
754
8c2
a74
ab9
a4a
ae8
9e1
8eb
8de
7c9
766
9e8
9a5
781
8a5
84f
8fd
983
8ba
6af
774
755
6f7
7ea
83d
78b
7fc
a2f
bde
bbe
baf
c42
ca9
c84
aad
a04
a7b
a91
af7
b15
a19
a09
9fe
9f8
b26
b6c
9b0
773
760
883
8c2
81a
6f8
743
89f
861
853
918
6c9
682
6da
62c
5e3
7b7
842
738
7db
98b
917
a69
b53
a97
a37
996
a80
8ea
854
882
745
79c
836
9c0
9f0
799
7b0
7e1
82d
89f
7e3
7c2
7ad
8b5
918
7fb
7b4
7d9
76c
872
86e
6ff
5fa
6ff
799
727
902
940
851
836
816
823
876
972
8f7
913
9dc
7ca
6bd
7b0
76d
6e6
6dc
78f
71c
683
6ca
6d9
7cd
819
877
67a
65e
86f
821
650
5d1
567
63b
508
576
5d6
521
59c
6c7
66b
5b3
715
68b
613
6e3
84b
82e
7be
814
93f
842
77a
820
69c
6a5
788
60f
5b6
6ab
7cb
721
79e
76f
87a
95e
80b
8cf
8b4
844
970
8b3
697
5b2
544
544
6d4
752
819
892
708
79d
764
7cb
7cc
70b
713
8ed
96d
a34
a73
958
91d
9d1
940
823
6ef
6f8
7e0
633
62c
7ed
886
950
929
7b9
69a
635
608
545
58d
5b8
625
4f9
4e1
4ea
45b
65f
677
45b
560
6f9
674
67d
604
68c
79b
725
8ea
953
7b5
6c9
7f1
769
69f
6d2
6fe
724
622
645
6b9
6c9
736
805
724
6d7
724
617
624
683
594
5a5
522
4ff
700
66f
577
5b1
65d
6b7
5fc
696
81c
7c1
7ed
733
6a0
791
7f3
8b6
840
8af
7bc
730
7b1
645
52f
4fc
511
5f0
61f
661
6a0
613
606
665
5aa
5d3
671
706
7b4
77e
651
60b
6d5
788
649
635
6f4
69c
822
870
7dd
93c
9fd
95f
954
964
95b
96a
918
9aa
839
94c
a0f
79d
81b
81e
801
80e
73b
779
72c
7ec
7e5
71a
68f
6b5
7a3
8bf
81f
789
7dd
7c7
6d4
63b
707
717
793
784
8f8
997
876
8f6
948
935
a38
950
8b0
8b6
833
783
861
877
77c
778
6e6
66b
653
707
70c
614
721
7b4
6dc
6de
6f0
6c9
7c1
792
74d
810
7de
66f
6f2
78f
674
67d
6a9
7aa
877
902
a58
b73
9fb
9ae
999
8fa
99e
8e0
8b8
9ac
9e3
a13
a18
9e8
a53
b15
a7f
9a2
8b2
884
8b7
87a
87a
95c
98e
939
8da
6d9
730
75c
6de
67a
5ad
544
65b
638
67b
738
870
914
9ab
87e
8f2
ae0
a51
9ad
8f1
931
938
88c
9f1
a1e
9d3
982
91d
8ce
83a
8e6
91c
95a
a1c
acc
a5e
9ff
a5d
a21
9cf
94f
94f
8c4
8cf
851
752
801
853
772
799
81c
7bc
8ff
9b9
909
9d9
b51
a28
9f0
9eb
966
9c6
9e8
9a8
943
96a
87e
85e
822
7a9
7d8
75a
79d
7df
976
9e0
90b
846
8a0
91b
80c
758
804
7f6
7ba
82c
7ef
73f
752
6eb
662
5d8
6e1
7c3
632
7f8
8f7
890
839
88a
8b5
854
850
798
7be
75c
6d5
70b
68c
766
800
6e6
6e1
7a4
848
6d2
6e1
7eb
69c
66a
734
7e6
6a4
758
83a
824
86a
832
7d4
708
691
805
83e
7b1
817
964
a10
85a
901
97d
8e1
7ec
7d8
780
766
73d
798
6e0
692
6b7
6f9
6c7
736
74a
627
6a0
69d
5cb
663
78e
812
7a1
820
888
784
765
805
7c0
6ea
693
684
63e
763
7d5
833
8d6
916
967
947
a1a
97c
8d0
797
809
89e
88f
8d0
962
8cc
8c0
85b
8df
8c0
8de
861
756
7ce
79a
796
89c
88b
8b2
8a4
876
7e9
75d
7de
745
71d
713
762
7b0
7ba
89e
a10
8f6
878
8e9
8c0
8c7
7ef
733
713
80a
7bd
765
7d1
74f
798
855
7b7
744
71e
762
6d4
766
7c7
7d6
7be
760
746
652
6cc
676
662
60d
5e2
61e
546
568
507
573
673
65f
70a
7e9
7ee
89e
869
86f
9ee
98a
8e8
8a0
8eb
88a
7e9
84b
79f
766
75a
71d
7ca
6e0
6c5
77f
792
7f0
701
747
7b3
876
888
7e9
8de
8d5
890
8b3
96d
88e
775
7df
866
8bc
979
9b0
a33
aa5
a15
a13
a6f
985
912
939
7fb
820
8c5
91a
7cc
7c8
962
8c6
82c
921
89f
82c
7d0
7a9
6d4
6cb
707
6f8
76e
77e
82f
873
79e
733
6a0
662
657
5b3
69b
773
809
8fd
91c
971
946
8cb
859
797
617
63f
6a5
6ef
710
71b
7b6
7a4
76d
766
744
6ad
6ef
6e6
720
72e
765
793
7fe
7da
818
88b
946
833
5f4
58d
5e8
52f
4b0
555
55d
5c5
744
8b1
89b
850
888
80f
6f8
75a
77b
6fc
713
82f
8b9
7db
82e
891
819
752
671
6c0
6b1
6e8
685
693
698
6cc
7ff
7da
704
79b
6f6
6a5
66d
583
505
501
54b
61a
6dc
802
932
851
85f
820
79c
756
67f
672
6a5
771
80f
87c
8e2
8fb
831
825
8bb
806
765
898
94e
960
98c
a3e
9eb
a1b
a8e
94a
932
91d
862
815
8b1
801
7bd
789
7af
812
87f
8ed
95a
881
8bc
951
91d
870
8ae
8c8
8ce
955
9f8
986
8c3
84c
793
68e
585
61b
615
644
6a4
70f
767
7b3
836
87f
8c9
8c6
858
848
819
7e6
769
7a9
7fb
730
737
7bc
827
853
8c5
831
7e9
7f8
81f
7f0
876
8cb
932
8f1
87b
8bb
85b
81b
834
7b0
772
7b3
7d3
880
91b
8ed
85e
893
838
852
824
83b
88c
8c2
9c1
9f1
98d
9aa
9b7
8d5
8e5
8eb
8a5
969
9e7
989
9a0
a7d
a99
a53
a12
9e0
940
97f
9a4
8c1
88b
909
902
86a
8ab
8c4
7a7
846
845
714
779
786
7e9
85b
8c8
937
92f
9a0
a8a
9ba
8e9
8a1
7d7
786
7d3
822
88f
9a4
a4d
a60
ac1
a7a
a09
a0b
91d
94a
9c0
a07
a21
9ec
9bd
985
9a5
947
833
811
81e
74c
6ef
73e
834
8a9
903
970
921
9b9
9f7
932
8f7
88d
74f
70c
702
6a7
713
840
938
a19
9f8
96c
8a8
816
79e
690
60c
63c
724
7fe
87e
859
886
899
7ed
790
723
6dc
6f4
783
740
73e
7ca
7fd
874
88d
84b
839
7f6
76b
6d2
665
641
5df
5e2
622
5fd
696
741
72e
762
71d
672
689
6a8
68a
73a
83f
8da
8b7
8a1
819
79b
6b6
5d8
4c5
486
4af
4f5
550
5d2
5f0
60b
6ba
6fc
78f
82f
7fe
77e
798
7df
7b0
76f
7ba
75a
727
73c
7e8
818
81e
813
7c6
7bc
86b
874
7f9
8c9
8f4
862
877
8dc
877
82d
81a
7d6
724
71a
825
875
830
758
731
6fb
70e
765
76f
809
80e
85c
8cf
850
830
83b
849
7eb
7e9
867
89f
90b
8f2
8f9
8de
8b7
8ea
8c1
82e
7eb
791
7c4
7a8
73f
78e
7c5
752
6cd
69d
664
5f9
58f
540
55a
59b
5c4
6bf
732
77b
879
90e
939
903
8a1
7e4
6f3
657
64c
697
6ce
76e
7ea
834
7f6
84c
899
825
7ae
7b2
7fb
7df
7db
818
87e
908
947
92f
89b
7a8
757
6fc
66f
600
63b
735
799
8cb
997
9ca
9c8
9bd
935
881
7fd
7bf
715
6f3
762
7a7
8ed
9f3
a0c
9b3
9bd
959
8d8
842
7aa
76e
7ed
8ab
922
94a
9be
a24
a07
957
8c3
87f
83b
7be
77e
778
7e2
8b2
9c6
a6c
a6b
aaf
a6b
9ac
981
940
906
8ff
915
94b
9d9
a1c
a0f
a18
940
975
984
8f9
878
7ef
86a
92f
9d3
a86
acb
a27
98d
8fc
7f5
706
69d
61d
620
697
6a7
699
6f4
744
7c2
89d
908
8ec
89f
84e
7cd
76d
77d
7b4
7ae
7bc
7c1
779
773
71c
6c0
6f2
708
72e
7e5
83a
886
932
90a
890
8b5
884
823
7f2
77c
743
746
76f
792
774
6c2
669
61b
5e7
606
656
6dc
789
7f4
7fb
80f
79d
72d
764
73a
739
7d2
7eb
7b7
792
746
7e3
83a
881
8c3
8df
8af
87f
824
79d
733
73c
7b9
81d
7da
775
700
618
5d4
565
4d5
4f8
566
65f
724
809
900
975
9ab
96f
927
857
78e
6e4
688
66c
660
671
704
6af
650
677
6c0
74a
7e0
86d
8c0
92b
936
918
93a
974
993
a1d
9f1
8fa
7d8
6cd
61d
568
51e
562
6b1
834
924
9b3
9cf
966
8e1
883
810
79d
76a
772
7a7
7ce
813
844
828
79f
728
6b3
69e
672
643
6a3
71b
7bc
802
83f
890
872
85e
80c
74e
6f2
691
64e
612
619
672
719
80a
92f
9a6
997
95e
905
8d4
8a1
886
905
973
9b6
9bf
91b
826
708
60e
5d6
62f
642
674
734
82a
8d7
9ab
a79
abe
a8b
a61
9be
931
8d6
823
778
70c
6ba
689
6a0
6b9
74d
7e3
849
8c0
931
91a
8c1
8ae
89c
865
8c9
937
984
9f3
9ec
95b
89c
7e8
745
71f
79b
879
9ab
a63
ab2
adb
a73
a20
a0a
9cc
965
8f9
8d2
87f
882
89f
84d
7d0
77b
76f
756
73d
776
7c3
822
8fa
991
9bd
9f2
9eb
9c5
98d
96b
92d
8ca
876
7c8
723
742
7bd
7e1
895
98a
9d8
9bd
9e3
9d1
9b6
9ac
99c
977
95c
8ed
80c
76d
65f
522
4e9
499
4e3
5e6
6c8
78d
7f3
817
864
848
7c9
7a3
799
7a8
763
76e
78f
73f
6ac
675
657
659
6aa
707
797
864
92a
9a1
9db
a06
9f2
9bc
9c8
968
8f8
89c
7b5
68c
5b2
4bb
3e4
409
4e6
5f7
71c
7df
7fc
752
6dc
673
5fa
5c1
5bf
623
670
6cc
6bd
658
5d2
55b
515
524
4ef
4c8
522
5dc
6a2
747
7de
84f
905
982
9ac
969
8ef
837
731
691
604
585
587
5d8
64f
6db
77b
7a9
7ac
77b
709
6db
6ec
7a6
878
938
9c6
979
89e
74d
64c
5b8
57e
57f
5de
6c3
803
949
a23
a66
a58
a87
acc
abc
a38
994
8b8
820
7c2
704
6a3
686
6b7
73b
7d2
828
87b
8b3
894
810
769
70b
701
737
78c
7b3
7b8
75f
6de
64c
594
520
4d6
4e0
54f
652
772
7f6
838
84c
862
888
904
993
9ab
99f
93c
8fa
894
7ff
72e
69b
67c
697
6f0
740
766
766
7aa
7c9
819
859
83c
840
865
87d
84f
7fb
7da
7d1
7b7
749
6ff
71a
76a
7d7
85e
8cf
91a
988
a10
a93
afb
bc1
c3e
c1e
b36
a19
930
803
6fe
696
640
6f4
812
8e5
9a5
a46
a5f
a15
9de
9c3
9b2
a03
a69
a75
a2b
9ff
98c
929
8bc
82d
7b6
78e
7dd
85e
8d1
96c
a1c
a72
ae2
b60
b7c
b6a
ac3
9f7
953
893
7f7
765
6da
6a9
6e1
784
888
93d
980
94f
8a8
815
7c0
799
77d
7a9
817
887
8be
8b7
814
74c
6a2
62e
5a7
52c
51d
563
5a6
64d
6e2
706
7dc
8a5
935
988
924
8aa
801
748
6ca
669
645
68c
6d0
738
77d
769
78e
788
734
72d
73b
79a
830
8dc
91f
90d
88c
79c
6a9
5ca
521
493
4a3
51a
610
740
831
8f1
90b
8c6
8aa
8ec
94a
93a
8e5
84e
7e5
710
65b
5e9
56f
5ad
5f6
63d
65a
697
6ee
72a
76b
7b5
818
86d
8c7
88d
806
76d
6b6
666
5f8
5c0
573
59e
628
6b9
75a
79f
80f
88f
8cd
8e7
8ff
976
9c3
9f1
9b0
999
93f
8a8
7e5
752
725
6e9
6da
68e
658
680
6be
728
79f
7e0
820
8d8
942
90a
889
7b9
6f7
671
684
6b2
6d5
6ee
6f1
6e3
697
688
6b8
6ca
713
7b7
894
967
a1e
ab5
a87
9ee
950
867
766
6a6
5ec
5cb
623
684
708
790
7e8
801
81f
7e9
7cf
7b4
79b
7ed
7d8
7e3
7ef
7c0
79f
796
77f
792
7be
819
8a6
914
964
9d2
a84
b23
b78
b91
b1f
a4e
998
922
909
8a4
899
8bf
8f9
961
965
973
953
8ea
894
8a0
881
89e
8dc
8d2
8fb
8dd
90d
93e
8f3
8b1
843
7f4
79e
747
752
73c
759
792
7cc
827
8a2
923
9c0
9e9
9d6
9d6
993
95d
8f7
87f
895
8fc
978
9c6
a04
9df
9d1
9d0
989
949
95d
9d2
a4e
aaa
ae0
ab8
a07
93e
8a5
7e2
741
666
618
647
673
716
778
7fc
880
8c4
8d7
8dc
8f7
8d8
8af
87f
87e
87e
839
808
7c4
7c0
7df
805
808
809
808
7e0
7d0
7e8
85a
8ad
8ae
869
7a4
6e6
619
5aa
570
54d
56a
574
5c8
60b
5ee
5e2
5da
5b2
5c1
657
6e0
774
7e5
843
85d
835
852
81f
7f8
77f
735
714
6c6
691
669
665
655
644
636
64b
6a1
717
77c
7e5
80e
7e5
79d
74b
6d3
6ad
6f3
756
74b
6e4
67a
5e0
5a4
59f
602
66e
70d
7ce
871
8d2
8d0
8d5
81d
795
718
673
61d
5c6
5d2
5fb
65d
6ef
77b
7d2
7ff
826
832
818
7b7
76d
76a
74e
762
7af
7e2
7de
784
784
798
78e
775
75b
78d
80b
8b1
981
a77
aba
aa0
a12
94f
855
78c
75b
77d
7c5
806
884
8a5
8c0
8a4
833
7bf
798
7c9
7bb
7b4
7ac
79a
807
826
837
869
841
7f7
79f
726
69c
63a
5b0
552
538
5a2
603
653
712
7d7
879
8d1
912
910
896
834
7fb
7de
7f1
83b
8a6
89c
839
831
7fc
81f
86a
87c
8af
8a4
8f8
927
8e9
8fd
8c3
84f
7fd
7c9
7cd
788
75e
756
74d
7ee
885
8af
904
9ba
a4e
a71
a68
a22
9dc
9f0
9eb
a39
a7d
a43
a0d
9dd
a0f
a43
a57
a59
a11
9d8
a27
a72
afc
b5c
b90
b58
a4f
9aa
8ed
8c3
8e0
905
958
980
95a
8fe
896
81f
78f
717
74b
7ad
820
885
8db
99c
a47
ac5
adc
ac1
a82
9cc
99e
9e5
9ea
9c3
967
921
8d4
868
7fc
7b5
775
764
6f8
67f
650
61d
698
6d5
6c4
69b
6e1
746
748
6a3
5e6
565
52c
565
5fa
70e
804
901
96c
941
906
8b5
838
7a2
712
695
606
592
5a7
5b9
635
6ae
721
757
755
75a
6ff
6b8
66d
5a6
590
5c4
5f5
62e
668
6d3
731
747
714
6cb
616
573
547
5b9
671
7a5
900
99e
9b6
954
8c2
826
7f0
7c1
7c4
83d
854
833
885
8fa
8fb
882
7dc
754
71b
6fd
6db
6aa
71e
764
774
7e6
81e
838
829
7e9
7cd
78e
71f
69b
62c
5ff
5fe
637
6ac
6f2
74a
7cc
7e3
7e2
78f
7a1
791
78a
7ee
81f
863
8bc
8cf
8c8
878
84f
83d
84d
8c7
87a
897
8c6
8f2
92a
8f3
8d3
894
872
835
7b0
72e
703
6a3
672
666
6a5
6e0
6bf
6d9
6cc
6d1
720
770
772
74e
77a
7e7
7f0
814
80c
7f2
7b6
75f
72e
73a
747
799
7fe
865
8ef
917
903
8e3
8de
895
7f9
7ba
7ef
840
840
813
813
808
7c5
751
726
717
745
770
7c5
847
90c
96a
9b4
a25
a80
a65
a53
a5e
a38
a5a
a2d
9e2
9fd
9ca
94c
903
90d
8ce
87a
8c0
8ea
90e
969
9b7
9d7
a0e
a40
ac5
afb
af0
ab7
a42
9a6
8c7
842
828
886
914
909
99c
a26
a79
acb
ad0
ac8
a81
a48
9d2
975
915
8c8
885
876
845
829
819
7f4
7dd
7cd
748
670
61b
637
686
6bc
739
802
893
8e1
8a1
847
7e1
72e
6bc
63a
666
71e
7c0
8a4
91b
950
95f
91e
8c8
82c
7e4
84b
8b6
918
8c3
884
8b5
866
80b
798
77e
6eb
632
68b
6a7
6d3
740
72a
73f
741
759
770
71e
713
6d3
6a0
680
64e
640
605
5da
5e1
572
4e7
4cb
522
55c
526
5bf
6a6
743
76f
7cb
8ac
8d3
893
881
818
7bf
783
75a
76f
774
787
79e
7b1
7b2
73a
73c
748
71a
708
741
6a6
5ec
5da
641
621
5f9
68c
698
67c
6bf
712
71e
797
7ba
7b8
7e2
82f
8b0
8f3
8fb
8a3
819
7f4
792
746
6fc
6d0
70e
77b
804
847
8ba
8d6
83b
839
7f9
784
729
764
7fe
826
82d
832
852
7ec
751
709
6d9
61b
5c5
60b
69f
735
819
8b0
931
992
9ae
96c
8d1
850
7e0
77f
744
71e
77f
7da
7a5
756
70a
69d
6b4
6f9
6da
70b
780
7ae
7e5
8bf
907
945
916
924
8ae
849
838
7ab
7a7
789
75e
7bf
895
8e7
949
963
8fe
8b5
8ff
978
8d9
826
879
843
826
831
834
804
842
88a
833
8b9
8e0
89f
89f
8f8
947
962
9d7
9f3
9cd
9c1
9a2
919
8e4
8ae
80c
7fe
822
850
85f
912
9f0
a4a
a82
aa5
ad9
a99
aca
aef
b31
b80
b59
b48
b48
ac7
a74
9cc
971
8c2
85a
8ca
903
8fc
972
9b1
974
9a4
952
963
8e2
8bc
8fc
8d0
8be
878
8ce
869
81c
7f2
722
688
669
6b5
765
7e7
867
871
8e8
9cd
9bc
9d0
958
840
71d
688
6bc
728
790
785
7f7
8a6
8af
8a3
93b
8eb
7fe
755
797
7ba
733
72e
735
700
6d3
6ea
708
653
576
50b
49a
4a6
47d
50b
620
6b7
756
7a7
844
81a
76a
745
6b3
5f6
5c2
5f8
62f
5ee
676
708
770
744
71f
725
719
6fa
74f
71b
703
754
755
7ae
773
78c
7a2
6dc
5d0
48a
438
3d6
3b8
489
62f
6cd
78f
890
95f
930
8a6
8c8
7eb
785
7cb
81c
7c8
762
843
89f
847
7da
7ac
72d
613
5ff
6de
7f3
798
7b0
8a2
8fe
8da
8fd
963
8bd
82e
7a6
7f7
79a
6fc
77f
823
884
8a5
97f
a4b
957
8fb
8da
8a5
764
6f1
723
762
784
7fa
7d0
66c
5f0
5b6
60c
64a
5d0
5b7
62e
6f8
6ca
724
7c0
7e1
834
7dd
841
7a6
6ed
6d1
65f
5da
554
5f0
5e5
5e0
66f
798
795
7c4
84f
849
872
7e5
8ad
8f5
90b
939
95e
a3a
9a1
8c9
873
7de
773
794
824
8a7
92a
a57
a9e
a01
a1c
9be
922
91b
87d
88e
8b1
8c3
8a6
82f
864
7bf
829
853
759
77d
7c7
85a
910
9b1
a6d
ac2
b07
af7
aac
a70
9bb
9c5
9c1
928
949
9e7
a72
b59
b9f
bf6
c58
c47
bce
acf
ab2
a02
a0b
9bd
960
9bd
9ac
9b7
8ac
751
6e6
6d1
6ff
711
741
7e2
8e8
9e8
a74
aa5
aee
ae2
a74
a80
92f
875
7cf
704
6a3
66e
692
67c
6d9
741
730
760
7f8
884
88a
813
84a
884
81e
816
852
87e
8b5
7dc
771
63a
4ca
415
3f0
445
414
4e3
692
776
84d
8c5
8af
7f2
771
6ca
604
61b
646
6c8
7a2
871
81d
820
804
736
5fe
62e
5fa
599
6a0
78f
861
8da
9e1
9db
8e2
84a
797
706
68e
628
5f6
5f2
5cf
613
73d
858
8c5
8a1
8e9
891
817
800
81d
777
718
7d8
82e
7a7
6f9
671
54c
50e
592
508
556
54e
589
65d
72d
785
77a
7c7
78b
6f7
6f2
723
6cd
6a0
60b
5d6
55e
53d
5d2
57c
602
6fa
7f5
8fe
8ce
8ee
96f
981
96f
8fe
97c
a03
988
9f7
979
7f3
757
6d8
6ca
69a
661
734
804
942
961
8b8
8fa
853
7e5
78c
6a5
634
5f2
686
6f0
6ba
71b
6cf
5fd
58d
57d
63d
672
6e6
763
7d7
923
9c0
a03
9fb
8ce
885
891
80d
7a8
767
7fc
825
8a8
97b
9e2
a29
a47
a0b
98a
93a
97e
947
8ed
987
99f
9c6
9e1
96a
816
68e
5b5
574
52b
58b
5fd
725
886
95e
9f0
a41
a7f
a25
a1d
a09
9f3
990
9ae
a07
a08
9b1
997
9d2
9a2
943
8da
8fb
8e7
942
9ca
a40
a62
a5f
a98
a41
9e3
a65
a38
9ef
8eb
762
6a7
687
6ad
68a
702
821
966
a22
a73
a31
a43
9a4
905
973
925
91b
930
922
95f
948
9b1
9cc
945
88c
823
76f
742
7a4
876
917
959
a42
a57
a26
9e9
917
869
766
700
65b
620
6aa
76a
855
84e
87b
8d4
8e3
886
7e9
726
69b
6e9
761
7b7
836
8cb
896
868
78c
662
5e8
546
517
4f6
5a3
6c1
728
794
825
847
7e1
7b1
738
6e6
70c
775
79a
733
6ef
695
5d8
53c
55d
58c
548
594
630
6c4
74c
74c
765
79a
76f
76b
804
844
83b
7e0
796
709
6a5
666
5a1
595
5cc
69e
7cf
87e
8c1
888
7da
729
71e
764
713
684
605
5e1
630
689
636
5aa
584
53b
536
5d4
698
75b
7cb
804
877
8f6
905
857
80d
82b
797
716
709
768
801
7c1
7e9
850
891
969
92b
879
83a
7be
7fc
847
8ab
906
91a
982
94b
8b9
787
5d7
4d5
486
457
4ef
5c8
6fd
832
8a5
929
94f
8ec
8c4
8ab
860
854
8eb
99b
9a6
916
86f
7ec
741
686
599
57e
594
5f1
6d1
7cc
8b7
928
a0d
a4b
a58
a4f
9eb
994
8f8
84b
76c
6a8
674
68b
64f
690
73e
846
8f9
8d3
89f
8a5
8d3
899
85e
879
8e0
942
996
9c1
9a3
96c
919
8be
85f
7f2
7d1
7fe
88a
973
a50
b19
b99
bc1
bb8
b67
abb
9d6
8ec
878
860
89c
8e8
937
a0b
a45
aa5
b2e
aea
a70
9b9
8f3
916
9a2
9bf
a15
abc
b42
b02
a64
995
8a6
841
802
762
6ff
76f
857
8cc
90e
967
95b
8fe
8f4
8a7
823
870
871
838
7ae
739
734
6dd
675
635
618
659
6b7
72c
7fe
86b
87d
895
86d
864
86c
817
85b
8e5
8d9
82f
760
6d2
678
665
67f
6c9
757
78a
7b8
84a
8d3
90f
8a2
7f2
774
6f3
693
5bf
4fb
463
426
466
480
4b8
528
5a3
67d
745
75c
711
6af
6e4
70d
6ff
7a2
7d5
784
765
722
700
709
70c
71d
6ee
6fc
78c
842
8a1
8a0
894
87f
84a
8ab
871
835
88c
8bf
88c
7ba
6a2
567
45e
3d0
3c0
3f7
4af
54e
5d5
677
68f
69c
681
6f3
799
815
8a2
967
a32
ae2
b3b
aea
a28
97d
8dd
856
817
7aa
75e
777
7d5
8b3
8ee
90d
92d
908
8bf
849
851
7b8
6ee
6ac
5e8
522
536
5b7
5d6
618
688
74e
776
761
71e
6bc
71a
75d
7c1
7d9
76e
739
76b
7ba
7d4
7de
7e6
7df
7a7
7a2
7f2
838
82c
855
8cb
8db
923
96d
98d
968
8df
8a3
843
7f3
7d5
828
8a2
8fd
97d
9fd
a4b
a5e
a1c
965
8d2
88d
835
7ff
864
8c6
8fd
931
905
8b4
868
89f
888
890
8a9
88b
8ab
8dd
924
978
9c9
9f3
a56
a6a
a56
a83
a68
9bd
953
97d
92a
8c8
865
852
8f0
8f5
8e7
8f9
954
9fd
a34
a6b
a46
a0d
a0e
9de
9b5
95d
8e2
8d9
8b5
8b1
8e2
889
888
8ca
933
960
941
96b
992
9b1
9c2
9a7
9e6
97b
896
7fa
74f
6b6
5d0
544
4f7
4c8
58b
687
70e
790
7b2
821
853
812
7d4
782
7a9
741
71f
732
703
6bc
6c2
762
7d6
78c
748
729
737
7a5
7cd
807
859
87d
8ab
87b
845
7c5
75f
75c
755
70b
6b7
5fc
5cc
5cf
58b
549
551
5a0
5eb
668
6ed
70e
74a
783
79a
7f7
823
7d8
768
76f
7e7
8ab
917
8c4
845
7d5
76a
704
641
5fd
681
767
7f9
820
7ea
7c5
7a1
782
6ec
620
5df
582
51e
4cd
498
492
4da
572
64f
6f1
72b
740
77e
7c1
7d4
7a6
74e
72a
763
756
741
741
756
7de
84c
845
85d
8ae
890
85d
888
8c5
8c0
8a2
8b3
8a2
823
772
6f9
6e7
6d7
6de
708
71c
708
6eb
6c8
704
7db
90c
9e1
a1c
9c7
91b
8c1
84c
785
6f1
6cd
776
834
865
8a3
8d9
8ed
8c4
89e
835
7e4
7b1
7b4
7ea
81c
853
87d
8e3
950
8c9
7fc
7c4
7a9
7ac
78a
73e
743
77b
76b
72c
7b2
86e
934
a1d
a9a
ac9
afd
ac3
a60
a0d
96d
8de
88a
87f
88e
8be
8ba
855
84f
8b7
8ff
96b
967
969
990
984
9be
a21
aee
b77
b4b
ab5
99f
8cf
810
743
6e8
671
620
669
72a
810
8f0
990
9b8
9c6
9c7
96e
8cb
7c5
71e
73c
7d2
860
920
9e0
a18
a08
9a3
90f
918
96f
9b1
9c9
9de
9e9
a1b
a7c
a8e
9ea
923
8d3
8b3
867
7f4
74c
6ec
665
607
5d7
5b3
5f7
6a3
766
801
836
85b
86d
89c
8b8
847
7e4
7c1
7ad
7d5
812
859
8ca
8d8
86e
821
7a7
744
706
700
73c
79f
83f
8ce
946
940
8b2
840
7b5
6ea
640
583
50b
4de
4e1
4e2
535
5f0
6d5
74b
759
73a
727
6e9
68e
629
5d2
5b4
5c4
5f3
63f
6ae
6ed
6f9
723
776
7a1
7d6
7c8
78d
799
7ae
788
764
741
752
75c
723
6ca
6c3
683
60c
5c1
5c6
61a
66c
6bd
738
80c
8f5
97d
993
9c1
9ba
929
8a9
7fb
763
707
69b
65b
68f
700
76b
7ab
768
719
73a
756
751
768
78e
80f
8ac
91d
97c
958
935
8cb
7fe
73c
6d0
6c2
6b3
6f5
746
769
7b4
7fc
844
8a8
8f0
8ff
91c
91f
95e
961
8e9
860
7df
7c2
807
850
891
896
889
873
810
803
834
82d
828
853
89e
8e8
93d
951
918
8c0
840
7dd
752
690
5fc
616
659
6a2
6f1
76f
80d
8bb
92b
983
9b8
9c0
9a8
94c
8cc
860
7f8
7f2
828
85e
89c
8d5
8b9
874
879
8a6
8e9
925
946
95e
9b5
9f9
a31
a0f
9e0
9a4
943
8ae
836
7e9
7c0
7ce
7f3
80d
83e
823
828
88a
8e9
968
9b7
9b3
a14
a13
9b0
991
959
951
96b
9c2
a37
a71
ab9
b0c
b1f
b2b
ab0
a13
9ba
96a
95a
93a
8b3
876
866
831
7d5
7a1
77e
741
6ec
69c
664
64a
629
654
6eb
75d
7ba
82f
871
856
823
7d9
790
77d
721
6b0
6b2
706
75d
7f9
824
7ee
7f2
81b
854
863
833
82f
802
78b
72f
72a
74a
742
6eb
6a7
64b
5bf
59d
59e
57e
56f
589
5b7
631
6bd
751
7e2
83f
884
865
7d0
740
69e
60a
5b3
5bd
5e9
649
708
772
73a
739
742
72e
72b
6f7
695
68b
6de
753
790
752
6e9
6b2
642
5c5
5ac
584
555
571
581
593
5d1
60c
660
6f6
7bd
80a
820
811
7d5
7ca
7e3
81d
83e
817
7e0
7e9
81e
859
86b
829
7ba
7a9
7df
7d6
80f
843
845
87d
8c5
8b1
867
81c
7ff
7e5
7e4
7f9
7f0
783
71f
718
701
6cd
6ea
747
796
798
78e
79d
7c4
7d9
780
72f
742
735
731
7ae
7ef
7f2
804
813
82a
82f
84c
8b8
93b
948
964
9a0
998
96f
921
896
85b
83f
7bf
776
77b
79a
7ea
7cd
798
7b8
7e1
835
891
8b8
915
953
971
96c
99f
9d7
9e2
9db
a08
9ec
9da
9f6
9e7
9b1
9bd
a23
a59
a7f
ae6
ae7
a89
a19
9bd
9a6
978
963
985
99c
96c
946
90e
8e4
890
7fc
7a5
7cd
84b
8fa
95d
963
9ac
a0a
9f8
989
950
93c
90a
8af
87a
874
894
8a3
8a0
8ed
90d
8fa
8cf
8e5
91f
932
922
8c3
881
891
8d5
8ed
8b9
848
815
841
81b
7b4
763
763
76b
7a4
826
8c1
955
9bc
9fd
a45
a3a
9e6
9a4
954
8a4
856
807
7d2
7ec
7ea
7b6
78d
707
6b7
694
628
603
5b0
59a
5ad
5d2
632
6bb
706
70c
6c6
69a
61c
52c
52b
56b
5a1
5ce
605
6af
735
774
7cd
7be
766
719
6e3
6de
71e
799
7f3
7ce
7d4
7dd
791
75e
6ea
6b8
6b1
6af
678
633
63a
689
6c9
6f2
6f1
6ba
6a4
6a5
6a5
684
66c
651
645
648
6a7
6ef
6f0
6bb
6d4
730
791
7b3
77c
74f
6f4
69c
672
674
6cd
703
732
7ca
7ff
7f5
80f
7fa
7e1
7d6
805
814
801
7ee
7f4
7b8
77b
77b
746
704
6f1
65b
5eb
5c1
614
6a6
71e
77a
7a8
7a7
7af
7cf
839
830
7f3
7b8
778
779
7fa
874
8b2
8f7
92f
93d
937
8be
89c
864
840
89d
8e7
928
956
926
90a
8f7
8cf
867
810
832
853
844
80a
795
70f
6fa
700
72a
76c
784
7c6
810
861
8c4
8eb
8ae
878
852
829
830
868
857
89c
8f7
93d
8ee
8eb
922
8cb
8b1
8e9
942
9a7
9b2
9dc
9af
948
91f
899
81b
82f
89f
8a6
8a0
8be
898
8cf
914
935
980
9cc
a44
a98
ad7
aad
a1e
a37
a34
9f9
997
92d
905
92e
928
911
8db
8c7
8c4
8ff
8c5
881
859
821
807
8a1
8e3
8df
927
94d
94d
9a8
9de
9ee
9ec
996
96a
926
8b4
8a4
8c1
8ae
916
987
9b1
99c
936
8d8
8bf
8b6
926
969
98d
99c
947
8f1
8bc
876
82d
878
87f
84b
7d4
7b0
7dc
7ec
7c4
77e
772
78d
775
797
74a
776
74f
734
6ff
706
704
720
773
7af
808
857
897
7f0
790
6bf
643
5d0
501
4ec
4f3
609
64f
67f
681
624
5f6
5fd
647
6a4
647
656
63f
690
66e
60a
664
5ce
610
5f1
5d9
5e8
5c7
5ab
5b6
611
69b
6d0
6eb
731
764
7ea
7b9
76b
727
70b
6c5
6d4
6d3
6cb
732
776
813
824
7bc
744
709
705
6ee
734
74e
77b
7a4
772
7cc
7d8
7a6
7b3
801
7c5
75f
6f5
6c5
617
62b
5df
609
6ce
71f
6f6
787
830
800
7f7
7a5
6fe
716
712
71a
78e
78b
783
74f
753
757
759
72e
720
752
7c6
83e
902
95e
8fb
8d5
860
7b7
75d
785
733
766
7e8
845
813
845
823
860
89d
875
93c
953
9b4
9fa
a1b
a48
a36
a14
98d
977
8d0
8a8
889
854
775
80c
7ec
7ac
84e
802
871
86a
7cc
739
734
6f0
746
783
7c4
762
7c4
810
879
885
89b
81a
7f5
821
84c
89c
8b1
925
981
9fa
9f7
9de
9ce
9bb
9ed
a03
a15
9f2
93b
89e
87d
889
88a
859
84a
7ef
824
84a
808
7a6
79f
772
744
7ed
85c
89e
934
951
917
927
933
859
775
764
7bb
7f6
833
8fb
99f
a4b
a05
96f
8a6
7cb
750
77c
7a3
7dd
8e5
8ce
8ec
986
93c
92d
8be
877
805
823
826
767
797
7e9
7f9
852
848
7d8
7ad
6c0
6a0
60d
5dd
658
672
69d
727
739
744
813
7d9
810
7c4
7ae
772
78b
7ad
865
8cf
8ac
8a5
8af
7f6
736
6d7
69f
69b
6fe
75d
7c8
819
824
824
82c
861
884
8ae
865
7db
73e
6f1
72a
750
746
74c
771
7b2
7d7
7b4
7b6
79a
70e
6f2
733
720
734
7a9
7b1
7bd
85d
891
7e5
774
6dd
60a
5e3
681
6c8
6c2
7a8
818
7f0
7d7
774
6c6
646
646
6ab
659
701
76f
6d8
77d
84f
80e
8c9
894
7f9
75c
760
73a
82d
92b
987
9b6
982
904
8cc
7cb
7ef
732
684
625
5e1
675
64b
711
6cc
72b
758
752
65d
6dc
6d0
718
797
78f
85e
93b
970
9dd
91b
811
859
6f0
7b7
766
7ae
880
8d0
939
9a7
9cd
a3a
b8c
baf
bfe
b9a
b6e
a9e
a48
a2a
9f2
9e0
a2f
9bd
93c
910
883
7af
774
6d2
682
753
721
7cf
7e9
829
833
8bf
951
897
880
829
790
77e
7bb
87e
8f5
9cd
990
9be
981
955
8a3
712
7c5
7c2
734
809
7f5
7c3
7c8
852
7ed
786
6db
5a0
5ba
578
5b2
5c8
653
7b3
7d9
832
81b
7b1
715
6fe
73b
6c0
6db
6b5
78e
7d2
8cf
8f4
956
8f7
8df
87a
830
8f9
997
905
ac6
b00
ad0
bb1
b54
b17
a1f
999
864
8bc
864
87c
92d
8e5
9f6
964
8b0
8ef
8cd
8fd
8b2
866
76f
716
6bc
65d
6cc
757
7a8
7b1
7af
82e
7d3
79f
799
735
68a
786
851
84f
924
8b2
8ce
976
8dd
7e6
8cb
821
752
739
6ab
71d
7fa
7b9
7e4
7cd
66b
731
711
718
702
671
672
719
703
6b7
7ce
6fe
808
7db
735
7be
829
73a
752
7ed
91f
a41
b07
b60
b88
b51
996
923
94f
9c3
812
723
897
7c6
883
787
6c4
779
6ff
699
606
5fe
7b6
8d2
844
99f
98e
91d
7fe
74b
711
73c
5f7
67c
5dc
73b
7e1
7d7
776
6f3
89f
934
887
879
8df
833
7ef
5e1
750
6a2
698
766
6a2
678
506
489
4c1
503
404
475
433
53e
4c3
67e
7e1
731
6dd
71e
7fe
698
76c
5f0
729
6ca
828
8b8
87c
949
68f
84f
552
3e4
59e
a85
70d
6af
8f2
991
950
7f2
901
9f7
be5
72d
86e
7b1
5c2
66e
935
73f
87d
911
a10
aaa
817
775
a02
acb
6ac
6de
7fc
a4d
912
889
733
908
aaf
9cc
739
6e0
7ce
841
8b7
6c2
8c6
b71
bc5
823
9b7
bab
b85
a84
91c
8d2
7e1
8d8
8ed
946
8e2
91a
973
62e
816
a0a
a70
92b
6ed
5ff
73f
7a4
7e0
6a1
826
9ab
7ab
8e3
6ba
79f
968
81f
8cc
8bd
82b
b24
a9b
a5c
9b6
a47
a44
83d
88f
83f
849
849
7b5
86e
8f5
820
736
690
672
58f
63c
674
593
6ce
6ce
74a
79e
9c2
8df
7fb
751
947
880
8c0
7e3
8f4
899
8e4
898
a27
8de
7f7
8b9
8ac
717
6d4
7cb
5ed
9a7
7f1
5d2
5e5
52d
62e
3d3
2f4
517
490
2ce
5ac
4e1
675
7da
5fe
6bc
5e2
6bb
624
732
51a
4a6
63d
71f
574
7d3
843
77e
73c
774
952
a09
b75
92a
986
9e7
a93
9a1
964
952
954
a00
80d
85c
8c8
9c8
6b1
70b
89e
97d
ad3
af6
8e5
8d4
c64
b36
a2e
ae1
aec
bbb
935
a28
b39
ab3
a2e
833
8d5
8cb
917
7bd
648
73a
62f
745
903
6ef
971
a9a
a60
a01
880
a44
a7d
9d0
873
800
938
7ba
860
6ce
76b
89c
7ea
639
67b
6dc
50e
5c1
58c
4ea
4c2
77d
636
5af
5e4
7e8
793
6ec
601
818
858
790
630
68e
820
919
6e8
6dc
8b7
715
6ab
74c
679
686
737
56d
5ef
769
6c2
665
73f
641
711
6d4
5f8
552
413
6a6
55a
3dc
505
513
7b0
5e1
5ac
6ac
4dc
49f
61c
522
5c1
711
786
6b0
729
77e
7c2
763
75c
80a
883
8a7
6d3
8c8
958
90c
a0f
7f4
7da
72c
96c
7c4
83e
7f8
665
80d
8c3
908
885
b7c
a0c
a5a
a4b
acd
ba3
b01
b71
b09
9f8
a7c
9b9
9d2
a7d
8e1
853
7b7
971
93f
8f4
9af
7d5
798
7c1
802
746
583
42f
59a
667
855
80e
7b5
7d1
71e
7a2
722
6b3
704
741
6fe
6ee
6b5
6a3
7e8
6c3
611
6c0
557
536
63a
646
6c4
738
731
79f
9b2
7ec
7bb
69a
7ea
76f
6da
8bd
841
6cb
777
8dc
977
85a
8bc
926
921
a27
908
7fa
74f
9ae
93f
97d
a93
961
b67
bf1
a09
a14
b19
980
8ff
81e
9fd
abd
95b
913
8b5
a37
a22
a76
a57
a40
bd5
b55
9b9
b76
cd4
c56
b93
b64
e30
c23
b78
c91
9a4
8f6
ac9
9f6
907
94a
ae2
ae7
abf
912
cfa
b0e
8b1
77d
71f
7e3
828
a0f
84c
7f9
9f4
810
951
889
7dd
ab3
8bc
8b5
8e1
a7a
b92
a15
92b
9ab
944
8cf
849
699
87d
5ce
66e
736
740
798
5bf
691
627
522
50f
749
5cf
583
634
703
68d
510
655
638
4ed
512
629
757
61d
57d
692
61a
6d9
69c
808
712
793
772
6a3
71e
782
7b0
8a9
782
7ef
847
7d7
7c7
787
8bd
70b
78d
926
816
828
965
850
94f
820
810
9aa
8f9
7a2
7d8
74f
578
5b4
5e9
628
578
572
4c6
571
6d8
659
5ed
5f8
58e
5ca
574
4ce
4ff
555
4d3
5b1
464
5bc
449
479
330
39a
49b
3da
3dd
555
664
659
6a1
606
4a9
49b
435
40f
448
461
3e3
4d7
4df
673
6a7
6d2
6fd
760
688
67e
6df
7e7
89a
803
7a7
995
996
91e
99a
953
9c6
9f1
a1e
98d
955
93f
a0a
be7
b6c
a33
a04
95e
970
7ca
8e2
87c
892
86d
98b
8f1
849
918
959
96a
9e5
894
7fc
96a
809
83b
94d
905
9d6
a4a
a91
a8f
a80
b21
ac1
a0a
9a4
959
8bf
998
926
80b
969
8db
8a9
9e2
984
929
859
782
749
75d
748
83d
8ef
84f
88d
8f8
7ae
7c1
82f
8a4
83c
960
987
a28
b45
ad3
b97
b9a
c69
b28
af9
ac5
a85
95f
97b
9d2
917
947
977
8c4
8a2
89e
8d2
8c0
826
6e1
725
763
6ae
6b6
6a7
6ae
61c
668
6cb
693
62a
6a2
62a
667
65b
832
6ef
77c
7a0
6a1
7c7
72b
79e
774
808
821
81a
824
78b
7a0
734
8ba
82c
8af
87e
73c
81a
8ff
874
91e
94b
82a
7be
89f
8ec
8f6
8bc
91b
842
8e4
8d1
768
8df
833
82d
7e9
74d
823
7cb
883
772
807
7a4
78e
821
6e0
842
7c8
7af
73b
5ce
62a
65c
610
67b
600
735
659
60f
6c1
5b0
66a
729
5ea
48b
42b
4ec
3e3
3ba
4e9
4fe
512
41a
3cf
3cf
52f
583
458
4e0
627
6be
60f
6cf
7e2
826
839
75f
80e
795
6ed
780
7c9
718
83e
87c
900
8e8
96f
8e7
806
765
6b9
763
6ea
720
7f3
7ef
7cf
798
836
7ee
86f
914
87c
83c
840
8fa
93c
8fb
992
9d3
9f1
a56
a53
a67
ade
b36
b2c
abc
b9c
b63
b26
ae3
aa6
afa
bd3
ab0
9f6
9d1
9e5
94e
98a
91f
8bc
968
83c
8b4
854
78a
799
780
7d7
74c
70e
859
877
857
8a3
941
961
9d7
ae7
af5
b40
9f6
9f4
9ed
928
942
8f7
8f7
83b
794
7e3
8a9
873
8a1
8ed
86f
7ac
7b8
802
6a2
730
64a
675
602
62b
547
60f
681
656
730
7b4
755
721
723
7f2
74e
6b4
782
7b5
8a0
857
84c
959
9be
9ab
9b8
946
8e6
95b
9be
96a
90c
910
8cb
971
8ab
8f8
96d
864
77c
7f7
812
7f9
80f
7a3
795
864
776
70d
6c0
638
68f
6a5
72a
696
5fb
6bb
6f8
76a
77a
7c9
741
61d
5f7
563
49c
450
3f9
4c3
442
54e
559
4e9
652
6fc
6a1
587
63c
5f2
60f
623
564
548
5e3
645
626
681
67e
579
5c1
57b
5c5
6e5
6c9
6e4
79d
7cb
838
79c
7ca
7d7
7ab
81f
87c
8bd
868
873
90c
9b3
a3b
9ce
a87
ac2
a4c
a81
997
906
90d
8c4
88e
953
908
889
91c
8d2
787
7c2
7a3
7ab
75c
77e
811
7c0
77f
82d
8e7
8f7
8df
90d
94b
92f
929
974
9a0
9a1
8b8
871
8df
8d6
8ad
90f
a27
982
9cd
a25
8ef
845
8a8
858
8a1
892
88f
7e2
7d3
7ae
6da
6d2
77c
814
7e3
7fa
91b
966
987
a7c
a77
b1b
b54
b2a
af4
b93
b7c
a16
a86
a6c
a25
a28
99b
9b6
8bc
8ac
935
90c
821
84b
816
6f4
6b6
622
5f1
622
64e
652
5ed
54b
585
4e8
4f6
57f
5f4
684
658
5fc
5e6
614
681
65a
739
806
884
7e5
7b0
6c3
6bc
6f4
662
6f9
727
787
809
7b4
7de
845
83a
8b0
8b4
87f
85d
800
7c9
815
822
851
908
845
833
8a7
81b
7e5
74f
75b
7d5
861
866
857
91f
8a8
8af
955
9ac
92b
861
7f3
76c
6df
6e5
6e5
656
6f0
77a
6f6
6c4
71c
688
69c
718
62d
698
6cc
63d
614
699
5f2
4ea
531
562
4ba
473
425
3be
347
3e6
499
51f
5e0
643
65a
6ce
709
6d4
72d
6e8
63c
69f
68a
6ff
78d
750
81a
8cf
8a6
904
91e
8ce
86b
83f
76f
754
855
85f
87b
8bb
849
88f
841
8b8
880
84c
857
896
851
823
926
90d
97b
9e5
9dd
a42
9df
a18
a0b
998
9e8
a47
b2d
b2f
ac5
a7f
a0d
b28
a81
a54
b85
b57
b74
b0d
a59
96a
9a5
99e
9f5
916
80e
84d
7b8
6e9
791
7ba
734
71c
753
794
7eb
846
89e
8f4
9f5
aab
9eb
a45
aef
970
8e3
985
8b6
88e
955
925
8de
8fc
8d3
853
891
9ce
9fe
8fe
909
89d
790
72a
713
70c
6a6
688
66b
64e
671
5fd
647
63e
5ff
6a9
736
718
6c9
724
78f
7b2
7f8
8be
8db
805
7d2
7e0
7c2
722
76e
7ee
821
8ec
8cc
8b7
91d
89b
909
981
8db
8a3
880
880
8ba
872
8c5
976
88a
844
899
802
75f
6b0
692
5f4
6a0
701
778
81b
846
814
850
7bd
752
63d
5c5
5b5
4f6
48c
449
44a
4da
518
4c4
4e5
5c6
559
618
692
678
647
5c0
61d
604
606
615
614
624
677
6a1
674
680
62b
5dc
5e6
5d5
629
778
7bd
79b
757
7a3
7dc
7ac
7bb
76b
7cf
78e
74f
825
843
80a
880
918
921
966
999
a1d
9e3
985
9d9
a03
98b
925
92d
978
993
91e
8c5
8bb
813
888
85b
847
85d
807
829
901
9cf
9bc
a02
9bc
908
984
9d3
907
926
971
976
98d
963
8d0
92e
978
8f6
978
9d3
a78
a80
ad8
a49
918
95c
8f5
831
851
86d
86b
893
89a
88c
8ab
87c
88e
88b
92d
959
9e8
abc
a9e
b25
ae5
a8d
aed
afc
aa9
a9b
9f4
99d
986
953
95c
8ab
85e
821
858
8e8
8d4
900
951
900
825
7b0
774
673
618
67d
602
5ac
5a8
57d
530
566
50f
52f
5d4
5c4
64c
6e3
6d9
729
7cd
771
778
77c
865
8b9
829
7cc
752
6e9
66f
676
6da
6ee
7eb
878
897
882
899
8bb
86f
89e
891
7ce
7c3
836
872
89a
8b1
8a2
898
89a
86e
894
8b8
84e
88c
8c9
8f7
8f6
95c
8f2
87c
816
7cf
8b1
884
786
707
6a6
652
5e5
5c1
60d
633
62f
6c0
760
7a9
71b
69a
642
62d
5cf
5cc
588
50b
4c2
4a2
48d
46e
443
450
412
3b5
348
40e
471
4bf
50e
5b6
682
684
64f
648
684
6da
6c5
6ee
6b2
713
711
77b
7e2
810
84d
877
865
802
86d
8c4
80a
868
892
86b
979
991
905
956
935
89d
7f9
817
869
843
885
95f
9aa
9cc
a01
9d7
a19
a35
9eb
9e9
a33
a78
a54
a73
a64
9d1
9cc
a16
9e8
9c2
983
a33
a85
a9c
b01
a5a
a2e
9af
8ea
869
895
86b
7d6
7f4
787
73e
74b
725
729
743
802
827
84c
93b
9c4
90f
8df
925
97c
990
a12
af8
a7b
a62
a42
a01
9b1
919
904
8be
843
87b
8c4
8e4
8d6
873
84f
858
7dc
7ca
7e1
7be
7f4
7e8
7a5
739
73e
732
6ea
70b
728
6cb
6d7
758
71c
734
7c1
781
803
868
914
99d
953
90b
889
802
71a
66e
6a6
72e
7a5
80f
8c7
8b1
8eb
8bf
886
914
8a3
7bf
816
824
80c
802
80e
760
6fd
780
7e0
7e9
7b7
77a
7cb
7c9
7ae
7ab
725
68f
6c2
6d6
6e0
74d
6bb
5f4
5f9
628
5e2
5db
586
4fc
506
528
545
585
578
46a
421
45a
47b
4b2
54f
5dc
62d
612
668
620
566
613
645
61c
5c4
618
694
68c
6f5
737
71c
74a
7b5
7f2
7be
7bd
843
7f0
7ff
852
82e
858
862
80f
887
8bf
8a1
8a1
8b1
904
974
9a8
9f2
93a
93d
9a0
923
8b6
889
83d
773
7a8
7ea
809
85c
90f
9d8
9d1
a07
9c0
99d
986
967
9a7
998
986
a13
9e8
a31
a4e
9c4
988
908
8f4
913
907
902
8eb
92f
971
966
959
8b8
807
804
7fa
7cb
7e8
7b9
7c8
7bd
7fe
804
7a4
838
8cc
910
9e7
a42
a2d
a45
9f5
9e4
a1f
a86
aea
b58
b3a
ae3
a9e
a6a
9ee
95a
90f
880
83c
81a
865
8b3
8b7
8a5
7eb
7e2
819
7ab
780
6d5
666
5f9
5b9
598
593
58a
528
4d1
56a
5e1
650
6cb
69e
6ed
761
755
774
81e
850
85c
8d9
865
7ee
78f
720
725
729
7ab
854
86d
83f
80c
7e4
7aa
7a8
85e
878
89e
970
9a6
96a
9d0
9cd
8bb
826
79f
761
7cf
846
84c
8c2
92a
937
8fd
885
875
7e5
7ba
82b
834
7a1
76a
77b
78d
749
759
758
6bb
6ea
675
62e
68f
5eb
54a
53d
4d9
4c2
543
5a7
5fb
560
513
493
446
45b
480
4a0
485
47b
489
4d2
4f2
568
567
5a4
5e9
60c
68b
6af
678
6e0
757
7bd
7dd
7c8
7be
7be
788
814
829
74b
711
73c
7c2
852
8ca
94b
997
9e1
9b9
958
922
8b5
807
773
779
7e1
835
8b2
997
a91
ac9
b4e
af2
aac
ab8
ad5
a99
a4a
9e5
99b
997
9b6
9c2
99c
95f
9b2
962
951
9a3
95e
989
a28
ae6
b00
a84
a02
905
889
89c
874
827
86b
836
7f8
78d
75f
778
77e
7b8
848
8cd
979
9ca
9d5
985
96f
9d3
976
995
98f
934
940
93b
939
8cf
8f9
89f
86e
8a3
850
812
864
841
799
7c2
821
7ee
86c
8b2
879
8d2
80d
79e
788
68e
5f3
539
4fb
5d7
69c
771
810
8b1
97b
990
93e
95f
8d4
881
8c9
90c
8ec
81a
6dc
6a1
66d
6bc
755
7da
814
7c9
848
83e
817
88b
8bc
850
88e
8c0
8ca
90d
8df
8a1
843
739
6a3
692
6aa
704
7d7
8db
85f
883
926
8cf
826
76f
6a9
644
653
604
5aa
616
682
658
679
6e2
69e
614
5b8
5ad
608
56f
4d5
489
43e
478
500
59c
620
649
61c
561
4a8
477
45a
4c0
5a2
5b6
65a
6e3
6fd
77e
78c
7f1
80c
80b
869
7d2
79e
7a0
7e9
85e
879
847
83a
87b
84a
8aa
93f
91e
8cf
8d8
8d2
8c1
8f3
966
967
a09
9d9
94b
97e
90f
843
75c
68d
622
646
70a
812
8f5
a67
a70
a92
b76
b59
b26
add
a5b
9ec
97a
890
84b
8a3
947
a47
aa6
af6
af5
9fd
8e5
89e
890
8cd
977
a1f
9e5
941
948
8b6
889
829
7c7
74c
718
6e3
6de
7a6
848
8d0
9d1
a9c
aa6
b42
b6f
af0
a7f
a1e
a0b
9ce
968
998
975
968
98e
99b
936
8d2
945
9ac
953
8ce
865
855
85e
82e
8b4
92d
8e1
87e
820
7e4
72e
6ad
6ef
635
558
521
498
4d9
5cd
62e
704
798
7a1
78c
79f
7aa
6af
698
724
7b7
8f2
8d6
7f2
792
72b
708
753
74e
756
78d
7d7
837
86c
89a
8de
907
92f
93b
958
93b
8a8
81a
7f0
812
825
857
8a2
8db
913
98f
a02
9f1
a04
a10
9b8
935
881
84b
7f7
76e
6cd
64d
63a
613
62c
68f
6f2
71f
735
733
710
665
5fb
579
4c8
4c8
4f7
580
5ad
5d1
5ae
49d
46c
3ad
32b
3b6
48a
52c
5d5
640
5fa
60a
654
60e
611
67b
693
69e
640
677
6a8
68c
68d
6a1
747
75c
75c
784
7c0
7ab
7b6
795
75b
7a9
7ba
84f
8b6
8a5
8c2
903
91d
8b9
83e
79a
6ff
758
7e1
7e4
87b
982
a4a
ab6
b0e
b12
b2f
b48
afb
b2d
b09
a71
949
869
8a7
95a
a09
ab9
b13
acf
a50
9b7
930
928
901
93a
9a8
9a9
99c
982
93a
90a
86d
710
6b9
681
669
72b
84d
8c0
956
a03
a43
ac4
a72
a4d
a1f
9b3
9dd
983
8fe
926
8f3
945
927
8cd
8ed
8ca
8e8
98e
9f2
9ca
964
917
862
834
831
81d
824
7ff
77a
6b3
698
627
5fc
655
63b
6f4
759
75e
753
7b3
7da
77e
7d2
7cc
7d6
817
851
85d
866
819
83a
7c6
766
7a0
7ff
861
83e
7f9
78f
758
75b
7e0
789
7b2
811
7a8
7b7
807
7f9
7b7
764
696
680
6b5
6a0
6fc
7d3
8b1
8c4
8db
8c9
832
82e
83b
85f
913
933
90e
8d1
84e
769
650
596
50d
4e7
52c
5da
6b6
683
697
6bc
698
5da
57e
5c7
5a1
58e
57c
557
497
42c
43f
3a7
362
393
3d0
461
503
533
622
62a
62c
6b3
73b
7d6
7d4
801
7e1
7b0
753
73f
6fb
6f0
721
7d2
8e2
8ea
903
97e
92d
86d
84e
817
802
856
85e
88e
91e
8f5
890
889
86f
816
7f5
859
90a
99c
991
920
8e8
906
90a
953
9b7
970
a4d
a8d
a40
a4c
9e3
93c
937
91d
92f
9e5
a52
a74
ab6
a77
a72
a17
a49
a64
a14
a30
a5c
a4f
a47
a31
995
929
820
6d7
674
660
6cd
756
7cb
897
8ff
95d
a12
a6e
a2e
a0a
a60
a66
9e7
96b
941
914
8ad
935
939
944
9a9
91c
919
93a
928
989
99b
9e3
9e9
996
939
87a
84e
7f5
77c
6e8
65e
62e
662
675
6d4
735
75e
74c
771
7d1
73c
78f
778
6d1
730
6fb
660
699
6bb
672
67e
6d1
6c1
705
78c
81b
871
895
89f
852
882
8d8
84d
816
84b
847
842
844
7cb
771
750
727
71b
6ff
744
7ec
824
892
937
99d
a09
9d8
9ca
9a4
a09
9ed
98e
9cf
9ad
922
8aa
7cf
6d6
639
603
5fa
644
672
741
7e6
7b4
7c9
757
6d5
692
634
60f
5bb
56e
52e
4cb
47a
486
44e
41f
446
3e0
4d0
4e9
4b6
4fc
55e
60d
702
767
7af
779
71e
740
6bd
622
663
609
5d9
682
6b1
6b5
7ac
7c1
7ab
7d2
771
6dd
6e3
709
701
6af
736
6df
6ad
6b5
6b7
70c
6ff
771
839
89f
877
8fc
8a3
82f
8c3
95f
9b2
9ad
998
9f5
9cf
9cb
974
916
958
971
90a
9d1
a5f
a70
ad7
b27
b04
b0d
a83
a8a
a96
9b4
a00
9d1
933
939
8e3
894
872
7e1
79c
7e5
7f1
7d0
816
7d7
86e
902
95b
a4c
a5f
a0b
a93
aa9
a2c
9b9
944
903
95f
9b5
9a5
9bd
9fc
9b1
952
9cd
978
953
9b6
9f6
9bd
9f1
95d
8c8
83b
741
6cf
64c
5d7
570
5f4
67c
669
706
70e
6fd
70f
73f
790
75b
72b
714
6fa
75e
70b
6c3
6d9
704
70f
75c
746
703
79e
811
825
88b
8f6
8dd
986
9a6
934
917
895
816
7d2
720
6c3
660
5c7
642
65f
6a8
6ce
72c
73c
6f1
79e
81e
81c
8a8
8a2
883
8ae
8b0
8f5
8c4
899
8bd
832
7ee
74c
670
65c
673
678
6fe
720
78d
879
8ab
820
7d6
763
6e4
62e
58c
515
4e5
50a
4d6
48c
435
43a
4a0
4be
466
4ee
590
5ca
65f
68e
72d
788
7d2
7d9
7bc
774
73b
72a
6a4
622
65d
695
70a
781
823
8a4
8aa
89c
7e6
80d
7df
77a
7cb
7f5
775
7c6
7cc
7a2
7ca
758
73c
78b
7d1
83a
87a
8d4
8f4
8cc
952
963
90a
968
93a
90b
97d
93d
950
93d
94f
935
947
957
981
a18
a8b
abc
b33
b57
b82
b19
b4f
b5b
b5b
ad9
a1f
9f3
995
8f9
85d
7ff
74e
74f
7ed
821
83e
814
832
8f3
933
9db
9ff
a3d
aca
a8f
a60
a69
9c2
9a0
944
884
875
88c
883
90a
94f
96d
927
8fb
9f5
9c1
9db
a4d
9d0
9bf
923
8ab
805
738
6b5
670
636
627
6f9
72f
703
74e
721
6c7
696
67e
69c
6d7
7b7
80a
7e0
74b
754
76c
71e
6e9
68b
6c2
779
7c9
842
887
8cb
953
941
8ce
86b
87d
7cc
744
7db
719
709
728
6a7
67b
6b1
6d1
6e8
758
792
794
86c
904
8f5
91a
916
9a9
a50
a55
9e9
985
939
8f8
895
774
6ff
67d
67c
6a8
6c4
703
6e6
77f
7df
7f4
890
7f4
791
77f
6ff
6d7
60b
61e
5b7
526
4d1
47b
446
44e
4a3
4bc
579
5a2
608
6f7
735
7ac
8b0
8dd
896
82f
7c1
75a
6c9
656
64d
693
70c
7f1
80d
7a9
79d
7cb
760
718
75c
709
78d
82b
877
7e2
7d3
77d
6a0
649
5de
595
5bc
64a
67f
6fb
7aa
7e5
7b4
81e
817
807
894
89a
890
95c
9bb
974
961
903
869
8b8
92a
94b
92d
9b0
a24
a64
a41
a49
9f2
a36
9a0
9d7
9c6
923
8da
8bd
837
763
748
700
708
717
791
7f2
7de
811
858
8ca
97d
a08
a67
ab6
acd
ad4
a7c
9d6
9c3
8e1
90b
8ab
872
8d4
936
9d1
9f4
a1c
aa3
b2f
bcd
bc7
bdb
b7c
afd
a4d
976
8ed
7d0
748
691
6eb
712
76f
77a
6f7
682
5e9
5d3
5f4
679
75d
844
90d
976
977
8cc
86f
7c8
799
764
742
6c1
6f0
76c
7f0
876
86e
83a
7cf
7d1
739
6a8
64e
67b
677
6ab
73e
725
717
735
6d5
690
6c3
6ea
661
681
6e6
734
746
81d
89d
940
96b
8d3
85c
7a8
72b
6a5
66c
5d8
5da
67a
72d
7f5
7c3
748
748
70d
7f7
853
83f
81d
769
72b
6e9
640
5e4
52b
486
412
4e8
4b1
4b3
529
551
609
68f
726
7bf
833
885
94c
9a0
92d
885
7f7
7e1
740
6b6
6bd
6cc
707
718
79a
736
710
6b0
6a9
67d
69f
744
751
79d
813
7e9
7da
7c0
71a
75e
7d9
73e
68e
690
6c9
742
79b
7df
824
862
860
842
843
7ff
7e5
837
86b
8a8
8a6
8f4
89e
8df
907
951
96b
976
a02
a67
a53
a75
a59
a23
98a
912
8e7
7f1
771
7cb
786
74d
747
75b
6cf
6d2
6ea
6ca
796
7e4
89b
976
a3c
a67
a77
ac0
a25
a35
97d
8d8
815
7b2
7e2
815
889
898
8d3
948
99c
967
a1d
a49
a29
a9f
a19
9e7
955
895
7e0
804
793
6fe
6f7
722
6e9
671
607
5f6
610
603
68c
717
772
7d1
884
8ab
89f
8c4
8b2
8a8
861
8b1
855
880
898
868
90e
935
9ef
9b0
911
8e0
81a
796
782
78e
794
78f
7a1
75d
7f8
7e9
841
882
7f1
80b
7e6
7c4
835
96a
9f1
a21
ad4
af5
ab5
a82
a74
9c9
953
91c
91f
8e8
865
889
87d
858
892
890
8a9
8ca
8a8
8fc
8b4
8e7
874
7c3
720
614
58a
595
56c
4da
50a
57d
594
51b
575
606
5c6
5d7
645
72c
797
88c
8c7
8ca
88e
7d9
7fe
7aa
756
757
71e
6d3
690
6a2
666
650
6d9
6c9
77b
7b0
7a8
79d
786
746
6ef
77b
78d
784
749
728
7c0
73d
709
741
7b7
734
750
7ae
79b
737
7b1
88d
812
852
89e
8d1
87c
886
867
7f2
78a
712
768
78c
764
889
990
a30
aca
a56
a13
925
8e2
77a
6c9
699
688
6e3
763
7f8
791
7a3
6ae
65a
6b2
659
69d
7b0
8ce
879
906
9c6
8db
8d1
8ae
829
7ad
779
727
704
716
6cd
750
77a
82f
811
8ca
99d
a1c
a9f
ac8
b35
a9d
9c4
9d3
9ef
922
8e5
92a
8ab
806
811
7c3
775
6e3
711
807
7c5
75a
8b4
9b7
8bf
884
97c
97e
852
970
98d
7b9
80a
88b
845
841
860
91e
7d4
85d
7fe
7d5
792
807
77e
717
7b9
89a
7ff
7aa
866
71d
61b
651
70f
5ce
68a
838
82d
88a
9b5
a29
9a3
939
90d
92c
803
885
8a7
901
8d8
858
854
7f2
6d9
6b2
6a7
678
68e
757
852
84f
865
815
7ed
7ae
7b1
768
6d3
679
6ab
632
601
6d3
672
6c6
703
6fc
6d8
703
81b
898
86d
989
9ea
9a3
984
9d5
a2d
935
8e3
8fa
7c2
6e2
766
79d
71d
633
806
7d0
780
84b
814
868
7b0
79f
7b2
7ed
80d
825
80d
7c4
6e0
692
78a
6d8
698
70a
70e
739
705
78c
73c
7e9
77e
76a
8d3
904
881
864
846
781
6b5
6c8
70e
63b
68d
810
85f
82e
8f7
951
856
7aa
74e
761
6d0
6d6
7bd
867
842
823
7d5
7ef
6e7
69b
675
652
6ac
732
84f
887
89f
92d
92e
96e
924
908
8b0
8be
864
74a
7e1
7ef
7e9
764
796
841
7a0
79c
81f
8b4
861
8b9
89b
868
7f5
8a5
8c2
79e
71a
6a2
6b3
5ed
581
597
521
5b6
62a
668
775
791
76a
808
868
8f4
964
92c
988
967
909
903
8e4
8c4
7d6
809
7b6
791
78d
72b
745
65f
6e2
66d
76e
860
839
857
914
8d7
852
7e1
81d
8ac
7dc
86b
934
9c8
9f5
a36
ab5
a58
955
a05
a1f
94e
96d
a44
b6d
b4d
b0a
b0d
a86
92d
97c
96a
8b6
7cd
827
8a4
7e2
823
851
81e
76b
690
75e
748
6da
711
6a9
6bb
65e
665
79d
6ed
6b9
6ee
6d0
6d8
665
6c9
825
815
7e8
883
933
9dc
91a
90a
932
82f
7e7
902
8ae
795
714
82f
7d2
6c4
7aa
7de
6e0
60a
6c0
7cb
735
784
81b
774
6b1
707
76f
76c
72f
7ed
847
815
7a9
7b4
7ec
7d6
6ea
6d8
7b0
7ad
8a0
8a9
957
8ed
866
977
96a
909
961
94f
9e0
975
980
9c6
877
83f
74f
77b
654
5d0
5fd
654
740
6fd
77d
78c
755
696
751
6df
6ad
735
729
75a
74c
7a0
803
786
74b
7af
73c
7c0
84a
7f0
87c
871
8ac
967
980
9c3
92a
951
8a5
874
8ea
908
8e1
8f1
8c8
8e8
8f2
86c
86b
7dd
705
72b
749
747
770
739
74f
79f
7e3
810
848
82b
80d
83d
8f8
8f9
985
9db
99f
926
884
8de
878
87b
839
850
8fa
7ef
81a
89f
81a
7a0
7a1
787
6ed
71c
79d
782
75f
76f
79c
7f6
7d9
7e8
84d
853
812
837
7bd
6c6
6da
6d9
65a
66f
6de
74a
766
790
861
8bf
8a6
892
83c
868
858
849
883
860
848
8b7
8f0
850
7f8
7bd
718
6fd
6cc
613
6b0
695
6c5
764
7c4
7ea
7d9
7fe
84d
77a
71f
773
782
7a1
798
8a0
8d3
8ea
982
92b
8d1
828
7bb
82f
853
80f
852
91a
906
91c
971
966
8fe
88a
8c4
8f0
867
893
87d
845
858
80e
7bf
796
7b3
76a
797
7d4
79c
70c
6e0
6b2
661
662
629
611
5ee
712
749
747
7da
84a
837
81f
860
8a6
90b
8f2
96d
9a6
917
935
92c
908
934
8bd
890
851
7da
7eb
78f
77b
760
732
776
7b5
7bf
7f6
795
7b4
7ff
7c0
7c3
732
72a
766
7cd
80e
800
833
8ed
8d5
8b4
962
915
88b
874
838
7bf
7f6
87a
879
8bc
8d1
922
964
8d3
862
80e
751
65b
617
658
62d
63e
70d
767
6e9
6ff
6d3
5ff
5c7
55c
549
5d3
611
699
6be
71e
7cd
854
885
7fb
77f
7aa
760
701
730
745
779
74d
7df
82f
816
811
7da
82b
7e8
847
83a
884
936
93b
997
a32
9b6
a1a
a17
93e
86e
828
834
7f3
7a8
83d
883
915
9ae
9a1
a18
a3a
a31
a43
9de
9a6
9da
949
906
8a9
8f3
8db
8ab
88c
8c5
899
801
812
7e2
7b7
7a7
7d9
7fb
84e
845
83d
842
7a4
75d
740
671
602
648
5fc
5b4
59c
60d
5b9
5cc
628
605
629
673
6b1
6fe
769
7e9
84c
875
85f
80d
880
8f9
89a
870
8a9
899
85f
870
890
863
873
890
860
827
819
822
7f7
799
72b
6f7
6bf
68c
66d
608
5e0
5ff
680
70c
781
894
935
9f9
a53
a3e
a2b
9f3
9cd
93c
904
88f
836
7f9
841
860
88f
8d9
8b5
89a
853
8a5
85c
85e
869
86b
890
82c
7f9
837
7c5
704
6ec
6a3
62f
56d
561
539
56b
63f
6a4
770
7d4
81b
8bc
8a7
891
830
80c
83b
85f
8b7
928
9e0
a49
abb
ab7
a35
9a9
957
8be
850
83d
7a3
7aa
844
8a3
8dc
8ee
8cd
895
7e6
790
743
718
6c1
703
7ac
756
7bb
867
8fa
955
98e
957
8a0
84d
7bc
773
7fb
770
781
7ea
7d6
7bd
7ce
80b
7e5
77e
750
7ec
7fb
812
8b9
920
934
9c3
9eb
9df
998
900
838
73e
700
615
5b9
5e2
55b
5c0
6ac
6d4
797
7f2
7dc
773
740
73d
69c
637
5f2
657
6c8
6fc
76d
76d
754
779
765
7dc
7ae
788
848
860
8c9
908
8e1
90f
8fc
8f3
8f8
91c
945
8b1
86e
7c9
73a
70f
6af
673
68e
6b8
70a
74b
7ab
7d0
813
853
81a
807
816
80a
80b
851
875
8bb
977
973
8e7
902
906
8d6
8e5
8b7
879
842
89d
8d9
942
9db
9f3
9a5
8de
846
7db
709
5ba
508
50b
516
578
666
6fa
77f
82c
899
8d3
874
830
7c4
7c0
7a6
774
7c9
7d0
7b4
843
88c
8e6
90c
88f
867
855
82b
866
8ca
8c3
89a
8c2
888
8a0
91f
88c
7dc
7d2
6f6
652
673
6a2
713
76e
7d6
82f
8e4
92f
93d
970
8f3
896
869
805
813
822
851
8cf
924
92a
906
85c
7dd
74d
6ff
6e4
62d
5cd
63e
6bf
756
7a6
83f
824
7bc
7cc
780
6ac
637
660
64f
62d
61f
645
6c3
6cc
6c4
71d
742
70a
6a9
697
6ad
6da
6e1
6da
6ce
6be
6bc
6e5
736
766
783
7ec
864
8d1
982
a1d
a4d
a70
a30
a5b
a5a
a50
a24
9a7
970
983
8ff
8b2
913
8d1
8d9
96c
96b
9fd
a86
a6f
a32
a0c
9f6
913
893
89b
84c
83d
803
7d4
7a8
7a8
7db
7cf
7a6
793
79a
7e3
827
800
83c
857
82a
7ef
81b
829
838
84f
81c
82e
801
71b
6ac
69a
642
5d1
58b
5c6
5bd
5da
600
650
6b2
6fd
6eb
72f
768
6f4
6ed
757
77b
7c9
7c7
7cc
820
847
842
8c2
8b7
85f
855
874
886
8bd
8d5
92e
94b
90f
88a
812
7d8
77a
72a
6ec
70e
748
760
837
8c5
8d2
948
943
8df
8b8
85b
83c
856
860
834
7fd
871
89c
8c0
924
90f
956
956
8c5
8a1
86d
881
8ab
7ff
7d6
7b4
728
708
734
6f7
690
6a7
68e
698
6df
6cf
6d9
75e
7b0
7a8
7d1
803
82f
827
805
7fd
791
750
71e
784
847
8aa
91f
94e
8d6
8d0
8dd
8d6
8b0
829
7d7
79a
7e9
878
881
8ad
8e9
8b4
83b
837
820
808
83d
818
804
8a6
8a4
84e
889
83f
7f6
845
85b
862
86b
7cd
7a5
7ba
7c0
794
713
6cf
6a1
71d
736
752
7d1
832
87f
93c
9f1
9cc
9a9
960
895
85f
81b
7ce
79b
793
7a0
7cf
803
7f6
7fe
7eb
7d1
858
83c
807
863
837
80e
7f5
788
6ea
666
5fc
571
500
52a
54b
5af
60e
63f
6b1
70a
74b
791
7e7
863
899
8ff
93e
8e5
8d0
8c0
87e
86f
894
8ec
953
8fb
866
860
878
7f3
77c
759
70a
717
7c4
821
839
87f
858
868
87f
8a2
877
859
853
7a1
7e7
8a2
8b0
8ca
914
93f
94a
90b
91c
92b
92a
917
8d5
8ec
8ba
889
86d
7d9
7cf
797
730
6c6
6a4
6de
6cc
724
7e6
83a
87d
87c
81f
783
776
7a7
785
77c
760
753
73d
72b
795
7ce
7e7
88f
90a
936
993
9a5
955
916
8a0
833
7ab
761
734
73b
701
72a
7af
873
903
910
8c9
862
831
837
805
7d5
852
8ab
8c4
8fa
8d2
851
8c3
884
823
877
893
878
85c
7fa
7b3
7df
832
810
778
757
736
71b
735
732
70e
6e9
6ec
698
650
6b0
68f
63f
67b
652
673
68e
647
668
619
5b0
5e4
68e
702
730
766
714
715
75b
739
6b3
63b
60f
621
662
6dc
777
804
8d4
99e
a50
a84
a77
9fd
90b
8a4
8b0
8bb
8c1
911
975
9d1
a2e
a99
a6c
a17
9de
9e9
a0f
a44
a53
ad2
ac7
a28
9be
96f
91a
894
7b7
70f
6f7
75a
783
7f9
884
86f
896
8b9
886
8b7
8a9
8a4
873
83c
81f
7cd
791
768
6f1
766
7ed
811
82e
7d9
77e
6b8
663
676
656
5f9
570
589
625
610
68e
73c
75c
7a3
76f
6f7
6df
6eb
710
6bd
6b1
716
72d
7bc
7aa
767
799
7bd
81a
815
831
86b
874
8de
8c7
873
8db
89e
84f
7f3
76c
791
7ca
824
89c
908
94d
994
98f
8f5
80a
809
804
7ff
850
816
81a
825
7fc
7e5
810
833
83f
896
90c
942
9b9
9af
975
985
8f1
808
79f
6c8
650
689
6e2
70a
738
7d2
834
825
83f
7be
73e
76e
794
73f
74d
7ad
7fb
87e
8d2
8f1
904
8fa
8b0
86e
821
821
85a
7fd
7ee
841
85c
814
7e6
7d3
756
75d
7eb
7c5
7c7
855
8a0
898
895
8c6
8bf
8c5
8c1
848
82a
812
779
74d
736
744
7a7
7ac
7fc
884
90b
8ed
8d0
871
804
7c3
761
6d2
69f
6cc
771
80f
88d
94e
956
978
973
8c3
837
7df
74e
76a
7aa
7cd
838
861
88a
876
84f
86b
82b
7f9
84e
8d0
8e8
914
9c8
999
902
8c3
84e
79a
6e5
63e
5e7
5c3
5e5
684
6fa
779
74c
727
705
709
785
7cd
791
784
784
770
7a1
7d3
80e
836
883
86a
842
84d
817
7dc
802
7b2
797
76c
720
71a
6f9
75c
7aa
7ae
866
8b5
8c8
8e7
8e5
8af
8bf
8a9
87e
863
824
82c
7fd
7c5
7c6
7dc
7ea
840
8cf
8ec
925
993
961
951
928
8c1
83b
78b
735
6bb
6a9
722
789
843
8c0
8fe
909
8c0
88f
84e
84d
87c
890
878
87b
857
7e1
76e
76b
791
730
72b
744
77f
842
967
95a
8c2
878
805
7ed
788
6f8
6cc
6db
723
78e
7b7
7f7
847
88b
7ef
74c
7a2
757
745
7d4
7f1
7d3
826
864
8c8
977
9b2
952
94e
916
82d
82a
828
788
7ac
7f3
778
738
6ae
612
606
609
668
6cd
704
791
80e
876
86b
831
803
77e
777
745
68d
5fe
598
5b2
5aa
5bd
65b
6de
71c
7dd
82e
851
833
7d5
73c
685
69c
6ac
64e
682
6e4
77e
7fc
847
880
85a
802
79c
776
7bf
820
8fd
9ae
9de
9dd
980
929
8f4
8c8
87d
871
8b7
946
9ba
aa7
b5a
bd1
c2f
bbc
b09
a67
97c
8c0
865
82e
849
899
933
977
959
99b
922
891
820
796
73e
6f1
759
7a8
798
7e3
874
8b1
8c7
8ad
835
7a4
701
6ab
6b0
693
658
64e
689
6da
6d7
6c7
6ab
6b2
6bd
729
78e
7b2
7e2
79a
78b
790
71c
6cc
681
640
661
640
617
657
695
6ec
7e2
88a
8cc
8c2
8cd
92e
940
8b5
840
75a
684
644
626
658
675
748
811
85f
8df
905
8d5
8c2
901
90d
907
971
9f3
a02
9cb
907
80b
7ca
77b
743
740
771
7f6
87f
8f1
914
950
93f
8b2
8a9
85c
776
71b
6f3
6ae
721
747
744
75c
784
717
6ec
6f7
731
767
7ef
856
836
896
8de
918
931
938
931
8f3
868
878
849
7f4
81e
82c
895
8d4
8b2
83e
7c5
7b7
767
703
75c
7d7
840
8f2
914
8d2
862
842
7e1
780
750
749
708
700
74f
7c6
82b
8d7
8ef
900
97c
98d
934
907
901
87f
78f
6a7
695
698
6aa
708
741
7b0
816
80a
7bf
7d0
7ce
7ab
798
81e
899
8e0
951
954
8f1
883
832
75b
6c4
6f9
759
81b
8df
953
98f
a02
a07
979
900
8b4
832
78a
6e0
65d
62c
681
6c8
71f
767
75e
764
706
720
772
763
77d
799
7bd
80d
86e
8ae
8b4
862
830
7ca
715
6dd
6e5
6ca
709
774
77f
7f1
8a6
914
941
8bc
846
7e3
7b3
821
866
8a1
8db
8b8
825
808
793
721
722
734
6f6
675
682
6ac
731
7d0
817
86f
8dd
950
976
9a0
937
87c
841
7dc
740
733
74d
7a6
7df
827
8ef
915
921
920
866
86b
8e0
8d2
923
98b
990
923
8cd
83e
7ab
725
6aa
6bc
71e
7dd
89b
952
992
994
97d
959
8f1
875
813
779
6c9
669
6a1
6e0
6dd
739
763
746
7a6
7d4
7fb
86d
8b0
8e2
916
8fb
983
9bc
990
982
921
8a3
7e2
70c
694
677
69a
706
734
78b
7ef
7f6
7c6
7b7
74c
6e8
697
6a1
711
786
845
83f
797
781
733
68a
698
673
5f5
60d
63d
683
726
782
7fe
843
81f
7fe
813
813
7c1
794
761
702
6c7
689
68b
714
74a
7a0
80e
7fe
7f4
810
81b
7e7
862
8c7
8ff
92b
92c
91f
8b6
872
82f
7c8
7d4
81d
832
88e
9a5
a87
b47
ba1
b9c
b76
ae9
acb
a19
953
91c
846
77b
76a
74e
75f
7b1
80d
82a
81a
868
7e1
76f
7f9
819
7c5
7e8
87c
8c6
919
8f4
891
810
784
6ef
63f
66c
6e8
711
765
7c3
808
855
8ac
811
76a
732
72d
6f4
674
6b6
714
6db
740
734
6d8
6ee
6c2
67d
624
64a
659
60b
679
758
787
811
89d
857
86b
899
84f
7e5
7b3
77f
718
713
761
7d2
831
88b
8a7
85b
89c
8d8
8a6
8ea
94e
8fe
910
927
8c2
864
826
7a4
757
729
6bb
6c6
6e3
772
833
88c
8d4
935
968
94f
91e
8ce
884
839
7a6
6fd
648
62e
621
693
731
754
748
778
803
81e
806
815
7e4
7e5
83b
898
8b3
8aa
8b6
886
7ef
77f
716
703
778
7d7
820
854
88a
914
93a
95d
97b
8f7
89c
87d
805
793
7df
854
89a
8ba
87b
81c
7f6
7b1
763
75d
74e
6ea
71f
7b6
85b
8fa
947
937
8de
87a
82c
809
787
730
6ff
6bc
700
77b
782
7d5
825
7c3
788
7c7
819
7f6
814
8b2
8f0
8f2
911
8f8
8d8
8d3
87c
82b
7f3
7be
77e
79c
838
8b4
922
99a
9cd
a18
a2a
9b2
956
901
82d
771
6b5
645
61e
642
677
697
6c3
728
7ce
7b9
809
81f
7dc
7b3
7ac
7e5
81b
855
834
7f7
7f5
798
714
69c
706
713
740
777
7ad
81d
866
8a7
923
990
982
931
8cc
7df
77c
76b
764
76d
750
7d3
7b5
74e
743
74a
709
6c2
67d
66a
6bc
78a
864
856
8cc
90b
878
863
836
81f
7d3
7df
863
84d
87d
8a7
8d0
902
937
94a
8ae
8a5
8ce
8d1
900
8dd
8a1
871
816
7c6
7c9
827
834
7e1
7cf
815
856
863
8a4
8db
956
993
965
945
928
918
89b
7ab
70b
705
6b4
6e7
740
78e
7c4
7d9
7cc
80b
870
8b5
89e
8a4
8bd
8e0
8e0
864
85d
8a3
879
839
80b
7a8
71d
71e
6d0
6ff
74c
781
793
80a
88e
8aa
8c5
88c
83b
7bd
70e
690
61e
664
6c9
768
79f
79b
72f
6c9
68b
639
65a
67e
667
69d
6c7
6ff
787
75b
6a3
6e0
6bf
603
62d
65b
6b8
6d1
699
6d3
75b
7a8
80f
874
8bb
8fa
87d
844
86e
861
7f8
80a
859
84a
833
88d
8e2
8da
8c8
8e2
941
966
944
9d5
a85
ad1
b1e
b10
aea
a86
a76
9d9
967
8ab
8c5
7ed
79f
7d1
778
719
7b3
80e
7f0
83c
851
828
833
83e
88d
890
81a
7e0
84c
8a0
84f
7ee
777
6c0
6a8
692
660
68f
770
805
7cc
842
824
7a1
7a8
81c
7d4
795
73a
6e5
6ec
6ec
6cb
754
700
6c0
735
6c2
6bd
6ee
772
752
71b
73e
7fc
803
84c
870
7ff
755
74a
781
783
7ab
7f2
830
860
93a
9c2
9fd
a1c
a1e
922
92e
926
886
804
7df
899
7fd
77f
7f5
80b
7d7
808
861
899
821
873
88f
89c
8f6
99a
90d
8db
92b
90c
88e
826
869
71e
682
6b4
6ad
634
6e2
7c6
783
819
867
860
7e9
7c6
7b8
82e
799
7c4
793
7a8
834
736
845
798
7d1
77c
693
70a
771
7f1
81e
8e7
8b4
a60
8e3
a56
93e
952
939
8bb
79d
693
74f
76b
77f
782
894
808
8b5
8ca
7f3
94b
856
821
81f
87c
845
952
833
91a
777
746
843
65b
63b
72c
779
7bc
7b3
7b2
6f2
7dc
82e
7f6
70f
6b0
735
7f9
6fb
682
77b
566
6f9
694
62a
671
58c
756
79f
7a2
7bb
797
78a
822
887
8b2
904
99a
657
8f6
7b0
86a
843
665
7ad
719
7a7
7c1
72e
829
912
748
768
77f
930
89a
74c
930
7f6
86b
835
882
8d3
87f
7ea
743
7fa
7de
852
6bd
854
991
9bb
92b
a08
8a0
97d
a5c
832
84a
79a
848
87c
8ab
8ac
aa5
897
915
a4b
7d9
979
764
801
83d
6e7
83c
942
9b3
92f
8e7
b8f
97e
819
9bd
a14
963
870
94f
a9a
a6c
a7b
aef
ac9
ac2
b18
9c9
7f1
794
6fd
793
5df
528
5a6
694
6e2
501
4b4
659
637
5e6
3b2
612
62a
539
4e7
3e5
2d6
32a
24b
05c
178
0cb
108
151
16f
210
2ba
32e
380
4a8
555
6b3
7bc
a64
a84
58e
676
8c9
7c6
834
92b
90a
99f
b4b
b5b
b14
a48
baf
c48
cf1
da0
e78
d88
dba
e5f
e43
e43
da4
d91
dc2
d37
cd2
c35
b7e
a8b
9d8
9f7
a1f
a47
a9b
ac9
a55
9b6
970
976
876
865
874
898
768
6a2
7c7
845
787
684
5eb
742
799
603
6c6
7cf
86e
980
814
862
912
896
a34
a08
8f3
94a
aac
a17
8ec
98b
9d4
998
8ba
93b
b07
c47
ae9
99e
c30
be2
a96
a19
b7d
b86
9dd
955
951
844
76e
92b
863
759
78d
89d
7a9
6e9
6f3
6ad
676
68b
6c9
65b
6c6
7b8
694
647
61f
634
507
3c9
37a
3cf
33c
30b
335
3fa
4fe
575
496
486
4c3
4fc
454
3c3
2cf
2f0
2a1
20d
1c9
26a
312
372
362
294
24e
215
120
188
19c
16c
208
265
282
20f
2b7
35f
240
219
282
261
2e2
2f8
34b
45c
470
4fe
57b
570
5ec
66c
57e
581
606
599
5d6
63a
61c
6cb
787
71c
75d
7a5
76b
798
7a5
810
80e
88c
86f
853
93b
962
96b
9c0
911
90d
8fb
8e3
927
9dc
9f3
9be
9f0
a70
9f2
a7b
b5f
b95
bf1
bec
bda
cf8
cb7
c66
c1b
c62
cae
cad
ce3
c58
c73
c1f
bb6
bca
bfe
bdc
c82
ccf
c44
d0c
e15
e41
df5
da2
e09
cfe
db1
d4b
c73
c27
c29
bef
bd0
c1f
c3b
bc6
bc6
c7a
c0c
ccf
cb3
ce6
c86
c7f
ca2
b7c
b23
bf5
b07
aa3
b1b
bce
bfe
c64
c69
ca9
c94
c1f
c93
be3
a78
a95
a22
a0f
a8a
9c2
abb
ac8
aba
9cc
987
975
967
8a6
984
9a8
9aa
9b5
977
97b
a04
a19
9dc
95f
91d
8d0
84a
81d
7cc
743
782
78f
70f
67f
664
65d
5a9
612
5e7
5e1
58a
5ec
5a7
595
5ae
5c6
51f
504
4ec
38e
330
244
260
25c
1d4
221
2d4
3a3
37a
3dc
3ee
410
3f2
404
36f
372
2ae
290
298
220
26e
2b2
314
351
2ef
292
2c4
27c
260
298
360
3c8
439
454
3b7
398
3b5
378
286
247
235
268
2d2
318
46b
563
5c0
5b0
5d0
5c1
681
58d
54b
4b0
493
4dd
54a
504
4ee
57e
563
5b2
53c
644
645
5fe
604
5d8
60a
6e4
700
7dc
7ee
737
73f
6e8
728
711
68c
5dd
5f2
626
5eb
65f
593
555
5e1
656
77a
846
8ca
96e
9cc
9c0
948
94c
8e7
8f9
859
806
7d6
777
79f
75e
7d7
831
8aa
8c3
94d
9ac
aca
afd
b20
b2b
b58
bc0
b63
b9b
ae5
a3b
a4e
9fe
9b2
969
916
92d
9e3
9aa
993
a6b
b03
afa
b00
a4c
9f2
a0d
9a9
8eb
8d8
952
922
9a7
9f4
9ee
a94
b19
b39
afc
acd
ab6
9f5
a17
989
a0f
a5c
a8a
b09
adf
a91
a03
9fa
948
971
93f
961
983
a46
a0c
a80
b61
b78
bad
b65
b27
b12
ae6
ad9
ac4
aab
a74
a2f
ab7
a57
9a6
a1a
a29
991
8e3
8dd
92e
95d
9ec
a1a
a3c
b6c
b8b
b11
aa5
9ea
972
867
838
7e1
797
81c
8b7
92a
92a
94e
a05
a94
ac7
b94
b8e
aee
b61
ad9
a87
a46
a07
a07
971
981
a05
962
9d3
910
922
8a4
8d8
95f
990
970
a6b
a33
998
999
94e
844
7ea
80b
7c6
819
7e9
8cf
8d7
897
87c
858
8d5
979
99b
96e
986
8cc
8d4
8eb
8cf
84e
80d
84a
7ff
7c8
7bb
757
723
6d9
6f0
6b6
6fe
69f
6cb
690
6bf
6dd
6b4
641
637
64d
653
616
5ed
571
573
52c
4b5
55a
52a
563
689
756
718
80a
84e
7ea
7c8
79f
6f5
665
616
5c3
5df
5a5
538
4eb
550
4f0
531
516
5c3
61b
65c
63f
64f
653
60f
5c5
62d
5d1
4c6
4f3
476
42c
39d
3b4
357
315
398
406
4f0
50d
610
65b
62f
5ce
5f6
501
4b7
45a
417
44d
47a
42e
4fd
522
4c5
466
440
3a1
37a
3d5
453
416
468
4b1
535
555
4d5
525
504
543
4b2
441
48b
514
4d2
5a9
5d1
5cc
5be
641
6d3
741
6dd
6c9
68d
626
72e
78d
6f0
684
697
682
627
5dc
634
5b4
56b
5c5
683
665
6c8
74b
7e0
77c
764
6b5
695
69f
5ae
52f
5e2
58d
557
59a
5be
5cd
67d
66f
71a
761
7f7
8f4
8dd
88a
8d5
91d
948
8d3
7a5
7cf
7bd
7a2
7aa
74a
6fa
71e
71c
795
755
73d
874
8e2
896
8ab
90e
8d2
873
864
856
8cc
955
96a
a4b
a4f
980
99c
934
921
9b4
9de
a21
a94
b25
b3b
b69
b24
a95
aed
ad1
af6
a7c
a94
b19
a86
a98
a78
a6a
a35
a71
9e5
a55
a85
a88
a81
9d9
a3e
aa3
ac6
aaa
a7f
a55
ad0
a7b
a29
a0b
a65
a2f
a58
b2b
b7e
bd7
cff
d3f
c57
c4c
bf5
bb6
b9b
b5d
baf
bd0
b9f
b20
b67
b74
b4e
afa
ac1
b3a
b92
bb0
b94
b8e
b5e
b75
b78
b19
a9f
a55
a8b
a80
a50
9d1
9d2
99c
9c8
9df
a3b
aa2
a8f
adc
ad8
adc
ae6
b08
b3f
b4f
b31
aea
ae0
b12
afa
b22
adf
a2a
9f3
989
96f
928
90b
966
9be
9fb
9fb
a3d
aa0
a9b
aa4
a50
a3b
a35
9ee
9eb
a53
a3f
a35
a24
a3b
a2b
a5f
a6a
a9f
a7c
a53
a9c
a86
afe
af2
a85
a8a
a9e
a43
9e2
9e8
9bc
92e
94b
8f0
925
8ea
8d2
8c7
891
8e0
87a
7e9
7c3
777
764
731
724
75a
723
79e
767
728
73d
7b7
7ce
7b8
7eb
843
87b
889
89f
81a
7ce
7dd
7c8
7e8
7f3
804
7da
7b4
7ad
791
7c7
742
6d1
671
64f
643
635
643
65c
674
69c
6bc
666
675
666
683
63f
5da
5ed
642
5e9
5a7
601
60f
5fa
659
64c
5d4
599
5b3
5c2
5c5
5ac
55f
5d9
5d9
60b
5fa
544
465
436
3ac
3ab
355
37f
37a
39c
3be
3dd
3ca
3d4
417
365
275
296
25e
230
2af
349
398
3e7
4d4
4c7
4fb
522
4eb
420
363
390
37a
36f
43e
47c
482
540
56c
51c
52b
519
576
59e
527
5a1
5b4
589
60d
63d
5a0
57c
553
527
48c
3f6
3c0
3d7
38f
35a
410
42f
48b
4f9
4e5
52d
52c
4d6
4c7
48b
452
488
4da
546
5d3
60c
632
66e
618
5eb
592
576
4cf
4c6
572
5bf
55a
55c
5f4
5d2
5a3
5af
53c
556
581
502
452
46d
4e7
51a
531
518
514
507
51c
4f9
478
4ec
5be
60a
60d
6b6
711
768
7ae
762
6d2
6e3
723
79d
7f0
7f4
86a
891
852
8ab
8c5
7ee
705
6cb
6b5
67f
67c
6aa
693
62f
5cd
5bf
5ab
5d7
61e
67d
745
77e
7d7
899
8c1
8ae
8dc
8d2
850
804
7a8
7c0
789
799
7a4
77e
7e7
878
8df
98a
9db
982
99c
9dc
987
955
948
95a
9aa
9c6
9bc
9d3
9b2
9b0
9bd
942
8dd
8b1
880
883
885
899
93b
9e0
9d8
a1a
a4f
a13
9db
9dd
9ea
a1c
a45
a67
af5
bc6
c79
ceb
cd9
cc3
ca8
c1b
bd3
bc3
ba8
b8b
b5b
b9e
c62
cbc
ca3
c1b
b6f
a59
9c0
914
8da
93c
9ad
a32
b0f
b4f
bce
c6b
c97
bff
b94
b3c
abc
a8d
a57
abb
b0b
b8a
ba3
bfc
c2b
c28
c21
c4c
c80
c8a
cce
d73
dd9
e01
df8
e4a
dbc
cc1
cb1
c04
ab3
9cb
957
8df
8a6
8ea
968
98e
9ee
a54
a9e
a4b
a55
a37
9bf
9c7
9a8
9e3
a65
aaa
b04
b2f
b42
b4d
b36
b59
b3c
b08
ae9
b5b
b51
b74
bd5
c23
c53
c95
c52
bcf
b76
af1
ad8
a60
9ea
9dd
a02
9aa
942
8f0
911
90e
91c
901
934
937
980
9e7
a67
a5f
a3a
a21
9bd
957
90a
93a
980
97b
9d4
a64
a62
aad
a98
aa3
a7e
9b9
97e
96c
96b
95a
930
91b
851
7d4
783
6d9
6a8
683
675
66f
68e
6de
773
7ca
869
86c
7ee
796
6d4
5db
5b6
594
57b
564
548
5af
5e7
6a9
73d
7a2
7e2
83d
7a7
716
723
6f0
6d0
6d8
738
76d
72c
711
6fa
69c
613
59e
501
4bf
46b
40c
473
4e1
552
5e8
670
644
5f4
5bb
53e
476
415
3ef
3dd
431
4d1
5a5
605
59e
577
52e
475
454
42c
439
428
492
56a
608
65b
6c5
69e
617
52e
44a
3ba
336
2f1
2ea
349
3c7
471
4cf
584
5a0
535
528
522
4cc
4a5
44f
416
3e0
3cd
410
460
4f4
5a3
5d6
607
6b1
75c
7e6
872
8d6
90c
942
906
89f
89b
84a
7be
782
701
623
598
584
5a0
58a
57b
59b
5d7
5dc
5df
617
665
670
678
689
68d
6b5
695
6b2
6cd
676
678
6b1
6bb
67f
68c
6b4
6aa
6c7
716
736
776
7df
840
866
89c
86c
839
866
8a2
8c2
8fe
8ef
849
78c
6f7
669
610
5d9
5e8
63e
6be
755
81d
84f
854
86c
772
6b2
66f
631
638
6ac
79c
87f
910
976
9a3
976
99a
962
911
906
8fd
95a
9cc
9d2
9e4
9a5
95e
906
864
7d2
7ce
796
77e
7a3
7fe
8b0
9a6
a7b
a6f
a05
984
8ce
801
783
725
6ec
6e6
6cd
75d
7f1
8a3
8e3
8ef
974
975
94e
930
94a
965
997
9fa
aad
aff
b73
b99
b70
b22
acf
abb
aa9
a60
9b7
908
8ff
950
975
9e5
a4a
a75
a12
9a4
978
953
8d6
850
80c
83a
8b3
8e8
8f9
8db
878
828
82a
809
7fc
7ee
84e
8ca
9ac
a68
ae6
b3b
ae4
a09
916
856
7d1
783
764
78e
7a7
7ea
835
866
849
847
809
7e9
7d9
812
82b
837
803
7b9
724
6de
695
61e
5df
624
69b
6ff
788
84c
94b
a36
af8
b29
abc
a38
9f2
9ca
9c7
9a9
953
8b8
87e
896
8a4
8a5
88f
829
7c0
7cd
7cc
7d7
821
85f
839
853
886
86a
7df
75b
6f5
6ab
681
6b5
6f0
6be
6bd
726
76d
799
7cc
7b4
806
871
89c
8d5
94a
953
93a
987
9bb
9db
9fd
9d4
953
87d
7d3
751
6ad
693
65d
635
691
764
855
8ba
8e9
916
8d2
803
718
655
5d8
5e9
64d
6ca
753
7a3
799
77f
74c
714
712
747
784
7b6
88a
8ec
907
922
928
8bf
856
7fd
788
727
73e
765
7a2
82e
8db
983
9d6
9b6
8f7
845
79f
720
687
5fd
57b
510
532
5ae
5e4
619
613
637
633
633
694
6f8
751
7d4
852
885
8ef
940
901
8ce
8b0
839
82a
890
8af
8a8
88b
845
7e7
7a1
7f0
826
878
8b1
8a0
845
84b
89c
88c
875
8ba
907
8b0
898
84e
782
6d1
68b
64f
60e
5f2
642
6ee
7ee
898
91f
992
a0c
9ea
947
8a6
82c
7e3
7e6
7fa
825
853
84c
86b
816
802
815
816
82c
872
8c4
933
989
99b
94d
8db
84f
791
743
6cc
674
652
6ac
78a
876
97a
a29
a60
a34
9eb
9a6
92d
8d9
8c3
8cb
8aa
876
842
844
846
7fc
7a8
788
76d
739
70d
728
765
78f
7ee
846
873
87e
834
7f9
7ba
784
772
788
7a1
76f
733
6fb
6ce
697
6b7
6e4
737
782
7cb
7f1
83e
89e
8f1
954
9b5
9dd
982
924
8d7
88c
824
77e
70c
6ce
698
6b5
73e
80a
881
8b7
926
9a3
9c5
92a
879
7e8
762
720
7bd
85d
85b
80e
7c1
77b
757
75f
748
796
822
8a4
925
9b8
a09
9a9
941
90d
881
7df
77a
72d
708
758
7df
885
91c
96d
8fa
83d
7b2
753
6e7
6c3
6b0
6b0
69f
6f5
749
730
6f3
69f
67f
630
619
62a
67c
6f1
739
79c
7fb
87a
875
807
7ac
747
71a
730
791
7dc
813
857
860
813
7dc
7b3
75a
780
7fe
840
838
850
84f
860
898
8d5
8de
8b5
85c
7af
751
71e
6c2
64a
61f
5ee
5c3
5de
67e
724
787
82b
88d
88d
86f
836
7fc
76e
701
6c7
6e1
6ee
6d3
6a4
674
626
5f9
601
602
617
657
69d
70d
7b8
828
866
85f
7f8
76f
6eb
69a
6af
6b8
6f0
76f
849
8e2
8f7
8b9
83d
7a8
756
740
721
75e
7c2
822
851
840
81c
819
7f6
7ad
751
71e
72e
771
7cb
835
873
8a8
8cd
8b4
869
813
7bd
77d
78c
7d7
82c
86c
89b
868
817
7db
7ac
753
728
72c
75a
7dc
894
92d
99a
9d4
a0e
9fb
978
8cf
80e
7a7
797
7a8
765
71f
70c
6ee
6cd
6e0
6eb
733
796
7e6
805
834
839
812
7c5
7a5
7de
813
857
8a1
889
7f9
775
6f2
6c7
6c2
6be
6cf
736
7d6
86c
8d9
91a
906
8bd
859
841
802
7d3
810
867
8cc
95e
9de
9a8
911
87e
806
795
768
752
730
74f
7b5
7e5
804
848
852
82f
7e6
79d
76b
775
7b6
7ff
87c
923
9ad
a07
a0c
9c9
938
8b9
87b
89b
8d5
94c
999
985
95b
92c
8e6
8af
85d
821
848
8b5
933
965
98b
9cf
9fd
a24
a05
979
89f
835
837
80d
80d
7f3
7f3
7dc
7ca
7cd
7b6
7be
7e9
82d
8b2
8fa
8e5
8c8
8c1
8a4
867
834
7f0
7c5
7cf
7c6
77e
76d
755
74d
777
7e0
81b
843
844
858
860
88c
8c5
88d
837
805
802
7f3
834
870
8e4
972
a0d
a47
9ef
960
914
8e2
8da
8dc
8ec
920
99e
9ec
9d1
988
905
869
800
7a8
74d
725
754
7b0
7f7
877
92e
9b0
9c0
9a4
91a
88a
817
7d1
7b2
7ed
84e
886
892
893
860
7fe
7b1
75e
744
767
7c6
82e
8b0
936
9b9
a00
a04
984
8a0
7e7
77c
70f
6ea
70f
743
762
779
78e
778
776
7a7
7ea
840
8a0
8c4
8c1
8a7
87b
80f
7db
7a8
7b3
7e6
820
830
7f7
7bb
7c5
7f2
837
873
8b2
919
982
9d7
9e6
9fc
9eb
9aa
958
911
8ba
888
884
8a4
8ab
8b5
87a
817
7d8
7e0
7cb
79f
77a
75e
737
753
794
7a5
79d
7ad
7b0
776
749
6e6
6b1
6ba
6fb
734
7c6
86f
8f6
918
926
8d2
834
7a6
755
742
773
7e3
800
7f2
7d7
7a2
735
6f6
6dc
6c3
6ff
7c3
85b
8ba
91f
969
969
8fc
848
790
6da
698
678
657
661
691
6df
72d
7ac
801
842
85b
88a
8ac
8dc
922
90e
8c9
89a
86d
841
82b
7c3
776
70a
6e0
68a
64a
64a
67f
6a3
705
77b
7c3
7f9
80d
813
809
81c
825
7ed
7ac
770
740
73b
76d
7cd
822
875
86f
849
83f
83b
809
7e8
7ab
7aa
7ce
861
8b6
8a9
85c
802
772
6bf
627
595
53c
547
5c9
6b2
78e
837
894
88d
83a
7da
744
6cb
68a
681
6b7
705
739
73d
761
74d
72f
726
72a
761
7b8
846
8e8
97e
a42
ac4
ac4
a77
9ab
8d6
811
787
6f8
679
64d
645
674
6b4
6f0
70c
72d
768
7ba
808
868
87b
864
88d
8ac
8a0
86e
81b
7d4
784
783
7a3
781
776
78d
7c6
80b
83e
87b
8c9
917
965
984
982
970
928
8cb
88f
85d
81c
81a
841
844
801
7b7
760
720
707
706
6e4
6b1
697
69a
6c2
716
750
73c
727
73e
700
6b6
68e
697
6e8
782
848
8f4
96c
9d8
a0c
a14
9ef
97b
8f4
8ad
88d
8aa
8dc
904
8e4
8b9
881
83d
7e2
787
758
768
81d
8ef
99e
9fa
a3a
a26
9bc
914
84f
797
71b
6de
6af
6a1
6c3
6fc
756
7ba
813
85b
87d
8bd
8df
90a
925
919
8f3
8d9
8dd
8e4
8aa
837
79c
6f0
670
635
60b
60d
634
674
6d3
725
75e
79d
7e9
82a
83d
7f8
7af
76c
768
78b
7a3
7c8
800
845
844
86f
8bd
8d9
8db
8e0
8df
8e1
8fa
93a
96b
99e
9e8
a06
9d0
956
8b6
815
782
715
6de
70a
787
82d
8b7
938
973
95e
94d
921
8d5
881
839
7ea
7d1
7f9
829
841
826
80c
7dd
7b3
7c2
7ca
7ea
82b
8ad
950
a0e
aa7
b01
aa9
a07
973
8c9
84e
7b7
721
6b7
687
698
6d4
72a
76e
767
755
732
71c
714
748
77a
78d
7c1
7f4
7f1
7bc
781
74d
74c
760
793
7a2
7b0
7e2
80d
856
8ba
917
973
9c3
9f8
9e0
9bc
98d
94c
900
8c3
894
85b
85d
83f
7f5
7cf
7c7
7a9
777
763
774
798
7c8
7f0
7cd
7b0
78b
752
726
709
6ff
6fc
6e1
6e7
725
78e
82a
88d
8b8
8f3
904
920
95b
97f
956
906
8ab
864
852
86f
84d
7ef
786
715
6be
695
687
6ba
71a
7b9
86d
8e9
928
91c
8a6
7f8
752
6b2
635
612
64b
6ad
6f4
72c
776
7d0
807
814
803
823
863
89e
902
979
9a0
9b0
9a5
962
900
89d
7f3
715
65c
600
609
637
67c
6da
72b
7a5
822
842
835
80c
7b8
770
746
726
74a
794
80e
89c
8c9
8be
857
7ec
7cf
7d9
7bf
7b6
7fc
879
8dd
945
982
988
984
997
955
8c5
810
74a
6d0
673
638
648
69d
727
76e
790
7af
7ae
7a3
778
715
683
650
661
67c
6e5
74e
789
77e
742
6fb
6d0
701
731
76b
7cc
868
94e
a1c
aaa
a9f
a16
96a
8b6
824
7b0
767
73d
716
6ef
6d0
6d9
6f6
709
728
740
723
70a
6fe
72b
788
7ac
7ce
7b4
7ab
7b2
79b
77c
738
727
761
7bb
7fa
832
860
89a
8f2
948
961
942
936
952
968
96d
95e
967
941
91a
8c7
887
839
7b1
780
752
72d
6f2
6da
702
71f
6fc
6c5
668
60b
5fd
5e4
5f9
5fe
622
650
682
6bb
734
7d5
857
8b5
8d1
8cf
8d3
909
94c
979
9a6
9c1
9dd
9cc
994
954
8ec
871
7db
788
74f
755
774
7b8
81a
884
921
9bd
a02
9e6
934
886
7fa
771
6ec
6a2
6b3
714
778
7d0
82f
862
864
866
835
840
83c
862
8a8
8e3
996
9cd
a16
9e3
969
8e1
867
76d
6ee
6a7
6a2
6cf
715
760
7b2
7c3
7cb
7a9
76e
730
6f2
6be
68c
686
67f
6ca
708
777
829
863
87b
834
7c7
7cd
7af
7a2
7d8
837
8c8
925
958
969
954
92b
8e9
8b3
842
7d1
76f
725
728
759
799
7da
7ef
7e7
7e3
7d4
7c2
79f
74b
723
717
715
733
71e
75c
78d
7b5
7c7
7ae
79a
783
781
792
7cb
820
8ae
94b
9d9
a0f
9ce
937
8d5
87a
841
7e9
7d0
7fb
823
845
830
827
802
7e7
7c4
7ee
7cc
7ac
780
74b
747
73a
734
718
6e7
6d6
6f1
6e7
6db
6d7
716
7d8
89f
92c
946
95c
975
989
979
954
8ea
8a3
89a
8b2
8d9
8d9
8c5
8cc
8bf
884
7f4
756
6cb
6ae
6a8
6ac
695
6c2
6e9
704
6ea
6bc
697
656
64c
672
67a
6a7
6e6
73d
7e3
861
8fd
95d
95e
944
91b
904
8e3
8a8
882
87b
8a8
8fb
94c
91e
905
8e8
8d6
8b8
876
845
82a
815
830
83e
860
89d
8d8
917
8d7
84a
7b3
724
69f
60d
595
55e
5a5
64f
72f
7ce
82e
85e
85d
84f
834
7e4
7df
802
841
8a6
927
95f
935
8b2
80d
757
6b8
634
5cf
5e6
617
681
6b2
6e9
740
797
7ec
7f9
7b6
784
72c
719
70b
740
7a7
81a
8af
91e
963
963
924
8ed
8ae
84c
813
7e4
81b
896
8e6
8f2
8e5
8b6
86d
839
827
82a
831
857
88c
8a9
8c9
8e7
8b5
855
801
7ae
75f
71c
704
6bf
677
666
634
5f1
5ed
61f
67a
70e
798
810
841
875
8ad
897
894
8e8
954
9d7
a48
a75
a53
9e5
988
912
859
76a
6aa
636
5f9
62d
68f
6e1
728
766
7ba
7e3
7c1
7fc
7f0
7b9
796
799
7c9
7e8
7fa
803
7dc
7e4
7da
82c
84d
86a
88f
8c3
912
8ca
8b2
88f
83a
803
7e8
79e
78f
7b4
7a1
7bb
805
858
88b
883
883
84d
812
808
825
7e4
7b1
7b7
795
770
70a
676
62d
5fe
611
64d
669
6a5
720
77c
7f4
85d
89f
8bb
914
91e
8ed
8ae
882
85c
845
857
85c
83d
834
835
82e
868
8bb
8f4
8ca
899
86f
831
7df
78b
739
6f7
730
7c6
7f9
80a
7fc
7b9
748
6c8
652
64f
68b
709
793
827
8b8
943
98e
98e
96f
92e
8f5
8b1
8b3
8f1
93b
971
98c
96e
926
8ce
882
82b
7f4
7c3
77e
789
7ad
7ca
7f7
81d
7ea
7b6
784
737
71c
71d
70d
703
726
75b
7a2
883
915
976
97e
95b
91f
8cc
894
891
8d6
8f1
8b8
890
86d
7fa
7e0
7b8
7b4
7f9
80e
84b
8a0
90c
90a
95c
929
8bd
87f
7fc
796
709
6b8
68a
670
68e
68f
6a6
695
6ca
6ec
73a
78d
7a0
819
8a7
90d
8fa
927
909
8de
902
93e
997
99b
9b0
94e
895
7fd
77f
740
743
7bf
870
905
973
991
963
901
816
75d
6b2
606
5aa
5c8
65e
6ec
7a7
85f
891
828
79d
713
6db
6e1
72c
7be
83f
8ae
8b0
85c
644
418
470
567
5be
576
569
53f
589
61d
69a
73c
800
8c2
8e9
88a
856
883
787
718
85e
83c
7d7
84f
89c
8f6
985
b0d
de6
fdf
fe9
f15
df9
dd3
d92
d1c
cc8
c34
b94
b22
a4f
978
8b4
7f2
734
6b6
635
5a5
57f
559
511
543
5f0
665
689
64b
5cc
542
4db
42e
3f8
41c
441
494
452
3d0
298
139
06b
075
14d
1eb
353
4f0
4bc
489
558
67e
77d
7fa
86e
82e
7f0
6ec
660
629
56d
5e5
5ff
6ad
741
72c
71a
703
77f
80f
893
917
986
9c3
9e4
a19
a29
a2d
aab
b31
b4f
b56
bf8
c6a
cca
d93
e8c
ed7
ef3
ee7
dd6
dd4
e68
e4f
e43
dad
d1b
d66
e51
eab
e40
e43
d90
ba9
aae
b09
b55
bf1
c9f
ba9
ac0
a41
93a
86d
7d6
7c3
7a1
6f7
620
578
50b
523
4fb
501
503
4d9
4f0
524
549
53e
4ff
4d1
4b0
49a
463
447
494
4ae
4b9
49c
467
458
3da
2d3
22a
258
2fd
2f5
1c9
0d2
0e8
24c
354
389
3a8
477
558
5d4
55f
50a
4d0
5e1
854
a42
9d0
82a
781
829
8f1
927
87c
73b
70b
7ea
92e
a25
abb
b93
c68
bec
a97
9cd
9d3
9e7
aab
bff
c50
c4c
c98
cc2
c60
afb
91d
8ce
984
969
778
644
74e
7a2
7e7
87e
934
9d6
a3a
aa4
830
493
385
4cc
778
940
8f8
7df
796
83c
aa1
c6f
b30
854
753
913
b37
b58
9fb
8c2
96f
a2c
aa6
af9
a93
9c5
8bb
8c6
835
75d
5ff
639
77f
6d7
646
5f1
60f
682
60f
63e
673
663
59f
642
623
515
407
3b2
530
78b
749
512
3e6
386
4ca
582
71b
6ca
50b
4cd
591
574
525
6bd
7e1
6f5
4f8
411
4f5
593
3b8
3db
5aa
671
641
57b
3f7
39f
382
5af
7a2
7cf
7b6
7ad
75f
852
9c5
920
787
70e
76e
763
7fe
83d
a21
bc7
c74
d79
c89
b50
a2c
a12
b06
bdf
bc3
b2d
b8b
bb2
aa0
a2d
a78
b9d
a36
976
97f
831
a57
af1
9ea
a6a
ae0
b09
b8f
be4
b16
b12
adc
ab4
aa1
a33
9c4
947
9bd
a13
963
86a
786
754
863
86b
7ea
7e7
806
827
85b
81f
835
833
805
77e
58f
4b5
3f1
2c6
242
3d4
574
664
5d7
625
612
649
77b
74a
7ca
838
73b
65b
7ac
7e5
7a5
855
833
79b
68d
4bb
443
5d8
71c
82b
8a6
91f
78d
659
874
972
72c
6af
77b
841
842
6a3
614
983
94a
7e1
94f
789
7be
a10
93b
818
8a6
8da
8a6
938
907
909
905
8a6
8b4
851
71c
5e9
55e
5e9
7d3
6f2
690
84f
894
851
907
99d
988
a35
b36
938
6e8
84c
a55
b2c
8c7
68a
6a1
6a9
74e
97a
a9f
97f
831
86f
9b3
a8b
b59
c68
c51
bdf
c8e
c1b
c7c
c6f
a52
a11
a78
a3a
ae1
ae8
a5d
985
9c0
ac0
a50
a0f
b10
a90
984
92c
81c
696
5be
4fb
5ea
683
6c1
63a
523
4cc
51e
624
6e9
6e8
73c
778
68b
5d3
42a
3eb
4dc
4d7
440
374
37e
2d4
2b6
440
57d
44a
52a
579
655
67b
5b9
540
5f9
78f
638
671
699
84e
71d
368
3d8
5f7
707
7b0
800
802
871
88c
a01
9a6
95d
b8e
b76
9bd
a88
ae6
a2f
a03
9b2
9b0
b19
bfd
aa2
912
a33
bf7
bfd
a89
ada
cb6
cbd
abd
af1
aed
b1b
b8e
a27
853
95d
a26
ac2
ac0
90f
767
94e
bd8
a11
879
89f
79a
77d
885
815
75a
7c6
8a8
663
3db
4b6
59e
611
7d3
90f
864
707
705
891
957
833
7a7
88c
73f
51c
555
410
4cf
44f
173
1b2
343
45a
617
731
71c
660
6ef
7b7
94d
9ca
ab6
969
754
6a8
6ea
781
8d6
856
79f
76f
63e
5db
67d
674
74b
7bb
796
80e
86f
858
9af
823
743
806
6ce
6f5
6c4
5e3
6e7
8f7
88a
73e
788
8b7
974
9e0
a62
9af
922
78a
7f9
99b
b67
a4b
964
7a1
653
57e
51b
673
6a0
611
625
760
80e
83e
7d2
8c2
854
81a
7ff
a04
c92
9af
8f0
9d6
8d4
68e
7d7
a79
c8d
bbf
9b0
a99
bcd
c09
b41
c5c
c5b
c5b
bc2
b2f
b45
b8e
a07
8b8
83e
7c1
612
640
6cf
62f
6f9
868
8b5
72a
7bf
785
758
641
57b
5e3
714
537
394
55e
5c3
585
47b
467
45b
35a
3a4
445
364
3c2
35c
2d4
33e
621
5eb
47e
410
3df
4fc
6dd
60d
441
586
7b8
6d0
6de
6d6
65e
5f0
53d
501
63b
78c
782
891
a8f
bb6
8fd
8d9
7f4
85b
a68
819
84e
a2b
b51
b64
cc4
dcc
d25
ce6
caf
c46
d02
cce
b1a
a71
ae7
abc
beb
a04
70c
696
817
91f
7c9
7da
91b
938
7f6
8b9
a47
ac3
bf8
a44
a53
88b
7f5
890
6ca
68f
7a3
63a
5e3
8a4
88e
903
91b
858
862
934
925
879
926
78f
6a8
853
8a5
7e4
78c
751
5a1
604
6e0
6f9
809
830
83e
6ef
642
7b5
7ca
77b
7a1
80e
718
8d7
8da
5fe
6bc
9ed
9f2
7a5
919
7bb
7ac
805
7b7
7ba
6ad
61e
6e3
893
914
65b
4aa
752
858
6cd
5eb
51c
5da
644
5e3
59e
65c
7e4
7ae
733
60e
5c9
799
6c3
5de
7d6
803
638
718
79d
45b
29d
54d
63c
552
569
568
4f8
553
6a1
662
790
8fd
8b1
896
952
99c
a0f
a7f
852
69b
726
81f
780
85e
8f9
787
73c
8fb
853
824
955
7d7
6d3
820
907
7da
7ac
87f
9e6
a4b
891
7c2
7a8
92b
ad1
774
72b
a23
6b5
5e3
8e9
96e
a62
a2d
815
72b
853
8d9
791
71d
6f1
6ff
764
762
7c4
81d
8e4
7a1
514
49f
5aa
6de
867
8f7
98f
918
852
75b
650
8ac
699
3e2
547
5fd
58f
606
69b
6ef
8c9
88f
814
75e
8f5
a18
936
8c3
9f5
75d
740
82f
80a
96a
806
700
7ce
920
977
8b4
a4d
aae
b08
b4d
b33
adf
c08
b7a
9fb
841
733
731
722
8a5
6d1
5b1
72c
8e1
9a6
8ef
933
a6c
884
8ee
a25
aaa
b47
a54
ace
a3f
95d
944
a06
935
7eb
6db
5fa
6cf
78e
888
6cd
6b7
78f
64f
8d5
a17
7f3
718
739
8b9
859
83c
88d
8d7
79c
66b
71c
64e
8db
809
6b2
7b9
85a
a37
b72
b8a
aed
a35
9ea
9bc
98d
96d
a0f
879
620
715
782
820
985
984
70c
6b6
88a
808
851
8bb
852
7dd
7d6
7f4
6bc
5e8
735
71b
716
6d0
57c
685
705
6b1
7a6
849
8f8
8e6
8ff
87d
73c
a58
a4d
881
782
6cd
6f2
674
895
7e3
6eb
6ad
608
5ca
719
7fa
6fe
66a
5e7
60d
728
64f
5b2
615
5bf
501
449
56c
618
49d
450
619
68e
600
735
84f
8c3
8fb
8a3
87a
ad5
a85
a14
aa8
94d
932
8e6
b09
950
55c
4fd
607
512
546
64d
725
5b1
4fb
852
85d
68c
82e
929
78e
709
78a
7b8
79c
8b4
7cb
71f
6c4
7a6
a1a
9bb
a3d
9d4
a1b
acb
ac4
bcf
c57
b49
99d
a87
96f
690
686
7bd
70f
563
5c8
8c9
922
6d1
8c8
aa7
945
797
77b
83c
72d
6bf
79f
918
679
619
7d3
733
60b
6e4
69a
5c3
838
94b
872
a69
a50
a2b
a26
944
abb
a55
b8e
ad0
940
9fa
9c2
825
707
854
797
6e4
68c
63c
748
6d9
838
980
808
6bd
6f9
6ba
70b
7f1
8f2
7c0
52d
456
4ea
58e
62a
649
4e4
52c
73f
873
967
930
918
917
8d3
921
929
8cc
906
94d
7a9
6db
659
632
793
67b
692
74c
506
4ce
803
84c
66a
785
772
5c8
711
773
63a
5e5
68d
64c
5f6
70a
788
7dd
9fe
9f4
9fd
a6e
b18
be7
b48
982
ab9
9ca
8db
ad3
a91
88b
6ac
7a4
7e5
78d
8a8
83a
6ea
68c
867
8b4
7ba
759
88d
6e4
6cb
8b7
8e2
72c
723
7c6
734
77e
8cb
780
602
6cd
6b0
769
7c5
833
908
7ad
8ea
95d
a27
9e2
9d5
b49
a59
884
825
6a9
576
5a7
5b5
4bc
602
73c
710
637
758
7f3
7a4
84f
899
803
8e1
8a4
79b
763
7c2
6ea
5a8
670
67a
828
a4e
97d
88f
94b
a9c
b6a
c11
c16
9ce
925
a20
98a
95f
9c9
82c
740
719
6bd
903
942
8b0
a3c
933
920
949
943
833
8d1
8eb
8c5
8f8
83d
95e
8b6
897
70c
69b
753
738
7b7
7f8
925
86c
857
995
a11
a9b
a50
9f6
9ae
95a
917
7fb
7b6
8de
841
790
728
7df
838
81a
81f
751
7c8
8f9
951
951
a47
a77
aee
ad3
a52
95d
9a6
833
6b7
6cf
66f
59a
5c8
726
711
900
9a5
83b
8b1
9ac
abb
a59
9e9
8e2
9ba
920
8c2
8ce
7b6
832
7e2
7b6
7c7
863
739
667
7d2
917
89d
7af
883
752
7aa
7c8
656
531
5f0
686
51c
523
5ee
7c8
7d7
7ed
928
89b
79e
87f
94d
910
849
849
8c0
847
8ea
98e
962
80c
6fc
768
730
699
702
77d
888
7b8
801
821
794
91e
879
86a
926
7e1
7ae
89f
77a
6ae
6e8
706
66d
6cd
73d
76b
6f9
76d
846
8f9
898
9bd
ac1
9e9
971
a6b
a0f
8cd
87c
841
7b9
63d
53a
68b
6e7
777
806
6ed
722
80b
8c7
8ac
7d7
793
88d
962
822
76c
6d8
663
536
505
477
4a3
589
559
76a
7c5
713
7a5
8bd
746
846
96e
884
76e
7a0
847
794
6cf
597
73d
7f2
7a1
784
735
763
831
7e1
7b1
82d
808
879
85d
80e
884
924
8dc
79e
621
5e5
689
666
69b
6f1
6dd
893
968
a03
970
9b4
9bc
9b0
987
8ba
932
9d9
8f9
83f
846
816
7f2
7a3
7e4
78e
684
6cb
6e7
763
87e
911
93a
918
9fc
a48
945
939
83b
611
540
4c8
3fa
3e3
4cd
4f7
5dc
5ea
631
6f7
692
723
781
7d0
7fa
7e9
790
7d4
74b
628
681
61c
5f2
641
689
65c
5a0
6fd
7d6
831
7e6
80e
7b2
749
884
7f7
6b7
6a5
6c1
56f
65c
682
5a0
5ed
72e
5ef
621
74b
784
7bc
790
824
827
969
aa5
a55
94d
9f7
929
90e
95f
92e
85a
7f5
7fb
78a
86b
7bd
6d4
796
898
900
8bf
87d
7dc
806
827
7e3
728
696
727
62f
53a
569
5e2
56b
56c
5fa
683
6d6
80b
90a
95d
a52
a6d
a5b
a19
8d7
7cc
85c
7b5
68c
6ce
66e
6a2
6f6
6fe
693
70d
731
81f
869
7a0
8dd
8b7
91d
927
98a
98f
7c6
667
61b
5a7
4b7
58d
630
678
75c
899
8ba
93f
9ec
901
8fb
956
8cf
844
8b6
912
8a4
913
97a
8ad
791
8ab
8bb
679
651
76f
6b6
638
776
820
7f0
907
8df
8a5
905
7ee
742
685
5e4
5aa
558
5dd
5e0
5fd
627
6cb
720
78d
860
81b
7df
838
907
954
9a7
923
87b
8a3
894
7c3
700
7ea
7df
6f5
7b1
832
85e
8e8
a0a
a34
a6b
af4
b13
a57
950
948
835
734
638
6b0
6db
6c4
7c9
795
806
82e
857
821
8e1
92c
953
9bf
a5f
a20
933
885
809
84c
730
652
5fb
664
6ce
6e8
80f
84b
801
7d4
806
79d
7d8
8ac
80e
812
892
855
7d9
6e5
71a
707
675
593
597
631
5e8
69f
745
7e3
8ac
985
a6a
a3a
a99
a72
952
972
a12
9bc
92d
97a
8e9
909
925
903
8ce
859
857
84a
905
945
93e
972
9db
a38
a52
a3f
a09
8fc
7da
6ba
66d
66c
647
60c
6a5
81c
89a
91d
9f3
a6e
ada
a85
a1b
a1a
8cb
845
82c
7db
7d4
7da
864
7d9
7d1
7fe
7c4
741
757
7c3
81a
82c
8de
99f
a0f
a2a
a7e
993
808
7fe
6ba
58f
54f
56d
601
692
747
827
8ac
968
9d0
954
892
8ba
8d4
8cf
935
9ce
a07
9e8
98c
98d
8fb
7fc
7a1
743
675
5ee
66a
6d1
695
78a
868
901
9e9
9f2
968
8da
870
86c
727
6e1
753
713
741
713
753
782
7ed
80a
84c
7d2
7fb
855
8a8
8f4
877
8af
8b5
831
7c6
791
725
77b
803
7ee
818
8a6
909
98d
9cb
a07
a43
a36
a2b
a4a
992
89a
824
6d4
650
657
58b
5dc
61c
5e5
67d
6c9
6be
743
7f2
876
8f3
98e
999
985
944
7f5
75b
6a2
69d
649
5d0
5ff
63a
682
73b
77d
7a6
83f
812
777
751
765
76f
7dc
8ac
8c4
8ea
86b
7db
7a6
68f
607
5d1
5ab
554
5a5
602
6b8
79b
812
8e3
93a
944
9a7
962
8ce
8b7
86e
835
8a9
8ca
888
875
856
802
7c3
838
881
89d
8a4
986
a4a
a81
a80
a4a
a34
9dd
935
85d
798
6ce
60e
60b
69d
6f6
76e
884
926
a25
a61
a3a
a21
9fd
a93
9d9
8c8
8b8
874
820
880
86e
7db
7d0
80e
7a6
731
788
7ce
816
8f3
98a
9e8
a07
9a5
909
8cb
7dd
6d2
60e
53f
49e
47d
4fd
4f4
547
606
6a7
6db
6e9
79c
7c6
7a0
85b
86f
84b
8dc
8f9
87c
89c
877
720
6b9
6b1
676
677
66a
65d
708
7b9
7a1
861
907
94b
986
912
90b
8c6
804
76f
6e8
68c
672
60c
58e
584
581
576
630
677
64f
6a5
791
842
883
8a4
89e
82d
870
83e
76f
6c4
670
6fb
725
715
7c3
7f0
88e
942
94b
936
928
912
92a
8d2
811
870
7e0
78b
797
6f4
6dc
646
65d
6cc
710
79f
7ca
8ad
910
9bb
a07
9cf
9a9
966
908
8b4
7fd
782
751
78a
7b3
81a
82b
810
8bd
8e5
930
98c
965
920
993
9e6
a49
a5a
a21
a3a
9c2
8d5
7d4
6be
5d0
52f
49d
477
51c
575
5e1
6dd
74e
814
8d7
8ff
941
939
923
8f3
8ad
8a0
8f8
948
90b
89c
79f
74d
71e
6ae
67b
5ff
63f
706
859
8cb
98a
999
8e9
903
804
76f
6c3
5d9
535
577
595
670
735
784
81a
875
8c0
8f4
8dd
8fd
90e
8cf
894
897
856
837
83f
812
7d6
761
714
6f4
71f
737
72e
7bb
8a1
963
9f2
a3d
9ea
9cc
9e9
94c
851
7d0
748
67e
651
61f
5cd
5d8
5dd
637
675
6ac
769
779
789
862
90a
932
9b5
997
951
916
8c9
855
792
6ca
60e
598
5ab
5bf
635
6d3
730
79c
80d
850
86a
8e7
8fc
899
871
896
849
833
7dd
6ec
624
5d7
5cd
5f8
620
662
6b2
759
84d
948
9e8
9df
a24
a20
93c
908
8c5
823
7f5
7d7
82f
89b
8e7
92a
913
93e
972
975
958
960
991
92c
99f
a65
9e3
997
93a
8a3
816
749
6e1
69e
6b7
734
7eb
85a
8c8
9a8
9bf
958
97a
94f
8b6
871
82e
773
6c0
69b
6a1
66a
666
632
629
5e8
63c
631
64c
69d
71a
754
813
8d7
95e
9bf
99e
93e
88f
7f1
730
6a6
60d
5c2
59f
60e
6b8
751
829
8bf
917
984
9f4
9f8
a27
a19
9ba
9a6
9d4
9bf
958
92b
8b0
7ca
756
742
6cf
692
71e
77a
7f9
8ea
9b9
a04
a46
a1e
980
8f7
852
724
602
5cb
601
5da
61c
6db
722
73a
703
6d6
740
736
734
77c
835
875
824
828
7cc
804
7d6
740
690
62c
639
634
698
6eb
6e1
788
853
8b2
81f
843
8d6
8b2
93f
8eb
8b6
85e
87a
859
7ca
760
79b
76a
75f
78b
7e8
826
8a2
941
996
ab2
b5b
b2d
b2f
a42
a10
a52
921
8ca
83c
83b
820
721
749
739
7ee
6a1
7ca
7fe
8c3
977
948
97d
a06
9d4
9ca
917
96f
7ac
739
686
5d8
510
407
526
4fb
5de
63a
741
7f3
79f
7de
7f6
692
70d
6c3
6db
83a
713
76e
7d9
807
796
753
690
677
731
6d0
761
713
806
89d
932
91b
989
a3b
88d
7b0
80a
8a0
7c5
77c
7f3
7f4
95f
99b
9f4
abd
b84
a6c
9d4
8f4
8d8
7e1
62f
6a0
706
789
7a5
822
851
89d
750
7b7
75b
676
874
83e
8b6
876
8c1
96f
9f6
9cd
95b
8c7
7b2
84b
75f
6ec
5b7
67b
744
84c
7dc
8cd
75f
77c
82b
758
919
876
98c
9df
a3d
93c
9ac
9de
919
92e
87a
77f
6a8
5a1
4bb
4b7
495
587
564
702
793
7fd
9c9
985
a83
a78
ace
9be
9d3
aab
911
91e
8d0
95c
9f6
8fb
863
849
81c
923
95f
a1b
a92
9e0
a2d
8f3
802
711
716
6cd
6a8
65e
60f
6b4
7d4
898
95f
8c1
8ad
8c5
8dd
74b
73f
7bb
890
7c5
733
737
7a4
8b0
91f
8d3
7d8
778
6b0
700
7e4
903
98a
a10
993
8f7
882
941
8f6
96c
999
998
81e
754
781
762
936
8f0
6eb
594
49e
4af
5e8
6e7
7b1
8c5
933
870
8b7
988
b7c
ba8
abf
987
86e
857
738
632
684
643
666
721
72a
7cd
7b8
7ac
850
875
740
5b3
64b
5ca
679
67c
7a6
7e1
66e
5f0
5ed
5b6
5b5
62d
5d0
5f5
57a
6b3
717
921
936
7d2
6ed
6b8
720
70b
810
69e
760
858
8dc
9dc
a61
a3b
a63
902
8f4
819
7ae
744
6eb
6a8
677
655
697
76b
628
50d
5c8
616
6d5
7ca
76b
7c3
926
84e
98a
993
a0e
9ef
895
9c9
a20
970
9ed
90d
98c
9ca
977
980
af6
9f5
84e
812
804
80f
765
853
7c6
58a
5d3
93a
bd6
9bc
71c
9f6
928
70c
3e9
50f
5b9
38f
309
3b1
497
545
6c3
8ac
9f5
88e
7b2
742
841
72d
7fc
8ef
762
667
6fc
79d
8f7
9b8
732
67b
7fd
9aa
aad
893
739
894
833
72b
57f
6c7
64f
46a
4fc
7b7
959
943
90f
a1a
a8b
7fd
81c
887
8be
6fd
8bc
9d4
969
9db
983
a9b
93f
86e
6db
7cf
767
71f
663
729
7d7
7f9
8d3
8df
6e6
914
a42
9a3
7dd
748
8e5
904
88e
84a
8b9
6e8
86a
8e2
8f9
86c
7f7
9a4
72f
777
722
7a9
635
6ed
721
92a
a38
9f5
8a2
922
976
84a
8cc
79b
69f
5d5
4e1
367
371
3ab
687
767
6c3
602
7f2
750
767
7f7
7cc
7c8
6ee
816
679
798
8b2
921
6b1
6d3
6d1
751
823
79d
828
84b
889
7a9
7c9
535
62b
623
6ea
807
950
7ed
809
8bc
93f
a89
acc
88f
917
9ea
856
b55
989
80c
88d
6ab
617
73d
933
a6b
7ad
6e4
783
861
87e
7c7
659
61d
7b6
867
726
879
a72
9c4
9dc
923
818
a0c
a65
9dd
a39
8f1
90d
805
7be
7f3
7f7
91f
8f0
8c0
891
aba
b5a
cd7
afa
cc2
e2b
d93
c00
ade
adf
95b
a65
83f
7a8
83c
6d0
5e1
5b1
74c
7cd
7e0
7b7
743
654
920
9ea
89c
96f
7e4
8dc
7e3
6ec
532
454
3de
4ec
646
695
8b3
806
858
8b4
6b9
7d5
83a
6a4
5d7
5c9
744
641
823
7ea
89f
a4d
7fc
79d
8a1
9d4
8ce
604
73f
650
6ad
754
502
64e
5e7
473
371
552
557
483
3a5
426
60f
707
8a4
8e5
ae6
9e9
92b
73e
83d
988
902
835
980
a7d
c26
a2c
8db
8bf
7fd
8c8
764
532
76f
6b9
637
6b1
5dc
7b2
5f6
668
68a
78c
8a9
97c
8be
6f4
707
83a
6b2
823
683
63a
72d
711
69e
622
8ed
898
6db
727
74f
689
91c
7b8
728
834
9cf
801
6bc
4c6
604
67a
6bb
855
623
6fe
6f9
683
5a5
64d
5d5
711
7ec
668
702
7bb
93a
9d9
add
b93
b15
b64
af1
c26
bc9
b75
d4e
ce1
b8a
ce1
d7d
c40
b0f
a04
a3b
882
738
99e
795
880
7e7
832
a5c
770
924
904
87b
769
6d9
581
715
7e4
82c
a6b
9b3
a08
8f4
852
8af
996
715
6a7
80a
6d1
743
730
86f
82e
7c3
930
bbb
a2f
cb4
acf
b63
b51
954
9bf
a96
87f
703
686
86d
7f0
680
850
7ad
808
6a1
7b4
7b7
6c4
794
8d4
813
882
985
88b
780
858
74c
74c
918
a40
9af
afe
a4e
a82
a55
9d8
9e7
a25
9f7
ba9
982
659
6ad
6eb
82f
873
a52
9a1
9bb
9dd
85a
77b
7cf
5a4
5a5
698
827
9c0
919
91e
859
7cd
528
496
418
490
3ef
4bd
6ae
74f
8a9
736
7be
8af
75e
64d
77f
7e7
823
7a1
6ab
66e
81a
802
789
7a2
834
74a
904
81b
60d
64e
4a5
3b7
384
37c
62c
8b8
7a9
61f
8a9
778
6a9
53a
6a4
7fd
877
786
5e3
6e3
418
417
3bb
396
407
5d0
5a9
4fc
798
80e
7af
74f
684
632
800
5b7
536
5d8
646
72e
688
584
7c1
76a
670
5b0
5a3
69b
6bb
6bd
49f
6b1
6a4
6ba
5b8
63b
722
9bc
aed
9d8
8d5
85d
8f8
6cf
7a6
888
a07
c3b
b7b
a38
a36
92e
7eb
74d
672
78c
8ac
830
94f
a9d
ae2
98a
a3a
a39
8d8
979
a36
b2b
81e
ba3
a93
a6f
a70
8a0
9cc
ac9
a20
956
99a
a24
a1d
8c2
909
7cc
7bd
995
95f
9df
ace
bb9
b8a
9bc
9a3
9be
aac
a94
a74
a91
b74
a0e
787
689
5d8
5fe
58b
540
630
7cb
8da
751
6b8
61e
6f4
8b9
88f
811
718
837
5c9
4f6
513
2a7
335
4c4
4c9
4df
7d7
808
6db
713
641
52a
4ab
50b
5c7
7ab
763
798
7f5
82f
8a3
8b8
a56
8c7
82a
894
8f8
872
824
804
6f6
5a7
4a7
4df
360
596
419
587
4bb
575
60f
679
876
783
9a0
946
86d
859
914
72c
8a8
787
75a
85a
8fb
95e
8aa
8ac
922
8ad
935
6f5
8d0
822
7a2
782
763
7a8
769
733
642
653
750
6b7
55e
6f6
67c
77a
65c
6a1
742
7fc
606
5a6
42b
4db
66c
5e1
7dc
859
959
7c0
8b6
7ca
8e6
9ae
a40
a09
a96
a22
8c9
917
87b
800
75f
77b
864
907
8d9
720
716
6d5
66b
679
652
7c3
84e
8c7
7d3
756
781
86c
86c
719
871
a10
8ab
888
9af
97c
a4a
940
89d
7a5
7da
6c5
731
7ec
79e
6da
988
917
b7d
a89
b1d
b45
a36
a76
8d8
881
6e7
6d2
76a
909
746
84a
892
8c4
90f
895
8f2
956
92d
9a9
972
a5a
a19
a85
973
97c
a7e
b2f
bde
c49
bcf
b6a
c13
a31
a2f
9f7
b37
aca
a8e
b71
983
905
88c
7bf
7ce
831
866
87f
a14
921
9ad
85e
81e
a81
a15
94d
a63
a8f
973
94b
a2d
94d
8ae
96c
823
82d
7f4
7a9
7f6
9bc
955
88e
a52
9fb
8fa
90d
9a3
8f9
a8f
a44
989
97c
90c
8bb
8fe
911
909
8d6
7f9
850
71f
6b4
6b1
5d7
50b
4f5
654
6c7
789
89b
831
8a6
a0f
a4e
a3e
929
927
8c2
847
79b
780
7ee
7b9
844
772
6d6
704
78c
6c5
8d8
8ee
89f
7b6
6cb
697
70c
73f
746
65a
60c
599
40e
4ad
445
458
43e
605
647
612
673
539
516
3bc
4e7
4d0
4c3
4cb
521
4db
638
74b
63a
794
6f6
68f
70c
6cf
74f
7e7
862
83b
823
7f1
7e6
7cb
6cc
681
5e6
6d0
72e
7e0
7e1
8bb
8dd
7b0
818
8d7
a5a
973
a0e
afb
a79
ac2
a2a
918
89b
a6e
a27
928
a4c
a70
96c
7e7
890
7e1
940
94a
866
806
8b1
785
7a8
806
837
9cf
b10
aaa
a31
940
8fa
8db
794
78b
707
5ac
56c
563
6ef
6a6
7c9
870
8ae
8d9
796
625
684
6ac
80c
75a
73d
871
6af
782
6bb
7f7
889
8c2
8fb
94a
981
902
881
844
791
8bf
852
7ec
813
854
720
7c4
754
7c2
80d
974
993
8ab
949
88d
821
7ff
818
7fe
770
604
656
5dc
535
4a8
429
594
632
719
7e3
6f1
69c
646
76d
6fc
78b
74f
6d8
66d
53c
635
788
6e8
628
52d
617
71b
605
521
4a5
349
3ce
431
58f
592
547
403
47c
4a3
4fa
5a2
5d6
68c
743
644
572
6c5
728
70f
67b
626
752
6fd
6d3
5e5
54b
697
769
718
761
809
83b
881
91e
a01
9b5
9a4
8c1
83d
769
685
611
5ec
7da
850
7e2
73c
744
55d
4f0
515
4e7
462
484
522
4e2
495
4b4
671
6d5
724
71c
73a
902
86d
899
90d
979
97f
8e4
895
8d0
84f
836
729
65b
5cb
633
6a3
766
87f
964
96b
8f7
8ef
7eb
766
833
8c5
893
84b
81b
85b
842
7f0
85a
87a
8c6
91d
967
985
9fd
9e1
9e8
8e0
905
961
8de
946
904
982
ad7
b32
b2f
b08
aa6
a55
a39
a3b
98c
9e9
8c2
7db
86d
94e
8e7
7d1
787
848
7ef
7d0
7aa
79e
899
84c
82b
87f
976
9ae
926
9e0
949
9a4
a02
90b
8a6
944
a03
b1e
bb9
b0d
b2e
a9b
92b
969
9c4
922
997
91b
7ee
89d
8d6
970
9d9
a10
ab6
b14
a90
a85
8ed
907
92d
7d3
77e
7bc
76a
765
738
7e7
8de
a68
a4e
b0e
b59
bd6
ba8
ae2
acb
ada
ab6
b69
b53
b3b
a94
9e5
972
895
882
847
954
978
9e3
8c5
824
7af
6da
791
82b
8b7
842
788
776
69c
69d
6e3
716
83d
7e3
874
786
73b
738
839
877
895
917
86b
76a
77d
6df
73a
7e7
7da
7f8
7db
838
895
85c
7b8
7a3
708
696
665
626
62b
6e1
73d
734
755
7ab
7ec
774
603
523
51f
5c9
6c2
6ff
854
9f1
9ab
903
938
95b
905
870
92a
9c1
a91
a77
a77
98e
92c
8b2
733
735
703
667
6db
7db
750
7d0
817
88f
8c5
8a1
824
856
859
83e
77a
7ba
82e
706
6b4
61f
653
6e4
7a4
77d
8b4
9dd
a11
958
8e1
89c
902
922
89e
8d6
895
805
7d6
80f
814
84b
8db
93f
8ff
9d2
838
893
913
941
90c
8e4
8dc
907
8ec
8b3
888
8da
7eb
770
7da
85b
872
8a0
a7a
aa2
aa0
aee
ae3
abc
a80
a49
a9d
a8a
a46
aa4
a27
98c
89d
7db
6ea
792
805
8a7
8ed
8ea
862
797
765
765
6f6
7f5
85a
85e
85f
811
7aa
6c0
734
6f5
659
593
5e7
5d4
50d
591
70f
7a5
6a7
642
6af
684
693
709
750
7d0
82c
763
660
662
626
666
69d
651
643
6b2
717
6c0
6b3
6a2
68e
5e4
68c
67a
5e1
53f
476
493
4b9
4ce
520
515
5ea
535
542
578
54a
56b
639
6eb
76a
777
7d3
79d
6bf
61c
67c
660
587
57b
5f1
61e
6a1
6a2
665
744
72a
655
619
681
63b
5b4
69b
731
774
7c0
7a0
73f
649
4d3
418
411
45a
539
5c6
641
6af
645
680
6c7
791
73b
70b
768
6ef
6b9
7d9
833
788
878
8cb
89b
8f2
8b8
874
94f
929
8e4
901
946
919
94a
994
919
991
9e7
9d6
949
8c6
891
8c9
973
a38
a7e
a54
9aa
973
925
87a
7f4
879
898
8b6
948
995
926
943
8b7
77a
793
779
740
6e3
757
764
727
771
79e
751
84e
811
855
90b
9d5
960
7f9
755
6bc
62d
620
69f
6b4
6df
7ad
801
7b4
7d3
7e5
889
99e
a0b
a0e
b07
b6a
b39
b26
a22
96b
943
96c
9f4
9f8
a18
b0c
adc
b07
ba8
aec
a98
ac5
ad8
b25
b03
b38
ae5
ad0
a42
9d7
9ae
963
8c1
81c
760
740
7dd
870
8e0
8a1
847
8db
9a8
997
906
831
7ad
76e
79b
6f6
692
7af
949
99e
9f3
a05
9a6
992
991
900
7f2
78c
768
753
765
781
72d
6e4
6d4
6ed
6f3
7ab
77b
789
72d
6e2
6c9
65a
635
6e1
7e9
803
812
7ad
7f7
8e6
9d1
a00
9ec
96b
899
7ff
7ed
878
90e
911
8cb
84c
7c0
7b8
861
867
8db
a0b
98d
9ba
938
7db
6ea
598
470
427
413
3fb
38e
41b
4e0
5ba
67e
6af
64b
5e0
5f1
6a5
685
69a
6f1
693
686
6ce
660
667
74f
7aa
7f4
83b
819
870
849
85c
894
859
7b2
785
7de
87f
8b6
898
869
733
67e
6c9
771
81c
93b
971
922
8e9
803
821
8da
8f0
932
998
9ec
9a1
92b
883
84d
919
902
98e
a6e
a1d
986
913
8ae
8b3
8da
87f
8cb
8f1
8d9
89f
823
7e7
7c8
75b
6e7
6c9
6f5
755
7d4
77b
765
691
5c1
588
5a6
5f5
65a
68a
70d
7fd
948
a4a
aa9
a5b
9e3
8fc
7dd
769
722
7a7
7f5
7db
7d5
732
6b5
771
7d4
803
7d3
812
7f6
745
75c
7b3
7bc
749
6a6
5a7
51a
59e
602
5ec
687
76f
85f
8cd
8c3
7de
7ac
81c
862
839
871
82d
7af
7ba
7f5
87c
9ea
aaf
9f9
962
9a3
93c
89e
857
802
7da
7e1
75a
70f
845
84a
76a
715
5f9
52a
572
49d
3e8
3e3
3d3
420
4bd
516
5fd
6a3
74d
83a
83c
7aa
7ed
801
784
6c2
63e
6b7
6bf
6f9
747
781
74f
6f6
724
74d
809
83d
827
7e9
830
8b4
871
7c3
705
72a
726
630
681
6cf
6cb
77d
7db
7db
792
6d6
673
77a
7bd
7c0
807
7e1
83e
8a4
8ae
923
8c5
80f
858
81d
799
795
73b
6d1
77f
833
8c2
901
882
85a
7d6
784
77a
6a0
5ed
622
53c
4bf
57e
605
66c
70e
790
7dd
884
921
91d
942
8c8
7b6
77d
75a
76f
799
819
846
83b
84f
78e
6c7
6d5
6dd
6dc
722
778
87a
8db
956
9d7
a02
a01
99f
92a
8d9
908
969
94e
8cb
8ae
88f
828
7bc
754
7bb
877
928
9d1
9e1
a7b
b23
b53
be6
be1
b22
a61
993
92d
987
9c8
a27
a65
a35
add
b43
b18
aca
9bf
899
7d3
7c9
78f
751
7d6
868
88a
8ef
8fd
86b
87f
902
90d
8da
944
945
89b
894
8c5
90e
98e
938
8c7
8e7
83e
88a
93e
a07
ade
a64
a62
a59
9ed
9aa
962
928
984
9fb
a5f
9eb
9fb
a4d
a2c
9f3
9c0
a06
9e5
96a
92f
866
7d2
706
647
611
672
6fe
82a
8d3
8f2
922
924
8be
89b
880
8cf
8d7
85c
89f
8a5
906
8f6
8dd
827
6f9
6a8
6dc
6f2
6fe
783
7fb
830
7ff
84e
813
805
81b
781
71c
69b
5b0
558
55e
5b7
640
5f3
614
679
61e
624
60f
5f3
5e9
5a2
595
671
769
7a9
76d
73a
669
6ac
6d4
737
889
8ea
963
9cd
9b5
927
892
860
847
857
85e
89b
8bb
8dd
98b
a5c
a6f
a3f
955
8bf
8c3
8dd
998
9c5
9cb
a36
9f4
947
96d
971
948
9ad
a0f
a66
a48
975
8b4
796
668
623
57e
459
42a
483
5b4
6e5
75f
7f5
89f
8ef
8aa
867
7e3
696
589
561
4fe
4a4
45d
45c
488
48b
58b
69d
706
77f
7d1
813
83f
82f
8b4
8ca
86d
816
7cc
80e
805
7f7
82a
7f6
7db
868
8be
914
88d
829
7fd
7b8
768
77b
87c
937
956
8f9
7a9
6cc
6bd
69a
6a5
6dc
725
707
70a
6c6
71b
760
72b
6cf
659
5c0
610
663
64b
69e
6b1
71b
6fc
6b4
68d
66c
717
7cb
82d
879
845
805
768
670
618
601
5f3
69a
7b1
7d5
7d7
7c5
6c6
5b2
590
53e
55a
5c3
5e8
61b
65d
6e3
6e9
727
7f5
906
9d9
9cc
9fa
8f4
886
826
814
85c
7e5
74e
73f
72e
772
82b
8cc
909
8ef
95d
a0e
a51
a10
9fc
99b
824
708
68b
60c
605
5cd
60a
68e
700
748
726
729
6a2
629
56d
4d5
491
4fb
5ce
630
642
62a
6de
74f
71f
763
854
903
8e8
8c1
85a
7c0
7ae
7af
708
6f7
6fd
6b3
75a
7fe
850
8b2
8da
82e
7d1
7a4
849
906
895
876
8a8
934
95f
96d
950
8b3
8c4
8c7
8c4
93c
975
9a2
95c
8f2
8f3
835
836
7f5
75b
728
7bd
7f0
7cc
7a5
796
812
892
91c
90a
997
9c3
8eb
82c
7f1
72f
748
6f5
634
654
6ce
739
716
732
75f
788
7cf
861
8ef
965
9f3
9e8
9db
95d
8ae
85b
850
8ca
8c5
879
7b0
72c
715
694
6ac
70f
772
856
899
7ef
829
78a
69a
67c
6cc
71e
742
7cc
7f2
829
88a
885
8ba
8e2
7f8
75b
6f4
73a
7ce
8f0
9f0
a00
a7e
a49
9ee
a2c
a8c
b09
b5c
b4f
b37
b2c
b49
b09
a30
9e6
9db
9e7
9f9
a17
a61
9e9
966
880
7f0
784
743
732
6ba
611
538
4d0
4ec
58c
64a
6c1
7a7
805
869
8dd
88e
848
8b3
893
8b2
88d
853
819
7ec
80e
811
845
843
899
90d
8d6
8ec
943
966
99e
a0e
a14
9ac
913
893
804
7a1
830
85e
7c5
7d0
7f2
792
80a
7ed
838
8fd
9a5
9f6
9c8
90e
8a1
837
7c0
7fe
886
8e2
892
8a3
839
7e6
7ec
7d0
84f
883
8d9
99a
9a0
9dd
9a1
8c0
86a
773
685
67a
5e8
589
678
70c
78c
7c5
7fc
7cb
77b
75d
735
745
709
717
7f3
8b2
8ba
83e
7df
7d7
7d2
83a
8d0
8f3
893
7d5
771
785
7b9
869
952
996
93c
906
93c
8f6
871
7cb
76e
770
715
736
7a5
78d
774
6fc
64c
72b
878
936
9d4
a13
a4a
a08
a80
a78
9aa
8f6
8a2
856
8a7
93e
910
833
828
7bd
6db
72e
6e8
674
6c2
6e9
728
747
70c
765
76d
769
74a
6c8
608
5c6
58b
578
5d8
5e9
5cc
5ea
62f
69f
6c3
71e
757
765
7c9
847
857
811
814
850
85c
803
802
811
871
881
80e
8ba
96e
95b
969
8ba
878
899
863
84b
867
7bb
732
6d1
6a1
60f
64f
735
69f
681
6f6
754
706
6c2
704
6bd
6d5
6e4
6f0
776
7af
79d
82f
912
933
931
8f9
89f
824
7e1
7d1
783
7ad
834
8c9
980
a0a
9a0
92b
8f2
888
79c
7a1
7b0
789
764
710
69c
612
55a
4c5
482
44f
51f
585
678
6ab
669
6f8
7af
846
80f
817
80c
79f
7e6
81d
812
812
7c7
73d
6c3
6b4
74d
7ca
832
8a7
84c
8c0
908
911
935
91e
8fa
923
95d
920
8b4
868
897
8a9
90c
954
942
974
9dc
9ff
a09
a19
9fd
9c2
8de
879
75e
6e0
679
5db
5b4
5c5
611
62b
654
75a
79e
70f
745
69b
672
67f
6ad
70b
78b
78e
747
704
6c0
672
630
5e9
5aa
556
562
5a2
628
6c5
702
68d
689
6ad
705
78e
80d
8c5
8c7
988
a4b
a61
a3b
9b3
964
926
917
8c5
8dd
953
930
98f
9cf
a09
abe
ab9
a08
8f8
870
74c
658
69a
69e
5c7
594
614
5f1
653
777
827
863
8ac
8ae
870
8a7
8e8
8ba
95a
98f
99f
954
8c6
8d6
824
7d5
7e0
7b9
858
902
89d
8a4
8a6
804
7cd
860
859
80c
78f
749
700
6e0
6fb
705
76d
782
79a
7e8
838
7fe
7a7
753
7ea
816
85e
876
902
96d
971
943
95d
9d6
9ed
918
8a0
7f7
78a
843
8ee
a5e
b42
b6d
b8a
a67
91b
8e7
814
77b
7f1
7fb
876
850
7f1
7a5
749
754
732
68d
628
642
5b1
573
50e
581
67f
703
799
8c8
87e
7a7
768
736
6e6
6b6
6f7
74c
7ac
766
7bf
8d7
964
9f1
9d6
967
9bc
a77
a8e
a79
99c
915
8b0
80a
7e9
7a6
718
6cc
6e0
6ef
76b
834
829
876
8aa
90d
9a1
9d0
a20
96d
960
9c1
941
90b
978
9d0
9db
9e7
a11
a10
98f
8e0
8ae
7f7
739
70a
76a
812
808
7f1
829
8d6
899
7f5
746
746
679
5d3
67b
65e
71c
84b
90c
9ea
a04
9b1
936
8b8
80d
773
835
831
77f
746
78d
76a
713
6f0
665
61f
697
723
7a1
7d5
7a6
80a
86d
842
88b
84d
7f6
7a8
6c8
72e
71d
6ba
655
61b
613
5a8
53f
57c
5be
5ee
547
5b8
66f
66f
799
85e
8ce
97d
9c6
9ec
a64
994
918
963
973
8fd
900
976
9ab
97e
9b2
a18
956
94c
981
8d1
846
792
6c5
63d
5d4
5a2
5e5
61b
5c0
53b
4e7
497
4e0
506
530
5d8
65f
6f0
7aa
872
91a
976
8dd
85e
7d6
7f6
821
7fd
819
81b
94f
a5f
b0b
ad9
aae
a2e
93d
8b9
891
83c
7f8
854
849
88b
81c
7b7
76b
722
73c
720
6e9
75c
82a
8a2
9a5
a0f
ace
b77
b6f
b33
ad1
a01
938
816
7e9
817
7f4
812
79e
7c8
7ea
837
8aa
88e
852
7ee
7af
84e
889
84d
7fe
772
76a
7c7
7b2
745
664
5f6
5cd
524
507
544
541
53d
503
56c
607
67c
6b7
750
7c9
793
71c
729
79c
737
7b8
82b
81a
81a
867
8a6
8e8
873
7fb
80a
8ad
859
810
829
833
7c9
730
746
768
638
5cc
5ff
5bc
5db
6b0
822
8ae
905
9a2
9b8
9c6
986
958
997
91a
8eb
8aa
81a
7ba
7e4
80a
84f
83f
8b2
896
8cd
91a
8f7
943
98a
990
933
904
8c9
7e0
745
6c7
68e
697
687
66a
5ff
654
6e8
75b
740
69d
6c7
73a
841
8f3
965
9ba
988
90b
8ff
907
8e7
940
8fe
87c
883
91d
90c
879
885
8c6
899
8be
890
8a7
86a
8ca
87d
777
7b4
7c9
7c1
824
84b
7e9
78d
75b
6f3
658
633
5ca
534
569
5c6
5de
6a6
721
779
7ea
863
865
836
7e8
7af
7c3
787
83a
816
8c1
9fc
b0a
b0a
a7a
a66
9d0
923
865
727
65a
61a
657
621
5f6
5d2
54f
56d
57b
4cd
47a
4d4
582
64f
72b
833
90d
957
976
96e
8f4
899
7dc
7f2
81f
7b7
77a
7e6
898
962
998
919
907
87f
876
8ba
8f8
8a7
8c3
87a
8a6
92b
933
9cc
9af
94c
931
8d8
8eb
8bc
8a7
86e
840
852
813
8a7
8f2
905
8a4
883
90f
8aa
8a2
907
864
83a
82a
7cb
74f
744
6b1
68e
6db
62c
5dd
6b5
68c
62d
6b0
6f0
69a
6c1
661
5f9
620
6ba
662
697
6ca
6ae
697
73f
788
725
745
7b0
7ad
712
7a3
80e
7ff
8e5
8cb
8cc
8c4
8fb
957
8eb
906
960
8ab
8e7
9e4
af1
ae7
af3
b86
b89
b56
b54
a82
976
941
878
7ed
804
752
6df
689
670
5f0
5b4
5f4
5f0
6dd
744
7a9
807
847
895
8ca
875
857
7ea
7a2
786
773
78d
7d0
807
7c5
771
758
7e2
7cc
7f7
7f2
7dc
7cc
823
7fd
796
764
6d7
602
6d9
6c6
60c
64e
650
6a4
6f0
693
696
630
609
6b0
717
780
851
93f
8d7
93c
969
9ab
94d
8a9
89b
806
7e3
897
8e2
9d4
acb
aa1
ab1
ac8
adb
a48
a1b
95b
84d
884
85b
880
92d
92e
876
7e8
791
74f
67f
688
655
6b7
713
736
7c9
890
841
800
802
71f
725
6e1
754
7a1
7f8
842
876
851
7cf
804
8c8
87e
8d4
96f
985
98e
972
9b0
95c
96d
8ce
7b2
76a
634
614
5f5
55a
567
5bc
5cf
61f
6be
7d3
832
865
8e6
8be
935
918
8a9
939
947
85a
7e7
866
874
871
889
804
7a2
748
79f
830
879
836
828
84f
89f
7f9
895
8b3
828
7bd
796
79b
7cd
861
84c
78f
82c
8a2
867
887
843
80a
825
84c
803
738
7d4
84e
7fd
794
790
7fe
805
75e
783
799
796
881
8c7
8a8
93a
9f0
974
8fe
97d
88c
77e
737
6ba
70a
784
769
701
6b4
60d
5de
51c
55d
560
601
6bf
6ac
771
865
8f6
95e
9cb
a0b
9a2
8db
93f
9ab
a3d
a35
9ce
97a
96a
999
921
989
a18
9f2
996
a25
a3c
96e
950
8d1
79c
6b3
717
659
594
506
52a
4d4
42e
51b
554
5fc
6ba
718
704
73a
6e6
726
692
661
6ce
6a5
6aa
72a
803
815
80c
8bc
8dd
9f1
aa5
a51
a21
a44
943
935
89b
8f3
82d
844
803
7bc
819
793
81d
863
805
7da
7a6
79c
7d9
7c7
8a1
990
9c3
970
961
a0f
894
8a6
9ab
8b4
8ad
8dc
86b
7e2
84e
822
755
77f
77f
760
7e8
8bc
841
873
892
8bd
8c4
863
80d
7e2
79c
6fa
6e6
6d6
62d
5f8
64f
5ba
5f4
6bd
660
6c1
785
7b2
81c
859
82a
70c
6f1
754
69a
729
76e
789
746
7ce
713
6f8
66d
778
83c
862
828
8c1
855
82b
806
7e3
77e
74f
601
5bc
6e0
60f
547
62f
7ee
79a
831
992
8c0
89c
997
8b6
7e1
811
7d3
76d
7a0
787
73b
81e
987
8fc
8cb
a00
95b
86c
8ae
972
938
966
9e4
9ad
8b0
82a
85b
804
752
810
8dd
84e
8fc
920
81e
807
779
679
741
703
6ce
73c
88a
7f8
7d3
8fc
8b9
7a4
895
87b
766
6f5
79a
7b7
695
752
7a4
6f4
840
7e8
830
7bd
99e
a02
9af
9c2
8b4
7ee
761
812
772
73c
740
6e7
59a
563
63a
57e
56a
671
699
74f
7b3
83f
882
7fe
7fc
727
72b
82c
81d
8c4
92f
881
8a6
909
930
8d9
931
9d5
934
99a
939
8b4
99a
95e
90e
7ce
6f6
751
66d
6b0
6f8
675
702
6d6
70c
744
6f9
812
8b7
865
949
91f
7a2
739
713
702
695
6f6
765
723
86c
87f
84e
83b
76f
771
7eb
882
85e
7d5
8d7
942
828
8f1
943
950
90d
a10
a74
97b
90a
943
883
868
89f
84d
814
7bf
795
7b6
8f8
99f
8c3
8fa
9f4
7f3
7bf
903
838
7ea
75b
775
6ce
567
5a8
5a7
53e
591
5f7
67a
58a
5f9
6d6
6f5
7f2
758
6e3
799
769
6bb
780
702
62f
61d
76c
7dc
660
840
84e
7ae
82c
882
835
7bd
708
72e
73f
6f8
793
79c
8b5
895
879
a2c
9c2
935
894
927
9c9
915
a2a
aa1
9b6
990
a4b
a90
966
8df
9d9
91a
847
8c4
808
795
6c8
66b
701
6d9
752
7d1
918
925
704
8da
89e
716
7a6
7e3
792
714
76a
8f2
93d
8b9
951
925
89a
761
835
87f
797
856
847
82b
8d1
8ea
8af
90f
83d
7f7
83d
7cd
5a3
5c9
637
5f4
5b0
6c2
714
75a
7ad
829
907
85c
7ef
83e
77a
85a
7f5
7c6
81e
7be
828
7e0
899
817
7fe
8e0
8f5
98a
a51
a9b
a26
a22
a34
a29
96c
8c1
85d
7db
843
84d
7d5
722
6ed
747
719
7e4
7f2
844
804
7f8
75c
6ee
745
655
647
6f2
7ed
7ad
7ff
85f
7a1
7b4
79d
703
72a
7d8
705
7f6
928
950
901
8d4
969
893
832
874
862
7f2
80d
8ec
88d
86c
787
7bd
7ad
6b7
735
868
8c5
898
930
917
915
85a
87b
8a6
814
7db
742
78f
6fd
73f
822
84c
8b2
8b3
868
812
815
7dc
7e0
76a
6a4
70a
6f0
718
6eb
73a
7cf
7ee
858
7bc
7b0
7ff
752
733
6e7
723
7e5
8c8
945
8d5
940
81b
707
735
71a
6bb
667
687
696
68a
72d
794
7ce
809
833
7b0
804
838
81e
7e5
858
8a9
820
887
974
863
77c
753
732
729
6b6
756
723
6be
747
6d7
703
7bf
85a
933
8f7
8c1
847
83b
863
837
88d
949
948
a56
9ce
913
916
7e5
8a2
84e
7f0
868
888
860
872
863
8b1
909
95b
893
854
7ce
688
5a5
628
612
5cc
5f2
68e
6b6
68f
778
85b
7bb
7ef
7a7
6ec
751
762
72f
723
74e
749
86e
912
891
905
908
886
7f7
7d6
866
80f
889
968
92e
881
7e1
87b
87a
88a
88b
8d7
8c2
83b
8a1
802
780
7b5
800
8ac
957
9d7
a13
9da
9b8
9a6
99d
9a6
91d
943
8ef
7fe
7c0
747
778
749
6db
6b7
6e6
78e
759
804
8f1
94b
8af
7df
798
73c
767
717
71d
785
760
774
74a
729
5e9
581
5d6
59a
5e4
660
721
753
6cd
74e
748
708
76d
725
809
836
7a5
707
6de
6d9
654
68d
671
6c1
6f2
764
794
72a
71b
6ea
72a
6b5
650
6ad
679
6bf
781
709
6ca
781
75b
796
83b
7c9
8a8
987
98a
a43
ae1
a24
954
925
938
90a
8cd
887
83e
86c
889
940
95e
8f0
903
900
8e3
8c8
87d
865
7b8
735
788
7f6
820
8a6
8af
8b4
895
7cb
74e
75b
71a
686
6fa
70b
75f
7ec
829
8b9
8e2
8b1
945
960
907
8fb
924
856
80a
795
7b9
781
770
82b
79a
7fd
85c
86f
838
851
83d
813
7f6
7b4
7d7
885
8d1
8a6
8ba
826
78f
6d3
675
65b
5ca
5e8
6aa
7ac
829
849
84f
871
8b9
8d7
8d0
8d7
919
8f6
91d
8ca
985
990
8e2
95d
944
8e4
89a
8b8
850
8a9
894
7ca
87f
8b6
7d1
76c
7ae
790
6b8
6bd
6a8
69e
70b
702
778
7b5
81b
8b8
8d8
8a2
834
7df
79c
765
6ae
765
802
7b6
7bd
821
86b
824
7a7
7ab
7e5
7ca
793
7b9
72c
66e
6f8
749
7e5
8f0
95c
9ff
a54
a26
9ee
9b2
983
90c
90f
8b9
88f
873
866
8c9
910
8e6
8e8
91c
960
937
8fa
8e0
8e9
887
803
7cc
758
6b1
694
66a
61c
625
697
6c0
67c
738
79a
72a
6a9
6e0
665
59f
630
663
5c3
548
58d
5b4
599
5cd
610
6b8
6ff
759
765
7df
84f
868
89f
9ab
9d0
98e
9de
94f
896
89b
875
823
7dd
80e
844
8ab
898
8eb
916
90f
8f5
82d
83e
7dc
817
812
834
7f5
869
8c3
831
84e
830
802
7f6
824
857
86a
821
7f1
787
7e5
89a
85e
86f
915
965
9c6
a03
9ab
930
915
8b0
897
894
83e
7a4
6d6
6d5
6e0
648
658
676
642
6b1
7c4
806
876
866
88a
85b
83b
7bf
71a
6a8
68c
64a
689
71a
7cb
859
857
930
8dc
8ce
93e
8ec
8b6
872
7ae
79b
7a2
775
86e
8aa
84b
8ad
884
8bd
8d7
8ae
8d3
86a
7db
7e1
85e
863
873
88a
810
805
7a9
749
816
7b4
7d2
88d
892
87c
7fa
73d
7a4
7ce
7a0
7a5
785
7ee
86e
8da
8ad
903
872
857
874
7fe
7e4
849
87b
7ee
788
76e
6b0
5df
5a9
644
680
732
7fe
83d
829
80f
7d8
7d8
7e9
764
79c
7d6
832
7f4
7c7
7eb
82c
866
864
866
905
950
91a
957
968
96d
94d
931
8ae
875
7f0
70b
6ac
671
625
669
71a
73d
703
7bc
82b
811
88b
898
833
7ef
77e
75d
6e8
6ce
733
7a1
7e7
887
8ea
912
904
86b
869
89b
916
949
8d5
87b
82a
7a0
7bc
820
7e9
816
7ff
7d3
80b
7e5
73f
721
69a
692
6fe
6d7
6f8
68a
632
68f
6dc
6ce
67b
6f3
76a
765
769
757
6ae
64b
6ce
786
79e
7cf
7a1
7b4
86d
8d0
963
a0f
a9b
acd
aa4
a04
97c
8ff
8d1
8d7
8a6
81b
761
703
720
701
709
766
711
797
7b7
775
7ba
807
820
824
88c
8e4
7ea
7bb
7b8
68e
6ea
75a
6cb
6b9
750
85f
8ac
8b1
90b
8b1
8da
930
8df
88d
880
844
80e
7b5
848
8b4
907
9c2
998
904
8ca
876
84a
80b
86f
87e
892
913
88f
7f4
7cf
817
812
83f
88e
87f
893
919
92a
97c
91f
8be
8d6
838
828
807
7c8
7b8
7d3
7d1
851
8b3
8c4
87d
892
899
855
80c
823
780
693
62a
5ac
5c5
63b
69e
734
774
7a3
76d
73c
718
693
675
73b
75b
770
7d6
77a
7d5
82b
7cc
787
77e
79e
80f
89e
8f5
8a7
8a3
93e
927
8ac
866
81f
706
678
6ba
6aa
6ad
6b8
72b
70a
74a
78e
780
799
834
802
727
6d7
728
69d
63b
737
80c
8c8
949
9ac
99c
994
96a
928
92f
95a
9bf
9ef
a3d
a63
9c4
961
96e
948
8cd
874
7f7
7ba
7a7
77d
75a
773
7c0
79b
72d
7b3
7d4
6c7
6be
725
741
78a
7fc
810
813
8b6
8bf
812
826
84a
7ff
78b
79a
7ab
761
7a6
877
906
968
978
8e1
88a
7f9
80e
8b0
8b1
8dc
8ab
8a5
860
811
802
785
742
6e8
6d7
782
7bf
76f
729
719
7b9
7e0
7d9
7d6
7ba
763
712
6f0
697
6ce
724
79e
829
824
891
986
9dd
9df
971
91e
89d
7d5
7a9
77c
72b
7dd
8a0
8b9
8df
889
7f4
7ec
7d9
77a
715
74f
786
787
7d5
78f
76e
755
6e3
686
673
63c
606
6b9
715
723
82b
879
826
893
831
802
7e2
7a1
786
783
7e8
847
869
8fc
91b
911
8d7
8ba
872
7cb
787
76b
7a7
76b
770
7d2
842
890
915
8bc
8ae
90c
8b3
8a3
8f7
92c
903
8e9
89d
821
801
7dd
822
81c
7f1
85a
855
899
8d4
8e6
891
85e
85c
7eb
79c
7a4
735
685
632
5cd
5a4
5ac
584
5a2
5a1
5e6
68f
6d5
6f2
6f4
67f
65e
5f5
57d
5f5
688
71c
700
748
7cb
802
802
838
929
99d
a27
a9e
a43
a34
a0d
9df
9fd
9a7
8dc
846
7f8
853
81e
845
8d0
897
868
8cf
92c
8dc
891
86e
84c
876
855
827
831
864
893
87e
8b2
8da
88d
867
819
7f8
7ba
7b2
7c6
7df
7a3
817
87a
84b
837
848
85c
84e
890
8b3
878
847
815
784
74a
6a7
632
5db
5a3
5aa
597
62f
6a1
6db
761
7d0
876
8c6
883
820
7c2
77a
72e
6e4
6ef
6fe
730
721
6f3
7be
869
862
875
838
7ff
818
7ef
809
860
90c
99b
9ed
a17
9c0
989
98b
99a
962
982
9c0
97b
93e
991
96e
90f
8b7
81c
80a
7fc
7d2
766
754
755
75a
7c7
7e2
82e
815
7f2
840
84a
7fb
793
758
744
713
764
7c6
7d3
838
819
7d1
802
7db
7e4
7f1
7c6
73f
6d5
71b
758
769
793
70f
6aa
726
75e
7c5
877
812
7f9
814
7ab
77b
7ae
7b6
761
744
70f
734
722
6cd
73c
7fd
89e
90a
947
93b
934
953
986
964
904
8c7
8b2
907
8f9
896
84c
847
82c
83f
8a9
894
8c0
881
832
894
863
80d
80a
80d
7d9
79c
761
7af
83a
89b
8a6
8d5
8df
8a5
8a0
862
817
7c1
7a3
76d
767
7e8
818
7ed
7f1
7a1
7d8
7f7
796
719
70f
6e7
687
67f
6c6
709
740
78d
797
79e
7bc
7b2
7da
7ab
6f9
706
737
741
794
79a
7b4
805
80a
835
828
829
856
887
933
980
96d
9e9
a84
a67
a9a
a89
9c8
98a
912
874
83c
81e
7fb
83e
87d
8a6
88f
86d
843
81f
7d4
761
6d1
6a9
696
65d
696
6cc
6b5
691
662
6c2
706
6ee
6ac
6ca
74b
74d
7a9
7de
824
839
870
8aa
85e
87f
87e
881
90a
943
9ac
9b6
909
8c1
896
8ad
8ae
8a1
895
87f
8f6
8dc
868
865
86a
80a
83d
839
7c4
7a0
7cf
7f3
7bf
770
779
7fb
7d4
777
7e1
829
83c
81d
8bd
8fa
8f7
951
956
973
93c
894
835
830
7ee
743
6e5
6cf
6d7
739
7fd
813
7af
782
748
726
6ff
684
667
631
5c5
603
648
67f
6d5
6f0
729
807
811
7ab
780
76c
717
6c8
719
729
6fc
75b
79d
731
791
7e7
73e
6fa
698
696
701
6dd
70e
7bc
7cb
7e4
86a
83f
77a
733
6d3
6cc
73a
777
7f0
8d8
933
8f9
96b
9e4
96f
92e
8d4
847
87e
8f8
91d
91c
9a5
9f4
a01
a65
a42
9b4
995
934
86a
826
810
81b
87f
88d
85b
88e
82a
81f
8a8
85c
7e1
802
7b7
727
795
7ac
780
770
70f
6b8
695
68a
68b
6c7
6f3
728
7d3
847
835
7fd
827
86c
89c
84d
7dc
7cc
80e
7ab
6a4
6da
739
775
7b6
787
775
778
740
729
6f9
6b1
6ce
751
744
74c
80b
872
8b7
875
86f
845
818
87d
857
873
87a
864
8b3
8fd
89e
899
8c9
859
816
847
8ce
978
9f0
a57
a59
99c
97a
971
92d
8e2
8b0
852
7d0
7ac
789
776
7bc
7ff
7b4
704
6f4
6dc
66b
6cc
6d9
682
6a6
71f
783
74a
75a
73b
724
755
747
77d
812
85e
8be
901
92e
8de
8c2
8d5
83c
7c6
7a6
7e5
743
749
81c
864
859
8cd
8c7
892
89d
897
863
7d7
7d6
7d6
7a2
7aa
7ed
83d
873
895
8a6
8c0
879
837
725
6b4
6da
616
5ee
6e2
742
78d
7f9
7a8
774
7ef
7bb
72e
773
7a3
727
721
7b1
803
83d
83b
7d8
7a9
748
6ef
6bf
6e9
70e
791
782
7c6
879
895
8dc
8f0
8d1
890
840
884
81f
80f
8b3
89b
87a
8fa
922
914
92c
90b
8c1
931
904
8b8
8d3
932
96a
946
8ff
93f
947
937
970
95c
8f7
8cd
8d3
8a7
873
84c
804
7b0
7f3
77f
6d9
745
7a0
7f4
81d
7ce
744
709
751
74e
6db
6f1
744
749
728
746
737
6cb
6c1
6d5
745
768
726
709
6f9
72b
72b
6de
6f2
733
728
6d6
6ca
6de
6c6
6fa
6b2
697
748
79c
7ee
84c
806
7d8
825
835
7f5
7d9
83d
7d5
7ba
846
89b
8f8
9a1
9ab
95d
9f2
a52
a3c
a7c
ab6
ab7
af7
ab8
a40
a48
a3e
a5b
a06
a1d
a3e
9d1
97c
93f
8e9
8d5
871
879
8a3
8bd
8e4
901
8c6
878
830
79d
74c
783
73f
758
7ac
761
722
78e
7bd
782
77f
75b
775
7f8
7a6
802
8ef
8fd
8f7
909
830
7a1
7b9
761
6f7
6e2
69b
696
6c6
6df
72f
70e
74e
7af
764
7ba
7c7
78d
788
734
6eb
6dd
72b
708
6a1
6a9
70b
70c
730
756
7b3
7b0
791
7fe
81a
823
85b
836
87c
8a7
82d
7e7
78b
716
78b
7a8
734
6fb
6a3
666
681
6c6
69b
6e1
73d
71d
720
6a8
681
67c
6af
6df
6fc
6c8
6cc
672
65b
694
662
612
648
6ce
78c
7cf
814
80f
7e3
7df
7e6
7ac
7a9
773
7a8
7d2
7e9
7f9
7ee
797
70f
6b6
6df
732
7b1
81a
8cd
916
91a
94f
98b
916
874
87f
877
853
88c
887
88d
88a
8c4
91b
930
92f
963
947
993
99c
9a4
974
964
97e
987
94f
901
8d3
846
793
743
74f
746
7a6
7ee
7d7
7f1
808
87a
97d
96e
8d6
8d7
922
8e5
8c3
8eb
8f7
936
946
967
9c4
997
954
92d
917
947
913
917
97e
932
910
94d
9fa
a4b
9fc
9f6
9f3
975
922
909
8b7
836
83f
8b2
91a
97c
9f8
a10
a58
a44
a95
a95
a5c
9fe
9d5
a13
a0d
98a
993
95f
923
86f
823
83e
7e3
7a0
850
8fa
94a
98a
92f
8ee
8f7
8e6
8c6
89c
7f6
78b
773
78e
7ae
74a
751
77b
7aa
741
713
7c7
84f
838
841
7e7
767
74c
721
685
613
5ad
5e2
570
585
5f6
5f2
6a4
6e7
683
698
6a8
718
6f0
69b
6f9
6c7
6c1
70a
6ca
691
6a6
638
58c
51e
4fe
4da
547
5bf
666
66d
6f0
6f9
75a
800
7a0
777
7d7
7d7
84e
805
797
7a0
71a
6a1
6af
67f
606
618
5f7
5a1
5fe
617
633
6be
68a
6ab
6e6
725
786
750
79b
78c
6bd
646
599
4d6
51c
550
59e
5d7
66e
6eb
6c3
6eb
6f9
67f
624
5ad
5b2
612
60b
5bd
614
5a1
531
57a
563
54b
567
51c
5b6
633
685
6fe
6b9
6f8
6a0
5c3
60e
645
5c9
5c1
608
681
702
765
77d
793
7de
853
8d3
94c
967
985
9da
a12
a7c
a97
a98
a9e
a2f
9e2
9cc
911
8cd
890
823
89e
8cc
85f
88a
89f
80e
81a
882
90b
955
9bb
9d2
992
9f1
9f7
9d1
9a4
903
8c2
8aa
8f7
922
933
935
962
9a8
a3c
abd
b09
abf
afd
b5c
b11
acc
ad2
a5d
9e4
926
92c
92e
904
973
9b3
96e
a08
9f3
a17
a29
9ca
a28
a5e
b20
af9
a9e
afc
ac7
a22
9fc
a24
9c2
99f
ac5
b57
b70
bcd
c48
c22
bb5
baf
adb
9fc
962
890
8b4
8d0
838
86d
85f
83d
7ff
736
7d4
843
822
7d6
802
7d5
844
8fc
983
9f8
9ba
9c8
985
9b1
995
968
854
7a7
940
8ea
98b
965
912
9a9
941
9bd
9ad
95d
9b0
977
9df
9a1
a0c
a22
a23
a45
9b4
95c
9ac
993
96f
8f2
8fd
8be
8e1
933
9d6
a2c
a16
a0d
a65
9fd
a06
893
792
7fc
72b
633
67f
764
763
6fc
7f5
7dd
6d9
7b6
774
7b6
8f2
7c7
81d
8f4
7b5
7da
674
752
6d0
512
412
34f
543
64a
44d
418
64c
8d1
576
3f4
6bb
769
3e7
30c
69e
89b
4b9
3bd
829
68a
36c
599
8ba
65e
59b
61f
608
5f5
52d
58b
787
67f
649
6fb
837
57b
5e2
603
554
4d8
5b0
687
55e
602
703
5fb
5ba
632
53e
2a4
016
12c
3ae
328
277
4fe
569
56d
5b6
71a
6ba
6a2
79e
782
79f
8f4
8fe
757
8ab
95f
a37
d4b
e72
f32
ec1
df1
d92
da6
d2d
c4d
b9b
a2f
95d
999
9b6
8ef
7f2
717
6c1
63f
5dd
5f1
5a9
591
50c
4df
4a3
42c
3cf
30c
315
3b8
326
35a
327
275
255
08a
0bb
308
395
485
2c3
1eb
2fe
320
367
588
7b6
80e
89c
875
76f
77b
7c6
55f
4f6
574
42d
4d4
4c8
523
632
7d7
873
7f2
7be
845
7e7
7f4
8ee
973
a12
a4b
b4c
ad8
b61
bb2
bf0
c02
ba9
c5c
c5a
ca6
c3b
c66
cfa
db0
dd4
d8b
e76
ecf
e07
d93
d55
d29
d25
d14
d5c
cfd
d95
e1e
dde
d4b
c20
a2e
92d
7e9
6c7
649
5a1
5f8
634
67c
676
5bf
555
551
59b
66c
6c7
719
7da
7c1
7cc
6c4
61f
5fd
4f7
516
59d
586
54b
63f
743
715
705
698
61d
615
5c4
4a2
41e
312
1d1
250
2b3
3b4
524
6ad
899
7cb
6bb
720
79f
8f0
989
940
9bf
ad1
ba5
cb0
e43
f11
e53
cab
b43
b13
b86
b0c
a99
b45
ada
aed
bf0
b38
a8a
acf
a82
aa2
b70
b07
a31
caa
e26
cdf
b8c
ae8
a7e
989
a9b
bda
b91
b6a
a7e
a0b
a4c
b58
a20
8ab
86c
7de
747
6dd
73e
6f1
855
921
638
4a1
4e3
533
50d
3fd
394
521
67d
629
70c
793
8bf
967
a76
b5f
b73
bd1
a7e
955
94c
843
797
6f6
790
830
92a
9f7
7ff
6cf
6f1
66c
60f
5d7
58e
56e
64c
6ae
79d
7ce
70f
722
6ac
5bb
62a
642
5ef
6bc
574
380
534
609
581
4fe
495
546
55d
594
61e
552
502
44e
4d8
65e
5fb
66f
4aa
4d2
4df
515
6de
744
7ff
5a6
668
869
8dd
863
816
82d
80d
9e9
834
5e8
66c
905
9e1
9e6
acc
b24
be3
bd4
cf4
bce
b46
c8d
c7b
cc0
d3d
d29
d2e
c1f
a9d
aa0
b2f
bb8
90c
866
9b9
967
9b1
a83
ab6
b58
b3c
96b
73d
810
a53
ba9
c5c
ab6
9e9
8c5
614
482
45b
44d
634
73f
692
5b8
6b7
656
6cc
6c6
63e
564
682
61a
632
612
4d8
496
417
49a
535
4bc
4de
55d
742
87c
803
7cf
5b2
4e2
797
a0f
995
726
620
6a3
779
690
83c
bb5
97c
8f9
77e
7c9
79b
602
6e7
8a0
a0d
a3c
b7f
bce
ad4
c62
c56
bfe
ab8
851
73a
4bb
446
53d
653
828
82c
8fd
a28
c81
e18
c2d
a22
75b
610
a60
b86
8f2
644
410
2f0
0e6
21b
379
4a6
576
668
605
537
737
887
ac2
b1a
7ae
51e
463
4bb
535
4ff
649
5d5
47d
737
8fb
9eb
99a
8e7
77a
5d9
6ee
883
84e
96b
aab
ae6
c01
c40
a3f
7ba
7a8
8ca
a6b
8f7
7a5
964
c32
bd5
b93
c5f
ccb
a3c
860
6f6
726
6cd
581
4b8
585
646
6c8
6c1
74d
597
560
571
58b
6ec
638
594
642
74b
748
6e7
6a4
62d
6d5
541
335
466
458
293
2a0
409
5cb
7de
827
881
722
667
6fa
3b1
3ed
6c2
5b9
656
849
705
578
65d
770
632
48f
399
3b6
43c
595
6bf
883
9cd
a3a
a1b
a5f
ac3
a3d
a81
9de
930
7d1
73e
8a2
b14
d0a
c36
ccd
cfb
cb4
ccf
e5f
c65
a96
ad2
b77
cf9
c58
b10
b44
b3d
8ad
605
601
6e2
6f2
77b
992
c4b
d52
d68
d24
bbc
a50
8b4
85d
7a8
908
6ad
43d
44c
3f4
534
694
7bf
820
742
627
4ae
472
596
3e4
55e
630
521
60c
75c
7ec
5d8
5ac
75c
7e7
84c
629
4ce
526
715
763
8d4
891
7ab
982
b87
935
97f
ae0
bbc
bb5
a84
c59
bfc
abc
9d8
7d9
7ac
83f
9d2
7c4
7b5
681
6ff
951
8a5
8de
ae5
c45
a67
703
414
583
6c0
4f8
50d
571
72c
5d7
6cd
81a
789
53d
332
2b2
424
6a9
5e5
2bc
393
712
885
949
7ca
6d7
660
703
811
76f
823
8ae
b08
d00
c81
9ec
9a4
965
926
870
89f
877
7d6
7d2
8b9
a9f
876
789
9d5
ad7
beb
a4c
9ea
b90
b45
a5c
b32
a83
a50
be7
e26
d37
cf8
c3b
b0c
919
7e3
672
74f
7aa
63f
57a
618
5fe
60e
531
4fa
510
550
4f1
49f
6d4
6fc
6c2
688
761
62b
5a3
33e
0a6
11f
39e
2b7
3ec
477
4f2
53c
649
93c
739
798
6c4
6de
627
607
7d9
860
5c0
639
674
60f
941
8df
7e7
94f
90d
7d5
835
907
898
76c
85c
9de
9ba
7a7
952
ae0
979
989
a5d
845
97a
c7e
c3b
bba
c75
dac
cb9
b3a
a2c
96a
939
b1c
a0a
963
836
89a
a8f
ada
918
7e6
92f
97e
79b
6b6
790
7a8
7cf
703
8ea
976
85e
8a9
726
5e9
67b
55c
4a1
565
697
843
8aa
9b0
a8b
905
9a9
b10
958
881
a47
adf
cf5
c2b
931
823
9c1
a1c
6b2
54c
875
77e
59b
5a4
55d
63b
724
6fd
720
6d0
898
b16
a9a
936
765
820
767
838
866
91f
a43
acf
a55
86c
a04
a40
869
87e
716
5b2
680
632
6ef
79d
840
5b8
4d7
3ff
32d
4e3
431
644
93d
8b5
782
a58
97d
9ab
a9e
873
6a1
71d
6b0
336
2d3
32f
559
617
4f9
4ec
52e
6dc
773
576
3cf
43b
446
38c
57a
783
9b4
b01
9b4
93a
6a2
579
73e
6ed
8d6
a1e
9aa
94c
907
949
a19
b35
a34
8e1
a01
a09
9b8
9e8
b9d
c89
b86
bb6
a5f
762
633
69c
87d
7ff
693
4d8
457
520
65b
7b0
985
b55
afd
a14
b6b
9cb
710
70f
849
7e5
94a
8c5
7e9
61d
524
347
551
5ef
441
5ab
683
5e0
40b
46b
4d1
49d
673
657
5a4
6f3
602
700
7b6
61c
891
8cf
9f3
aba
a56
ad5
9dd
88e
633
615
69d
8f9
a8b
8b3
9d6
cd6
c69
c1b
c38
c97
b90
af0
ab6
a94
c1a
ace
8d4
ae7
a7c
a7a
950
8f0
7fc
809
8bc
936
8fd
6f4
596
565
695
581
2cd
322
484
4bd
3cf
577
7e5
90d
a07
910
738
76f
8d3
774
6f1
6a4
5b6
630
568
4f1
5cc
865
7ff
5ff
6ca
775
79c
70e
809
7a5
78e
844
667
61c
78e
7a8
9e7
a8a
93b
8b0
a08
8d1
7be
816
7de
710
61b
746
869
7ed
7ff
76d
7a8
744
620
59c
516
43f
5a7
5ef
657
6cc
811
95d
985
92e
809
73c
624
7e9
805
611
60b
6d8
7a0
616
745
830
769
71e
5b3
4eb
5fe
7ec
7a2
6ab
87a
91e
97c
9ed
99d
878
9c4
867
67d
654
653
89d
8df
6e5
75e
915
7ac
76b
880
81f
728
83b
83e
7ed
79b
7e0
8ec
6f8
5fd
683
4be
555
5c4
412
4b0
5ea
75c
840
7f5
8c6
97b
94f
8f6
7ef
833
a34
830
817
90a
8e6
9af
9e8
94c
9de
9f8
9be
a2e
98d
8fc
7ef
694
63e
633
716
845
8d7
887
71f
7c5
803
6cc
711
737
925
c0b
bc5
b95
b35
a3f
899
94c
aa7
93b
878
80e
92d
7f2
789
8fd
91a
8be
877
919
7b4
637
698
7bd
80b
7b1
733
713
8a1
a06
a43
807
770
6e7
815
783
7ba
9fe
b42
c75
b18
a77
b4f
a29
8d2
9a8
a46
8b8
7b1
96d
a68
b30
b7f
a5c
ab1
a7a
a8f
aae
977
7c0
902
a8c
8d1
80d
7f5
7c2
89a
947
93d
7dc
6a0
691
6ff
724
7b3
919
74d
710
837
889
8af
846
8f5
9af
859
883
752
6ce
74e
744
8c5
95c
85b
787
6a1
67e
631
5b1
640
695
7ef
90c
ab2
be3
ad8
958
786
5e5
677
7f3
7ff
8c2
927
9cb
9ee
87b
99e
a9e
a57
a0c
a51
8e1
62c
750
78c
773
6a1
5e4
745
8a8
98c
a0e
97a
7d6
68f
6dd
59a
41b
55e
56a
461
5af
7a6
755
767
696
5c9
616
75c
77a
8c9
92f
952
a5f
880
7ee
6c9
6bb
7f4
7bd
65d
6a0
675
53b
51b
632
70a
7aa
70e
7bd
949
a87
95a
91a
8e7
883
8f1
a83
ae3
966
a3f
a99
a62
87b
7ad
760
709
843
8a3
864
9d2
94b
77e
72e
647
5a4
534
6a6
5d7
605
627
7e5
8d8
7fa
7e2
982
912
89f
af8
c22
a25
9bb
a5b
920
86d
9ba
9ce
9dc
999
8f1
9ec
ac5
b6e
ba3
a2a
8f9
8a7
74e
7a8
9ce
a65
a94
aff
af0
93f
8c0
826
67d
7a6
8e3
84a
743
726
6df
67d
7d9
747
856
875
7c8
8cd
959
81e
881
89f
68f
526
530
58d
5e3
54f
57d
55c
555
60e
669
708
743
7e0
917
8d9
715
6e8
5aa
63a
766
592
6af
7b2
82d
93b
a45
9c7
826
696
68d
62a
608
5b3
666
6e4
6b9
6a5
69c
58d
4dd
420
53b
508
6aa
90d
877
98a
8db
869
768
7cb
986
8ff
833
743
77c
6d9
516
517
662
7a4
73b
71d
728
7a1
77f
72c
678
66d
5fc
504
532
583
606
655
748
60e
60b
606
4df
4de
6d4
730
81f
888
735
7b2
85f
86f
94b
748
613
868
8ad
85e
842
911
9b1
87f
8bd
a9c
a51
975
98b
735
5cd
536
50f
3ec
362
589
79c
841
820
8d8
947
7d7
6ce
70c
7a9
644
63d
883
84f
86a
a29
ac2
9a2
7f0
756
797
7f3
73f
7d8
90a
83d
77d
6a1
766
791
586
60d
6f4
60d
611
705
819
80d
961
913
7ad
881
8f6
88a
976
91e
8c5
7c4
814
8ba
a5e
bb3
c0a
c42
bb0
c20
b67
b59
9dc
8db
926
997
9f3
8f1
8f5
8c0
85c
7c1
83f
9cc
a0a
979
894
7fa
676
67b
759
6f3
71d
716
6b9
793
8e3
7f3
7b9
8a5
900
835
9a3
a78
b6e
c48
c09
afb
9fa
9a8
840
767
6f1
71f
63e
682
8a1
89f
9ae
a84
a1d
8b9
77f
749
7bf
7aa
6c5
728
7e2
8aa
7b3
724
767
861
754
785
886
84e
8d5
86c
80e
748
7f8
63b
454
433
317
40d
412
320
397
637
751
6aa
898
a69
9b4
9aa
a94
96a
819
73b
719
70c
701
6d5
752
867
8e4
932
881
820
846
71a
74c
6d3
6f0
76d
779
836
7a6
7de
946
933
8f0
880
925
91a
90c
9d2
8eb
8d8
7ec
7f4
87e
7fa
7dd
861
6ae
658
6fb
606
5ed
6eb
82c
86a
889
823
616
420
2f4
2b0
349
40a
3ea
410
58e
6e2
8bd
896
792
849
757
6f9
79a
7a1
843
912
a3a
b2f
acd
974
9a3
acf
a47
8ab
7e2
8da
952
92a
938
92b
8ee
992
99c
8a0
77e
6be
656
569
5b0
61f
67b
77a
9a2
b3a
bf6
bc9
ab0
9f5
9d1
97e
8a6
83b
88d
91c
9e4
90c
8dd
92c
924
9f5
9e9
95d
97f
99e
92b
821
731
795
78a
74f
6fa
6d9
68e
71a
7f0
813
8a6
901
909
7e4
7bd
7a0
75d
713
654
733
68e
610
680
70a
7e6
852
94d
a0c
ad7
acf
a74
9d9
973
7f1
708
6b5
5a0
655
5c3
5de
670
69d
7aa
7d9
768
772
64f
65b
77e
77a
6a0
5d7
6a0
621
62c
6cb
6bd
5e9
603
68f
632
70d
705
5c3
5c5
5c0
57b
674
75b
62e
57c
5e3
4cc
3e8
519
5fc
66a
720
7c2
90a
8ec
9e6
95b
8a2
7dd
6f9
7c8
730
690
69a
6f7
776
77e
731
742
779
71b
6d1
723
80a
7f6
6dd
725
7ff
6a2
60d
707
77a
6f1
700
78f
714
644
6c6
7dd
7ea
842
8eb
8fa
90e
8fd
7fb
797
834
8a5
8a1
924
a01
ab4
b1e
b11
9b1
928
848
7be
6e7
515
475
48b
430
4e1
642
730
806
8fb
93c
893
8ae
900
851
92e
902
8bc
952
87d
915
8bb
806
7ec
818
7d5
82f
863
7c1
824
820
882
86e
7b8
7c8
68c
52e
52b
47a
491
521
554
679
7df
930
a67
aaf
adc
a67
968
911
956
8a2
827
8d0
9ae
a0e
a17
b38
b8e
a9e
a24
990
988
9ed
a01
b11
b86
aca
a89
a71
8fd
969
90b
802
89a
893
82a
792
810
8b6
909
9e9
a62
9e9
9ea
8e0
7e6
7f4
80f
812
87c
8e0
92a
986
9e7
a09
a3c
9a0
92a
93c
8ca
8a2
92a
9ab
8bb
881
943
904
9cd
a1a
a17
a64
ab2
aeb
b0b
abc
ab9
abb
a60
a0b
994
907
7ea
78a
806
872
862
7c1
7f2
87a
80b
7d3
7d4
857
8d1
804
6ee
613
52b
558
590
59f
67f
711
81b
9a6
a4e
a12
9ee
8a5
74d
693
5dd
545
53b
53e
60b
645
660
646
5b1
56c
5cb
59f
559
5d0
63b
6b9
6e4
6fa
700
710
722
74e
726
74e
7e7
81b
8a6
96c
936
8e5
8ba
898
967
9e3
919
8ae
81a
7b8
775
77d
848
8bf
9f0
a14
9e4
945
879
7c4
6f3
626
623
60b
5e4
5b2
56c
580
5ee
678
6b4
737
76b
7e1
860
872
8b9
919
918
91c
949
981
9c9
9de
9bf
969
8d8
8e7
868
78f
830
8ef
92c
9a5
a17
9d2
91b
85b
724
685
5d7
5b3
5ea
62d
741
8e9
a6c
ae7
a93
a86
a4a
9ad
991
9fc
9e7
9f0
a13
9d0
a1c
a62
aa6
adf
a52
8fc
884
8c6
829
84d
91c
905
8b8
8b7
916
8ed
78b
6ec
661
63d
675
669
660
652
655
67b
696
65f
5a1
510
561
56e
577
64b
768
74a
859
912
932
96f
940
8e5
81c
790
785
732
728
77f
774
712
6bd
67b
676
64f
602
651
6be
6de
665
62b
685
682
6ad
71d
72b
765
79d
6e5
620
5dc
55e
535
54e
4f9
517
5b3
5f8
5cd
594
48d
41e
37d
342
3f4
4c1
557
686
80c
937
9b4
97c
908
7ec
79a
76b
769
788
7f1
814
7f8
767
72e
730
6ab
6a5
642
5af
591
50e
513
698
766
742
796
81b
810
7a5
736
67e
5fc
61e
63c
6b2
748
851
901
91d
92d
909
87f
75e
6e4
6b2
62e
6ae
7b2
7fd
800
81b
858
811
832
83e
7f0
7dc
74a
6cc
69c
680
673
6bd
74f
7fd
846
85b
817
839
8a1
8cb
8d4
90b
91f
991
a7d
afb
afe
a39
992
95e
8fd
82d
79d
795
750
6ab
66f
658
6cc
711
736
762
736
6d6
6c1
6f8
7ba
874
8d2
94e
9c0
9aa
918
931
8ee
806
7eb
7e5
7b2
7ef
868
871
8e0
957
977
93f
908
8f9
88c
868
909
997
9e4
aa4
ad0
ab8
adf
acf
b0a
af3
a70
aa0
a78
a95
aad
aaa
a5c
a71
a71
a15
938
872
84c
86c
8ec
9ab
a62
abf
ae5
b90
bc9
b0e
a68
9dc
939
8ed
9a4
a1c
996
91a
88b
899
8cb
849
806
7e6
7b8
7d1
772
701
722
764
86e
94c
990
96d
956
92f
8a7
866
81e
81a
81d
865
84d
850
840
82d
82e
7f0
77f
6e7
603
566
592
5e0
64a
6a6
766
847
926
947
908
8f5
8c6
843
82c
7d5
7a2
7c8
79f
7de
8a5
95f
93a
893
827
74c
65b
62f
630
683
748
7b9
818
888
844
7ac
724
685
611
5de
5f2
64d
6ba
722
7eb
846
80f
7aa
794
7b1
789
7be
7e6
7f2
85b
90c
968
9cb
a69
a69
9e8
98d
962
8cc
81b
791
73e
775
7c2
7b7
7c0
7a7
801
857
867
894
842
7fd
7c4
7de
825
888
8c0
8f1
8aa
8bd
906
8f2
916
920
92e
8fc
884
7df
776
749
701
656
60b
586
48f
438
4e1
575
634
721
874
9bd
a4a
a6f
9fb
9e6
99c
930
89a
853
807
7d3
84c
8c9
8db
925
908
86f
7fd
782
717
705
798
824
8a5
960
96d
8f4
8b0
843
7bb
71b
6ef
68a
673
6de
772
830
8af
868
7eb
78d
73a
6bd
625
609
61f
664
67d
6d5
741
753
743
6ed
65f
68a
688
681
693
6c8
6e8
737
75a
7b2
80c
7d8
812
803
7bb
74f
6f3
6c8
740
79c
86c
8ca
8c6
886
7a8
709
70c
721
714
711
771
7a1
7e2
85e
84c
833
7e1
75e
68b
5a9
4e5
49e
4b9
505
5a2
679
77c
806
851
892
82b
786
6d3
656
5f5
5ec
61c
656
6c3
6fa
742
751
72b
6c1
648
626
625
65b
74e
805
7a3
7a8
791
762
72f
6e5
6ac
69e
708
771
809
8c0
8d3
90d
92c
870
7a9
73f
675
5f0
5cb
5c6
5cb
64a
717
774
7c8
7bf
7d1
809
837
80c
7d8
7aa
7c6
777
73a
721
6ec
727
754
700
636
5c0
593
5b0
616
698
736
7ab
816
865
82e
81f
839
843
82c
82a
87f
943
944
914
946
925
94d
96e
955
901
812
712
6ca
6ab
6de
799
819
7f4
7ec
86f
8e6
914
919
925
8d4
8d6
90b
940
9ff
a6a
ac6
b0c
ab6
a25
962
8ba
882
865
8e0
94d
95f
9a3
99e
9c2
94e
8a2
7e6
6ff
6e4
6e8
702
6e6
6f6
70a
73c
7d3
806
80b
84e
80e
803
857
855
852
872
910
9e4
a61
a88
a62
a32
a3a
a69
a53
a10
a3e
a85
a4a
9b6
950
90b
920
91d
90f
87d
82f
838
850
8b5
92c
9be
a1e
a30
a9d
a60
99e
9ab
91c
918
8e6
8ce
8ef
8af
8c7
90d
9b0
a40
a1b
93d
818
723
63d
5cb
61e
67b
6e5
744
7a1
835
8b5
938
99d
9d3
a04
961
8d2
8b2
8a7
90a
987
9ed
9ac
8bf
797
70a
6d3
697
672
69f
6fc
7b7
889
8dd
90d
8cb
88d
84b
7e3
7e0
811
7da
7a5
7db
86f
8dd
942
972
905
8d1
8a3
885
88a
89e
89a
868
848
810
7a2
75c
6b9
63a
5f1
5e3
65e
70a
789
80e
89d
8b7
902
913
8bd
85c
815
748
68c
683
72a
7df
89d
935
95d
9dd
a16
9ef
a08
a3c
a51
a63
a12
9bd
97a
94f
924
945
966
92f
8e5
803
6f3
5f0
520
4ab
464
4f0
5f6
6a9
6f6
70f
706
738
733
75e
796
7de
800
822
861
8b8
8d6
895
7db
744
718
6e3
6ec
72b
78f
7ea
88e
946
9ca
a12
9eb
929
85f
7fe
794
761
738
721
758
7a8
7fa
857
87a
847
7b7
704
653
60e
647
673
6d3
78c
7c9
786
73c
6df
682
5f8
5f1
62d
692
71e
7a0
841
8d8
908
8c5
805
75e
722
6c3
643
5b0
559
54f
543
54b
571
58a
5d6
5d0
59d
5ec
66d
6b7
6d3
6da
6e8
738
791
7cb
79b
7b6
7fe
7eb
7ff
83b
86b
887
867
886
89e
8bc
87e
804
7b0
782
753
735
6fb
69c
6d9
765
7cf
851
8af
906
8c8
826
796
766
778
779
76f
78a
77d
770
7ab
7b4
786
71b
6da
6c8
6e4
6ba
68a
6c2
721
761
764
723
6de
6d9
726
747
761
776
7c1
821
8c6
99b
a10
a31
9e4
967
8dd
83e
79c
74d
6ff
714
7f8
8b6
8fd
8e2
820
716
66e
644
630
610
611
62c
68c
6fd
733
75b
78a
792
768
752
75c
7ad
81d
8c5
931
958
8e4
899
8aa
8df
950
947
8fe
86e
7ed
77d
6d9
6ad
6d4
689
623
5c3
5aa
5b6
5cc
60b
656
69c
6e1
763
818
893
8f9
94d
953
913
8de
8be
8d0
8e3
916
94a
93b
919
8bb
8b8
926
919
8d5
8cb
8d5
898
7fb
7af
7a1
78e
7ba
7f3
801
7c7
7b4
761
711
712
6af
64a
68f
75c
85e
93a
9a9
93c
89e
819
7a3
761
733
727
74a
727
756
7e9
872
916
96c
9bc
9db
9bc
9ba
9e1
a6d
abc
ab2
aab
a5c
a48
a51
9fe
979
913
920
90c
933
9f7
a81
a89
a63
9c9
972
942
902
8c3
843
828
807
811
82e
809
7f2
7d4
7e3
7b1
7ce
81b
832
837
863
898
90e
956
9ce
a1d
99f
89d
796
70a
6a5
6bb
6b1
65d
664
6d3
76f
819
88b
912
914
89a
7e7
76a
777
75b
797
7f8
7f6
7ef
7e7
7d2
80c
844
8ac
897
825
7c4
76a
781
84d
980
a80
ace
ab7
a59
9d2
91a
848
7c5
7f8
875
8f2
949
9b0
9d5
9da
984
8f7
878
7bd
717
713
6fd
70a
777
75f
6f5
71d
7bd
77d
732
72c
71d
708
72d
7bf
88b
90f
986
a05
9fe
9f1
9e5
9cd
93a
8e6
8ed
8a9
853
836
842
84b
80f
778
6b1
6cd
694
684
70c
771
7b9
85f
8c0
86d
83a
7fb
785
764
7a5
7c3
7cf
7e3
811
83f
872
8a8
931
9d4
a60
a72
a35
9ac
908
89c
881
8cf
892
7ff
7aa
74d
6fe
709
717
711
6b6
647
5f0
5f4
624
669
708
7ba
79f
759
757
6d7
6e4
6e1
71b
777
81b
89f
86d
87e
85e
7fb
7d7
7b2
789
762
75a
770
75a
7c7
80a
7f0
80a
7c7
760
6a2
59a
589
55d
589
63c
68d
6fe
71b
767
72a
6fd
750
712
6bb
74c
7d1
7e6
83e
82e
843
82c
806
791
6a9
615
56b
51d
59f
5dc
680
760
85e
978
9e0
997
933
8bf
880
887
88d
86a
813
89a
892
857
889
8e3
98c
9ac
970
934
8e7
89b
864
820
800
7c2
7ae
7bd
7eb
7f6
7f2
839
7ef
79a
791
796
796
7e1
839
88e
8bd
851
818
7c1
75c
75c
750
739
6cc
6dd
728
6fa
6b7
639
5f4
612
600
606
653
64e
6b1
717
71f
737
767
7d6
7b9
7da
7bd
759
799
7b1
7ca
7d9
7dd
756
760
773
72c
73b
70e
72a
791
85d
8b1
91c
932
918
93e
8c9
7af
669
5ec
531
4af
517
578
5b6
654
727
7c9
869
84f
80a
7ed
7ae
7af
790
7b2
76e
770
786
6b1
6b2
6d7
6d9
785
821
83d
8b9
965
9cc
a45
a76
9fb
946
89e
79e
6cc
69d
634
5b4
5ea
5f6
663
74d
85a
8cf
8da
8a7
7ef
7e4
852
898
85f
8b1
895
901
970
95d
8ff
8ad
8b8
85f
839
8a2
892
857
8d0
9d2
a67
a2f
a7f
a47
987
92b
8a1
77c
739
705
73b
797
7e7
852
89e
96c
9a6
940
963
956
8cf
88c
905
923
908
99a
a62
a26
99d
8fb
81c
7b8
745
71e
654
630
67a
703
7be
896
919
93a
8f1
840
824
7c4
78c
7ac
7ef
7f5
7cd
7c7
791
7a7
7d3
805
81e
839
80b
7ea
836
82b
8bd
935
956
906
8ab
880
826
809
809
79f
712
716
725
816
8b0
8dc
92d
892
8af
892
83c
815
7de
82f
847
8a7
8e4
86e
8ba
8e5
91e
986
985
971
9a4
99b
9a4
918
909
8b5
801
805
7a9
799
75b
739
7a8
798
7f5
862
883
8d2
93b
9bb
994
97a
98e
91d
8ea
953
8fd
93f
a14
a18
968
8f1
8af
749
6d2
730
662
5bf
645
66f
6d7
783
7dd
6e8
691
6c5
61c
63d
6c1
726
7bf
84f
872
88b
8d0
9bf
a05
9ea
a84
a2d
9f6
930
87c
862
818
8a5
901
99c
9bf
95f
994
91e
83e
75a
6e3
6c7
6cc
742
7b0
7ec
79c
754
72c
6d0
673
6a1
70a
746
7dc
826
7f9
755
7d4
805
72b
6cc
69b
681
674
674
724
800
8cc
90c
91f
985
997
914
8a4
84c
792
6d0
699
697
63e
720
7dd
849
923
936
8c9
7fc
784
784
6bb
71d
7f4
844
8b7
8e7
939
8dc
8c1
8a5
7c3
7ba
717
69a
71b
7d8
8da
988
9cd
9bc
9ad
981
960
994
9b3
992
9ce
a02
946
8d2
84e
7cf
77a
72a
67d
675
697
638
657
70b
78f
76f
7a8
87b
873
841
873
81b
7ba
713
6e0
72f
756
7c8
936
98c
931
8cf
81a
7ef
7ab
8a1
89c
8a4
957
927
90b
921
90c
8b8
7f9
72e
69d
672
706
62d
698
81f
834
825
87d
871
7c2
7d5
808
750
682
647
583
516
4db
482
51b
5c5
690
77e
86f
8b0
867
90e
9b4
9e4
a4c
a93
a76
9f6
91e
8d5
7c6
67b
668
676
61d
5a4
61b
66a
619
609
583
496
42b
479
4a3
49d
565
5bd
641
6ae
6cc
738
800
8b3
8c5
8cd
8eb
8d0
901
92b
929
989
993
9bd
9da
90e
946
8f7
838
795
73c
72d
6d3
73d
798
78d
828
856
7ba
6c1
618
624
674
701
76a
73c
7ea
842
7cd
83b
88a
8c2
886
85a
879
792
804
87a
888
94c
9a5
9db
9c9
a9d
b01
a40
a50
a51
962
906
89e
7d8
79d
78c
7fc
749
6ca
70b
667
6f6
738
7c3
7fc
865
910
8eb
8a8
8dd
849
788
763
6b5
68b
6b2
65e
63e
67a
72c
7a8
82b
8f6
8d9
8ef
905
904
88d
895
8c0
880
873
89e
911
904
8e4
876
821
7e9
7b0
7ad
761
71c
68a
632
637
65e
6b7
74b
767
6f8
6a2
6b3
717
7ac
84d
93f
959
9b6
9ce
943
907
90a
90a
92e
9b3
a2c
a2c
a25
a7e
a2e
9a4
92e
879
81f
74b
6b1
67e
652
640
5db
644
654
66c
729
782
77c
7dc
888
8b9
871
7df
7a5
751
790
7b9
7ce
7e8
6f4
6e7
6e2
740
7df
85f
8fd
97e
a45
ae9
ab5
a24
991
8f5
89a
7e7
753
792
748
7ad
7d6
7d1
728
6de
73f
6c7
6cc
6bf
681
6b6
6cd
6a9
677
670
74b
7ec
857
85b
824
808
833
86e
8e8
923
9b5
a52
a09
a6f
a86
a3b
99a
966
932
887
82f
84a
88f
8ad
926
8ec
861
7c3
74d
674
5da
610
618
5b7
5f3
6aa
722
797
7ef
7a4
6d6
6bd
708
71c
74a
7b5
824
90b
98b
9a6
a1e
a3b
a53
a25
a0f
9b0
98c
9e9
963
95a
973
8fd
805
71a
67a
616
5cf
63e
626
644
6ad
754
81f
89e
8ce
98c
8f4
877
84b
814
7bb
705
6a6
68d
682
69b
6c3
74e
805
867
88e
83d
875
83f
849
85e
797
768
810
808
7f4
831
887
7fb
7e2
7e7
796
75a
755
6eb
6da
70b
70a
6e2
705
73c
737
74e
71a
6ce
6b6
72d
7dd
91e
95c
934
903
8a5
899
8f5
97f
976
943
977
9e3
a2a
a3a
a6b
aa1
9de
985
91e
8a9
863
87b
8f3
8ec
8f1
950
936
901
8b7
863
850
814
7f3
79e
72b
725
770
7e7
7c0
750
729
6e4
71a
76c
7ad
827
857
87d
8c0
8ea
951
950
944
919
891
85c
82d
804
787
6fc
6db
68e
69c
6a5
66b
67e
670
622
5c0
569
502
4f4
507
56c
569
5a8
5a6
589
5df
600
5ed
62e
6c3
758
7b5
865
89d
859
820
7f1
805
7f9
7e7
7c6
79e
79e
853
8d1
93f
97e
9c2
99d
928
91a
8c9
894
8de
875
7f8
7e8
7ff
7fd
849
8d4
8d6
8ac
87c
7bc
6ab
674
63c
610
619
6d6
789
832
91e
98b
a26
a8f
a94
a32
9ea
a3a
a74
a2c
9c3
923
894
848
7d7
781
7a2
7e7
7e9
7f4
7c5
7da
845
856
7cf
7d5
85f
81a
7c7
79b
71f
689
654
63c
6c4
72b
7db
849
841
897
909
92e
920
89d
882
8e2
91e
953
99d
a14
a76
a4f
9d1
927
87d
7c6
743
70b
704
710
71f
70a
706
704
717
6f3
6da
6ab
694
6b4
685
662
665
637
647
6a4
6a8
6b7
72c
7ab
7e5
774
752
77e
75a
7ab
859
907
9b4
9ba
941
8ac
842
7cf
744
701
72d
732
79e
843
88f
8d7
8f8
914
8ba
8b7
875
817
82c
847
803
7a8
737
6a2
665
61e
60d
5ea
603
6d6
7a2
88a
98a
9e4
a25
a6f
ac7
af0
acf
a7f
a16
975
8a4
832
83d
8d9
90d
96d
9d0
9e1
95d
8de
8a0
7d3
71a
68b
5b8
5af
5f9
621
64c
680
674
615
589
5ac
653
6c4
70c
79a
869
8d4
95d
965
93b
95d
99c
982
932
930
963
a04
a61
a1a
9e7
9ca
98c
8fa
85b
7cf
727
6b1
634
5df
651
6f2
79d
7ed
7cc
782
719
6a6
622
5b8
546
53e
5c5
69b
7f3
8e9
918
973
991
990
98e
979
929
8fb
913
96c
961
8fc
883
81d
843
867
7e6
781
76f
789
74d
763
7e5
811
857
8d4
8f8
8d3
82e
776
6e6
63f
5fd
5a0
524
53e
59f
627
69b
6d8
70d
74d
769
74c
766
7db
8ba
956
97e
975
9b8
9a3
924
885
7f3
7b6
831
878
855
84b
850
842
839
7e5
754
6b0
673
66a
60c
5fe
63c
682
6ea
77e
80b
89d
901
92d
975
956
8d8
82c
78a
815
934
a36
b25
bc7
c20
be6
b5b
b0c
a5e
98b
8c3
807
7de
7bd
768
73a
743
748
793
7ff
898
8cc
90b
940
956
966
8e7
82c
786
73d
6af
640
60f
634
6a7
758
7e4
7de
811
8b0
926
90c
904
8ee
8f8
911
8ba
7e2
736
6ee
6d3
6f0
745
79f
7bc
7b6
763
713
6d3
655
5d6
60a
694
763
7e0
7bf
757
6dd
69f
619
54f
4dc
4de
50b
537
53e
5e0
704
828
904
8f8
8f3
94a
965
933
8cf
86f
87b
874
846
866
89c
94f
98a
953
921
8c3
811
733
6bb
6c9
719
797
838
899
893
83b
73a
663
5d8
56b
593
5f4
67e
6ef
730
7aa
81d
88c
91e
9ac
a46
af1
b49
bce
c2b
bfb
b8d
aee
a0b
91e
842
7ab
734
6e6
6eb
6e0
748
7ce
831
89d
8fc
976
a23
a28
9c2
8df
806
778
692
625
695
727
7d3
864
8c6
90f
8a5
863
845
7e8
800
84e
878
886
841
7dc
7a0
784
7f2
823
7fb
7af
714
67a
65b
6dc
784
81f
84e
7c9
76f
77f
77e
74d
684
598
5ab
627
62a
675
6a7
6c6
6f4
706
6d8
67a
668
69c
6fd
780
877
914
953
989
995
9c8
939
816
771
748
74f
7af
824
87c
898
84b
84c
836
7dc
7e9
83d
88c
884
86f
868
87c
8e3
944
90d
885
80f
78d
772
7a0
7ae
7d9
82a
858
8bc
993
a09
a68
a79
a9a
a8f
a25
9a4
8e1
86b
7f2
7d8
827
842
85c
871
821
772
730
6e7
737
7b3
7f5
84d
8bb
926
8ef
893
8ae
8b4
85f
7bd
677
58f
543
588
624
6a3
70a
787
77b
753
75c
7c0
79d
732
726
724
779
7ed
836
8d3
9a6
a01
9a1
8b0
7e8
777
749
7be
855
8de
95f
946
8e5
89d
859
7d5
6e0
631
5fc
5ec
61e
67c
6a2
672
619
5f5
675
6f8
7ad
8e5
96a
9b5
9f8
a1b
a6b
a82
a33
a08
96a
892
81e
7ec
7ff
820
813
7f4
78c
72a
716
714
753
7dd
85c
8db
8e7
854
7e5
7eb
820
835
83b
801
7b8
804
81d
79c
73e
75a
77e
805
811
834
89a
8cd
8db
91b
975
92e
919
8f2
8a2
7ef
72f
6e1
702
799
839
8b9
8f7
8e8
87f
81b
7fe
7a5
734
715
6c8
69a
651
670
733
79b
77c
78d
797
784
7ec
7cd
7d0
7e6
836
8da
914
900
8bf
831
7a1
77f
779
78f
7c9
811
7ed
78b
766
770
7ed
880
8ea
933
962
9b7
9cb
987
90f
89a
879
86c
825
7d0
769
70d
6cd
67e
618
5d0
61c
6c1
755
826
8fb
9ab
a24
a18
9b9
964
90a
89b
7ff
7f8
867
8bc
8fe
90f
901
8bf
870
7d6
742
6af
64a
635
611
63b
6cd
748
798
7b7
7d1
7b7
729
6de
6ad
6b8
6f2
6e0
717
7c7
8ca
977
991
9b5
997
927
8c4
864
83e
83e
83d
820
81d
836
824
7be
770
7b3
802
7f1
7e1
7d4
854
93b
978
94a
8d7
857
7b9
6dc
628
5bd
59a
5cb
5e0
606
65e
6c9
73a
79b
7a8
7a4
7ca
7e3
7f1
87c
96c
a09
a40
a1d
9c5
9a6
987
951
8fe
88f
836
7e4
785
7a4
806
801
807
85d
86c
842
83b
804
7be
79e
742
6fc
6ee
75b
7d6
81b
85c
891
89c
882
830
83b
83e
7fd
7bc
7a3
831
890
891
873
825
7f5
7c7
77d
70c
6dd
73f
78c
768
74e
720
731
732
6ea
6af
687
672
606
608
64e
66f
6c9
707
73e
7ad
811
83a
845
86a
889
866
870
8be
91c
983
9c2
9c3
969
8e7
87f
82e
7b6
716
6b4
624
5fb
65f
6cb
73d
7bb
828
878
8e8
939
94f
948
927
8ce
8ba
887
832
816
7c4
774
777
77a
7a6
7e9
7de
79d
792
7b0
7b1
7de
859
8e0
921
8f1
84f
7ff
83f
84c
811
7e2
81f
879
888
8a2
8c7
867
7c0
74d
6e7
6d2
6ea
712
727
747
78b
79f
7b1
783
710
6f7
710
6fa
707
73b
767
7b7
7f2
86a
96a
a06
9f7
9cd
96b
8d4
857
831
7ec
778
748
77f
809
884
894
87e
85c
81c
7bc
76b
6f9
6d4
743
7b5
80e
822
7f0
7e0
7ac
73d
6ec
6ba
6b6
6bf
71a
73c
77b
827
8b5
8c3
8cf
912
984
9ff
a3e
a2c
a09
a1f
a19
9f0
9a4
8c9
839
813
789
6be
65d
63e
65d
6d7
768
7f8
862
8e2
91f
920
8ac
7e1
73c
6bc
708
784
7e2
83e
88e
8f4
963
95d
920
8e1
8c6
885
81f
7be
7af
83f
86e
82d
839
837
85a
872
850
7f8
7b5
7d7
80e
808
822
846
862
88a
8c5
8ed
8cb
84c
79f
73d
6d7
629
600
63d
6bf
726
722
762
7ce
842
8d7
918
90e
8f8
8f9
93d
951
951
98a
98f
907
837
7c2
789
746
722
719
700
70f
74b
7a5
7b9
7db
814
86d
8ca
8ea
8d4
8b2
8bb
89f
879
8b9
8ea
8a6
871
84f
862
87e
88e
89e
89f
8c9
944
99e
9db
a3f
a5f
9f1
954
8b7
86c
871
849
7d4
7cb
80c
863
8a1
886
834
835
838
7eb
7b0
78b
760
73b
723
718
707
6cd
671
650
641
631
61c
65a
6b1
6d1
6d0
6e0
71b
759
75a
721
746
757
731
72f
746
73f
75e
7a6
7e9
80e
7fc
7f5
87c
8f2
908
8c6
880
860
826
80e
7fe
800
822
82b
812
7aa
6dd
63c
5f8
5ee
5c6
5b6
5e5
615
63c
674
6e5
7be
89f
929
954
96a
925
8a3
86e
890
8f5
92c
93c
957
906
8b6
853
7ca
707
69b
698
6ce
702
742
79b
7fb
861
8d6
944
941
930
8fe
8dc
8da
8f4
908
91f
926
90e
8da
8b3
8c9
8f1
924
933
8fc
88c
816
7da
7d2
7b3
7c8
7f7
7e1
7d0
811
899
8e2
8b2
880
897
89c
8a2
8b6
8b0
887
80f
7af
75b
71c
6f0
6b7
667
5fe
596
547
57a
627
6b8
760
7d2
7de
7e1
811
84c
81b
7df
807
866
883
842
82c
85a
843
7fa
74d
672
5ec
597
561
5cd
6f9
7e4
86b
86e
868
830
7e1
7b1
76a
797
81e
8bc
8f7
8c8
857
7b6
750
708
6b2
6a9
6cb
715
780
7f3
89a
8dd
8dd
91e
9aa
9b4
922
8d4
8af
8bb
8e5
8f0
8cc
8a9
882
83c
7a8
702
6c9
714
787
7c5
762
6c1
66d
67f
6d7
6f3
6c5
6b9
6d3
6bd
6c7
742
7ae
7c3
7eb
814
840
8a8
8e3
8a2
84f
843
82d
7e8
7d2
7f7
7bc
78b
799
78f
7bd
83e
880
83e
806
826
819
804
7c2
7a0
760
76a
7e5
809
7c7
7b3
7a0
6eb
5ea
57e
589
5a0
5d7
64d
6be
71b
7f9
8d3
8fd
8d5
89b
86d
887
8c5
906
95d
9e7
9f3
9a4
996
9b2
93f
84d
7c5
7a5
782
745
730
724
725
778
7bf
7e8
7f0
817
82b
7b6
783
76e
6f5
6db
740
7af
7f6
823
868
868
88c
8b9
8ad
8a3
888
877
86c
856
83f
868
8af
8ff
8d9
839
7db
7cb
7e0
7e5
7d4
7e1
7eb
82f
8ef
912
8a2
83b
81d
7fd
7a2
756
742
750
785
7da
81f
8a2
923
98c
999
993
977
928
873
7da
81f
8b1
962
a29
a65
a53
9d7
8f8
835
7ca
7df
7d7
7ad
7c9
7fd
80d
861
8de
8e9
8be
8b2
85a
7b8
775
7c3
840
85b
845
800
7a2
73c
6cf
69a
67b
691
6b1
6bf
6e9
738
7d3
8c2
977
9ae
9a2
985
984
983
928
884
837
833
8a0
956
9a9
995
94d
906
88c
7f0
78e
73b
70f
736
75e
752
729
71a
702
6da
6b4
6cb
6bf
6b2
71e
790
7af
832
8bc
910
95e
9be
9ed
9eb
9ab
93a
8d3
88b
84f
7c5
758
758
7e6
8a7
90b
967
95d
8b8
804
778
714
6fc
76f
810
88b
879
867
80b
77f
6ee
668
667
6a0
716
7a8
7e6
822
851
864
859
86d
85b
805
7ce
7c2
7b7
819
8be
935
977
942
8cf
83b
7f9
7df
7ce
7ca
7a0
785
78b
811
8b4
90c
935
932
91a
8eb
88b
7eb
7af
7d3
7f6
824
86e
8a6
8fd
963
96c
90f
8a9
849
80a
80f
812
831
812
7bf
79d
7c8
7fd
7d2
7be
7b1
7de
812
7fb
7b0
786
80e
893
896
83d
7df
789
747
70e
71e
738
6f8
67f
632
61f
635
6d1
772
806
85c
849
807
7bb
7cb
7f3
837
8a9
8fe
91c
927
911
8c4
808
722
6a6
647
668
707
7b4
872
8fc
915
8f4
8d2
8cc
90a
93a
8ee
87c
8a6
929
992
9ff
a45
a2f
9f4
95a
8b5
88e
875
7f5
77e
75d
7c7
836
848
871
8b1
89c
8b7
8be
86b
803
7fd
7ce
7ac
850
8d8
865
7ce
7aa
764
748
6f3
69b
6cc
707
703
6fc
6c5
6b4
6ad
615
5ca
5be
5b9
5bb
5d8
651
6dc
73d
765
7ad
7c6
7c9
7d4
7b4
7d9
7c2
863
91a
8af
881
908
8f1
917
99d
a29
a2a
949
93c
947
879
8c1
91e
926
98a
930
8db
81d
7b9
750
66f
62f
574
495
44d
403
4f7
5c4
56c
5b5
743
783
6c8
5e0
4e5
370
2e9
306
326
33a
343
338
2f7
363
348
308
343
3bd
3ce
411
46a
4a3
540
612
67b
6d9
743
7ac
853
8fa
93d
98d
a1b
a97
af2
b52
bcd
c1e
c67
c89
cc4
cdd
c7e
c9d
d1c
d01
ca1
cad
c89
c7a
ca0
ccf
ca7
c44
c10
c2b
c32
c22
cc0
d05
d43
d56
caa
c77
c0e
bcf
bc6
b37
ac4
9c5
8dc
882
84a
856
84f
819
79b
6fc
6e0
724
743
78f
821
894
8dd
8aa
879
84d
7dd
76f
742
6f3
705
6c0
6c5
6c7
6cf
73a
79b
7dd
82b
892
85f
87d
86b
81b
74f
62d
2da
26d
854
6f6
43e
680
65b
519
660
703
6a3
75c
73e
6ac
6bd
706
740
7c5
75c
736
74a
7c6
739
6bc
6f3
73c
70a
6b7
69a
664
665
6a4
701
661
621
684
734
72a
6df
682
600
5fd
5e0
4de
46f
468
41f
42c
483
47a
481
4e9
487
43e
3d9
3cf
3f4
446
432
439
421
3e4
433
3c9
342
2e4
37c
364
2bb
31e
2fa
32e
362
33a
3ad
431
478
47d
47e
4ec
478
414
3fe
491
486
486
4d2
52b
560
5a7
63b
61c
69b
6f6
6ff
783
799
7fd
7ef
81a
875
8ba
914
90c
8d7
8dc
96f
941
972
95d
9c5
a97
adc
aac
af6
b99
c38
bf7
bdd
cb2
c52
c75
c5e
cf8
c90
c14
ce7
c2f
b55
c82
c7c
ce7
ba5
bdb
d21
daa
cc2
b58
e1d
dde
c68
d02
bc4
deb
cd4
af7
bc5
b99
bb9
beb
c75
be6
ce5
cba
b94
c6d
cb8
bb0
d0c
dce
c80
e20
d14
d68
cd1
b8e
c64
c7c
b2a
b75
b8a
b59
b78
bf4
c69
c9d
df3
d45
cb9
ca7
c52
b61
b27
b58
a85
b48
ab4
a51
ab4
a4b
966
a72
ad0
9e9
ac8
9ce
ad0
9fd
a60
b53
aa7
a14
a16
993
8a5
81f
6fb
86e
7c0
73f
74e
7c7
783
7a2
70f
6ca
67c
60a
6a9
53d
4eb
490
545
52b
4ce
485
453
443
36e
388
2f1
2c1
29d
2f3
2c3
388
3be
398
37d
406
3c8
38d
3b2
263
1b0
1d8
25a
291
267
277
36c
3ac
3f0
3d4
370
433
393
2a7
379
4f2
501
41b
417
432
45d
3cd
2e6
304
272
17e
1b9
2ee
393
33e
2dc
350
46e
555
402
45d
3a5
384
485
3f0
42d
3cb
3ec
3e5
325
315
409
3b2
39f
426
584
570
5e5
5cb
6db
7e0
781
6cf
672
66d
5fe
5cc
51b
522
672
6a3
5a5
4e0
579
645
63c
4ec
5b5
689
682
6ef
6fe
7f8
8ac
841
729
85d
8ec
87a
81b
735
80e
7ed
87a
8bf
895
91c
9da
9d1
9d1
9da
9a3
960
864
7cd
882
923
942
99d
979
9c8
a25
9ed
961
a03
96c
96b
aa6
a8f
b68
bfb
ca8
cd3
bd8
b8b
b0a
ada
9ce
99c
8c5
8d0
96f
9ee
b30
bfa
ba1
ba8
c41
b0f
ae7
b1c
b80
a8e
a72
b3e
c35
c26
aea
a60
a76
9dd
942
913
8b9
908
a2a
984
a50
b2c
b6e
cab
bfa
bd5
c66
b9b
bf6
ae8
a37
a76
abb
9b1
a1a
ad4
a70
a21
9fb
a5d
a12
a6b
a4d
a7d
b40
bc6
bb5
b41
bba
b9c
ade
aa7
9ed
9d0
8c1
8cb
8c6
8b2
989
950
9ac
9cd
a29
9e3
a7c
af3
b1b
9cd
996
ac0
af1
b73
b2c
a24
a1f
a3e
a2e
95a
9c9
a37
a05
a59
b40
c89
c79
ad1
a91
b40
b1c
aa5
a45
8b3
96d
a12
9e2
b6a
a1f
9a9
9e9
9d6
8fd
85b
820
7c8
882
80d
8c0
853
859
832
8ae
7c2
723
5d2
5f6
608
609
640
76a
7b1
7a6
973
980
a0f
938
842
836
913
8fd
751
787
7ca
72e
7ea
6d3
69b
5a7
566
5a5
4ea
45b
4ce
521
55e
628
6f0
812
7d7
7a0
753
7be
752
647
434
397
48a
4fe
51a
46e
619
67e
726
79a
628
61f
6a4
5f8
565
58a
683
6d3
727
688
576
507
5e3
4c7
2f9
2e4
380
38e
377
4bf
531
47a
4fa
4e7
546
4c3
497
36f
3a9
3d5
42b
4fd
564
4cd
4ff
52a
4b3
41e
3dc
479
54e
513
63b
6a7
5cb
637
622
687
5ce
608
5ac
508
4cb
3c3
3a2
4f5
5a2
5f5
5e6
5c1
643
601
591
670
57a
594
6a0
650
613
690
635
600
612
50f
400
438
4bc
45a
3dd
5ba
6bf
76a
740
7a8
7ef
8e4
7fe
845
76c
7ea
73e
61f
58f
5ae
621
6be
670
668
604
5f1
71a
706
6bb
6c2
73c
796
853
79e
735
65d
642
4dc
5cc
63e
5f6
5ce
6b4
809
92c
95f
8ad
8bd
8f8
89f
846
806
863
8ce
830
8dd
9b8
938
96f
942
8fa
944
83f
71d
714
785
869
80d
868
8c7
88e
9f7
983
a8e
9d8
9d6
989
94e
8b9
990
949
9ae
adf
acb
b05
a74
a9c
b12
ab0
a5f
be8
ba9
b93
c26
c1e
ccc
c7a
b2c
b6e
b43
a5b
956
971
927
9e8
9b6
9de
b1b
b38
ae3
afe
b0c
b30
b97
ac4
ada
acb
afe
acf
c06
ac8
b2e
ba1
a86
ab9
bc4
9c1
a8a
a99
ab3
bee
c15
d7d
ca7
c9e
c55
bfb
c08
bf3
b13
abd
a3a
a70
b5a
a7a
ab9
ae5
9eb
ac1
a1d
9ac
a20
99a
a49
ae5
aba
bfa
bdc
b3f
bab
bb6
aa2
bfe
b9b
ae7
b41
b8c
b78
bb7
bc1
be8
c72
d2a
c6d
b79
b82
b9b
b8e
ac2
a22
b4d
a3d
a2d
970
8ec
8bb
8ce
89d
89a
922
963
a6b
ad1
9f0
a0c
b37
a4f
9e1
8df
7d9
819
82a
81d
6f3
804
8d4
92e
8a6
8dc
9fc
a7b
a63
93f
8d2
a2b
b1d
98c
96d
8bb
983
95f
978
8c0
90b
871
7ef
8c2
78c
79d
832
867
80b
81e
736
747
712
69d
590
593
59c
5d2
540
5c2
73d
7a7
800
816
65a
72a
7a9
737
5b0
7ba
731
79c
6c8
73d
826
754
646
641
614
53b
4d1
355
3dd
41d
420
4b9
5c8
5aa
5b1
44d
3f7
460
3b2
302
33b
3c6
357
3ac
352
37a
3a3
358
253
35c
2de
1f7
41d
453
42b
4fe
58a
56e
58a
594
4b0
46c
50d
3ff
33f
362
43e
454
38a
450
42f
440
494
46a
43b
51e
57d
3e0
3d9
410
385
2c5
323
42e
3cd
30d
2fe
267
2b2
260
2d4
38e
53d
4f6
421
52d
5b3
4ed
3de
3fa
56c
48a
454
4bf
693
6c8
737
742
7cb
6e1
5e2
659
50d
60a
5ec
474
4c6
55b
481
597
51a
3d1
575
435
26e
38d
37c
344
412
40c
41d
4ef
66b
67c
753
823
6c3
72d
705
6cf
769
824
732
6fb
55c
77f
7af
807
7d0
6bf
723
8a6
7b2
7d3
9a2
8df
893
77b
7d1
8c4
6e6
56b
545
675
743
6ff
60a
664
76c
7b8
6e6
518
85c
7c3
68c
630
7bd
9af
96b
7d2
800
89e
9ce
9f4
83c
85e
94d
8f2
8c8
814
987
ae8
94c
a5d
914
9c1
8e3
9a5
8c2
88a
81b
7b0
8b7
7b5
785
849
9e0
9b0
762
79d
8da
904
843
6db
7bf
9c4
97d
bae
b33
a7f
af5
a53
a7b
ad9
b1e
a1e
a84
ad3
a91
b3e
d27
d7a
bf4
aea
b27
b11
b68
9cc
a4b
a18
a10
a5c
a4f
902
9c9
8f7
977
902
9b6
ad5
aba
a27
98b
b70
b5c
c98
c28
c0c
d0c
cbf
c16
bf6
b41
b72
b95
d0d
bb2
b59
ad9
ae7
ce6
b7b
91d
928
a90
c43
baf
988
a2b
9ee
a8b
a9a
a2f
a0f
b2b
965
8be
92b
935
b25
987
88c
815
9e8
a3d
8c9
825
863
8be
b3c
a36
982
a90
9e7
9a0
8d4
a15
989
9de
8fe
9db
9c7
9fe
aa2
b7a
aaf
a4e
9e8
a5a
b31
942
893
86d
89d
72b
8f1
86b
7ba
896
92f
8ef
785
87f
9b6
9d4
95c
847
963
a1c
a54
aa7
933
928
89f
942
93e
850
8b7
8a4
822
859
80d
a9c
a06
839
72f
8b3
96c
8c4
907
745
7b1
802
834
91b
859
77d
695
711
787
6ff
731
765
758
7e9
6ad
715
88d
825
85d
77a
750
818
747
6d0
802
689
81a
833
726
865
9c0
834
6cf
75b
755
742
730
83d
60e
7b9
704
720
768
7c7
919
946
8a2
6c7
62b
6eb
777
6d4
6c4
622
74a
74c
75e
7dc
72f
686
5fa
557
6ca
6a3
684
673
655
676
7be
6ce
6a0
7c8
5d1
7ab
78d
798
776
7af
820
7d7
6d4
687
3f8
5d8
678
5f7
4b8
4d5
7ad
747
7cd
6c3
6ce
75d
71b
792
79a
74c
6db
6fd
5dd
724
8be
7bc
83d
6cc
918
75e
961
97a
616
730
85f
77c
7f0
76e
6fd
71f
8c9
8ee
707
7c1
879
78e
7a1
8c2
90f
9b6
957
943
685
6d4
768
89c
780
67c
65e
711
766
6ac
738
6b1
5f3
8a4
773
8b6
838
6b0
6a7
7d0
844
7e0
7d2
94a
7da
87a
a08
802
819
7f9
83e
838
6ff
6dd
7c6
8cf
8a0
7d4
785
796
72c
6c6
874
6dc
88c
7cd
682
7ae
998
96d
79c
711
635
907
889
5ad
6a2
7c6
942
9c7
79d
810
a42
9c0
90b
6e8
89f
811
86e
5dc
7f8
8b4
792
97e
979
6de
8a1
993
816
90e
8b4
727
7e4
86e
680
5ec
60b
6ec
451
77d
860
6dc
7f2
804
5f8
83a
9b9
968
a1a
8de
701
93a
914
a19
93b
845
7f7
937
8e2
882
760
8fe
8f4
8b6
8dc
86d
8d7
8d2
7ec
62e
86f
7ad
8e4
8ea
895
7fc
789
9a1
75c
7ff
794
62d
695
863
90a
81d
7f0
656
829
7ce
909
7b2
8e4
9ea
796
911
a77
afd
80b
8e0
839
876
7fc
890
7f1
73e
790
6f9
809
b1c
8b2
873
ac2
721
946
6ed
5a5
738
640
53d
5a8
5a9
776
71a
5ab
692
6ce
94d
836
845
6b8
7a3
981
8bd
8f8
908
872
801
71d
6bc
8c9
8ab
6a2
786
7d5
8d0
7a8
85e
836
736
713
727
83d
765
706
693
988
90c
653
81f
842
701
8ef
9e2
807
692
7c6
686
7c4
6b3
699
7bc
7e2
870
821
83a
8d3
620
68c
7b4
95a
75f
537
67e
8c4
6b4
95d
874
6c9
9b2
8f7
ab7
6cc
935
883
98f
7a1
7e5
925
792
887
5e9
421
809
9ee
630
6b0
80b
722
7f9
8cd
8e3
631
735
794
711
8f8
750
6bd
7d6
8d8
6d8
7be
6c2
7d9
936
83c
6ad
8e7
9ab
917
683
95f
a0a
9c3
808
6f9
625
7b3
790
5ef
612
74d
a2f
6db
716
773
77d
736
8e4
757
654
82d
939
82f
749
8b8
7d8
7b5
791
775
7dd
6bd
926
7bd
6ea
907
7e6
89b
7ea
879
80a
81c
958
8a0
879
865
7f8
6fb
8d0
65c
6af
4e2
65e
652
46c
5d4
77f
5c1
681
637
685
987
83b
6cb
69a
915
a40
898
6d5
81f
77d
6ed
872
85c
8d9
909
83c
8ce
974
ba9
a38
b2b
8d8
a66
8c8
b2d
a17
7a1
828
9ce
a87
945
6da
64d
7de
6c6
922
5e9
7b3
a9b
73f
6dd
8af
7fa
88c
8c6
83b
7d0
7da
93d
945
83c
a8f
a2a
790
71f
74a
846
987
9ec
a5c
7f2
8da
9af
96c
938
669
6df
7ab
99e
725
6cf
70f
6d6
7ae
69a
71b
7ef
86e
64f
6af
6f5
760
595
7b9
816
5be
7b9
73f
911
875
71c
91d
94f
854
78f
9b1
74d
91f
7f5
93e
99f
a43
86e
796
9d1
99c
83d
8fc
97c
6dd
840
820
7a8
741
8ed
828
873
875
a70
acf
85f
828
92f
7c7
764
6a2
622
824
97b
6bc
6c1
73a
750
5a1
7ff
600
928
81d
94d
a2e
833
9f8
907
934
853
8d1
696
7d3
73d
775
788
828
7a2
7f8
673
68d
6c8
78d
77b
726
5b3
77d
7fb
914
81a
6e0
7cf
b6b
aee
94d
84e
748
7bd
745
6ed
84a
9a1
6db
803
7b0
85a
a75
93e
867
812
71d
85f
7f1
954
770
67a
6c0
916
706
5d4
69f
622
614
6aa
8de
8b8
85d
7af
704
775
913
902
802
5d0
683
876
821
766
664
823
8cb
8c9
715
752
9c9
9f0
9d6
78f
59a
780
8b4
832
79f
503
751
7cf
652
5f2
839
84a
8c3
6ba
75b
a8c
ab4
6fe
5b6
950
a36
993
7dd
5b3
685
88e
734
765
96b
807
893
742
5b2
740
50a
9c3
786
7a7
810
979
878
a1e
91f
861
8ca
732
a62
a1b
70b
751
6c7
80e
a12
7b5
765
5c0
76c
79c
8d7
685
97d
82d
68a
92b
8b8
89a
7e0
99c
5c2
989
853
74e
766
886
8d7
7f8
859
83d
a65
953
7de
704
814
a1a
752
69c
625
6c2
68d
7f1
6b5
640
842
950
9cf
820
86c
a06
9ec
914
7c9
763
893
89b
53f
529
735
892
720
4ca
76d
7b1
91f
707
6f8
690
90f
9a0
833
796
939
ae5
804
777
67c
7ae
9ff
a0b
6dc
8e0
93f
918
666
795
74c
5bd
8ee
87f
65f
5fd
927
900
68e
66b
88d
963
866
893
5cc
839
8d0
738
53e
880
8eb
6c5
704
875
8cc
848
907
a1a
8a1
a0e
7ae
700
8fa
7e8
8bd
7c7
8e6
812
832
8e7
8ab
71f
68e
7ef
876
819
8d0
5ab
734
736
a35
864
526
717
7fa
6b3
737
716
71f
8b1
798
864
a49
a1c
88b
761
9f3
a08
6c5
721
751
765
70a
930
79b
82e
59f
94a
7ae
812
98a
729
7a3
9c8
7d0
72f
7b7
71e
8b6
70d
724
740
79a
88c
8af
95d
795
90a
7b0
781
800
838
65b
9cc
7e3
88f
878
82c
798
94f
b2a
903
a0e
959
800
5ba
8a6
7a1
91c
7a8
761
710
7a1
647
614
871
928
8e8
4ac
84e
947
6f7
5bc
521
706
736
7ed
785
653
5d1
986
7db
7f3
a2f
9e6
919
a45
928
71b
92f
938
837
7c6
861
7c5
94b
723
9df
84b
7f5
a7f
927
748
90f
9bb
7d3
8dc
602
64c
849
713
702
5ae
6fd
7bc
6ce
53c
46f
8bc
769
66d
772
63b
915
bd8
7ab
83e
986
a2e
8e2
7e8
950
73b
99a
856
8d7
862
abe
7fe
6cc
74d
7f1
818
733
84f
77e
7ce
662
74f
43a
691
7f2
850
7f1
723
9d9
83c
612
7c3
867
929
88a
606
602
8e7
961
86f
8b2
893
8cd
9b6
976
947
849
736
83b
6f7
b7d
a9e
828
70b
7de
957
93f
a4a
6ff
890
76a
848
79f
61e
753
7da
5c0
8d7
59f
7ba
6cd
66d
9ab
7af
8e7
9ff
9d2
91c
854
83c
929
98c
92c
74f
786
a2d
766
570
745
7da
85a
89e
684
6a1
a30
877
90b
8a0
8eb
814
941
8d9
692
84f
96e
73b
7ba
68b
876
a1b
793
727
6b7
641
7d9
99b
723
5ef
6f3
b38
754
815
6fc
7ce
821
89a
81d
85f
8af
8e6
959
781
9a5
8d5
96a
935
7bb
715
7b9
7c9
791
7af
8d1
6ed
8b7
97c
7e0
759
7cd
820
781
8fb
8ad
809
99b
80c
814
961
884
9e2
8b0
61d
782
88a
7c9
7e9
7c8
84f
8c4
8d6
768
828
aa3
87d
9af
a01
9f0
763
bd2
9a8
881
8c4
8f8
8c0
821
79d
605
75c
649
6f1
45b
717
6cd
7f0
5e1
786
82b
8a0
7a4
839
880
70f
735
6ee
788
960
7b2
78f
9fd
8e3
96a
927
a25
791
940
870
7d3
9bc
9b4
911
9b1
823
80f
965
8d2
926
922
801
77c
883
777
714
790
761
804
94a
88c
8d9
776
907
787
710
a0a
93f
7ed
81f
798
93e
b26
79a
833
79c
862
95c
51c
744
6fd
925
a2d
85d
786
789
84d
566
5e8
6ff
8e1
5c8
67f
515
755
7dd
a8b
751
525
6cb
8ce
92a
6c4
79b
912
948
6e5
682
91b
9df
7d3
554
6c4
83c
66e
79f
62d
66f
938
835
875
938
937
736
98e
808
938
984
7e8
792
62b
879
726
8b1
781
9bb
81a
80c
44a
8f8
79f
66a
716
786
842
707
7dc
660
7ff
9e6
7b0
7e0
9ea
5fe
83e
a97
b26
916
8f3
99a
98f
870
6f9
6ac
792
69d
658
711
730
635
727
75c
5e4
8ff
715
657
6ca
49b
7a1
852
69f
798
7ed
ac6
918
6a0
731
84a
851
7ca
506
5c0
945
903
91a
88a
a35
a39
965
88b
81f
a90
9c2
8ce
74f
76f
a79
acb
8d4
934
7ee
7e2
8b0
4b6
565
7a8
752
610
493
74a
990
6b6
579
661
76b
746
76b
6d2
86f
713
7fa
84b
97f
9b7
917
7ce
998
9f4
835
7d9
7f0
86f
885
a1d
593
827
98a
8c2
8ae
66f
7d8
93b
6dc
78b
460
7b4
892
775
79a
7f1
807
7ca
63c
7b2
6e8
4f9
640
658
7f3
9ec
7f3
8d6
a30
a67
923
9a0
955
8f4
82d
94c
786
773
8f8
882
953
8e2
834
818
807
7ef
9ac
7b0
7ae
75a
810
741
8bd
7d7
8c5
7d9
76d
75b
996
875
5d9
754
625
7ae
92d
952
901
960
74e
770
a12
698
828
81f
792
625
8a2
892
99e
8f9
820
778
785
975
87f
7fd
806
87f
8f1
82d
8ca
97e
94b
6c2
888
5c2
630
76e
70b
910
618
553
5fd
6af
8dd
651
594
5ad
826
845
82e
879
905
95a
906
9e2
870
b88
9f2
80a
5a5
778
8ed
874
87d
633
87f
b3f
8f1
804
812
98a
812
678
648
659
840
8a6
653
82c
909
870
777
58e
66e
787
69b
581
5b2
756
951
8b8
9f2
6cf
9cf
827
a20
9c3
a94
6b9
7c3
7de
5c5
95f
951
8ec
875
849
976
7ba
6a2
6ff
6bf
57f
6d3
5c2
8f0
883
83c
7ee
69f
74a
462
765
491
5de
679
5ab
7e9
813
749
951
a7b
8ec
68a
8e9
80a
788
6aa
74e
8eb
734
664
79c
92f
8ab
617
6b8
6f6
83e
8e8
8c4
87e
626
7af
8a5
8e8
a11
77b
643
83a
4ab
725
807
78d
583
3e8
8bd
94c
8ea
8e8
856
936
9a1
849
8f5
807
8cc
8ab
80d
934
76c
909
82c
6b9
4dc
5e1
871
7d4
48b
616
83a
89e
75c
819
716
843
7b4
87c
826
753
736
59e
715
862
841
8a2
84a
6fa
8bc
9bd
86c
7b9
70b
8ed
9dc
7cd
6ba
666
842
87b
77b
6fd
747
765
75d
955
7de
92c
82e
a00
8d9
8c2
8f8
9ab
60b
4ed
6f0
956
79c
59d
729
744
7c6
674
638
510
903
728
74a
6fe
792
85e
970
773
7bc
957
9e9
9f5
866
97f
7e7
9ef
6c7
65b
a4c
713
7d5
740
773
7b1
9fb
761
7e1
740
6a8
690
77a
746
6d2
760
5d8
6be
7ac
71d
610
6aa
710
6d0
67c
77b
8e9
a44
94c
8d9
715
aa2
afa
819
7bc
940
86a
883
9b1
7c2
842
b31
94a
925
769
b28
97d
7d7
6af
670
685
9ae
600
546
841
5c1
783
770
4d7
81c
740
715
7dd
720
654
9cc
cb0
76a
81a
7ac
9c3
a29
a10
845
839
908
813
82f
68c
8d5
8cd
70c
843
84a
948
96b
9d5
765
963
74b
861
906
9a0
80a
6da
675
780
7a0
9cd
610
654
4d5
745
707
76e
86a
8c4
7cd
843
8c9
9e5
aaa
90d
833
76c
abd
7da
93b
93d
8b1
852
7d8
807
88c
7dd
8b5
8a2
838
73d
816
7bd
9b1
8cb
6b1
68f
727
89c
8bf
78a
7ce
57d
778
7e7
83d
8e0
8c7
867
974
836
905
aac
8a7
a25
77e
7ea
6eb
8df
77b
6d2
7f8
696
7aa
817
861
7b2
8e3
88e
801
8de
949
912
852
8e1
969
82a
77b
5f1
570
7b4
64a
57d
67d
6be
792
891
87d
8a7
92c
7c9
8a6
a9f
ab4
86f
644
823
a30
b1b
8d9
89e
91c
a9f
6d7
830
9b2
912
777
69d
730
858
926
82d
6ee
7ff
75c
6bb
607
68e
6cf
5af
73f
595
6d3
7e6
781
8d3
82f
899
a31
a1e
717
99a
9da
7a3
88e
a28
989
6b0
8a6
92f
79c
896
7a4
8fe
919
753
7a3
916
897
a74
9e4
9f1
9c3
72e
671
5f8
68e
3c1
4cc
3e2
57d
630
63d
856
8ac
731
91c
8da
a01
991
74a
8d3
93d
982
761
7ea
95f
6e9
5c6
5fa
64e
88d
81c
70e
6e5
76a
965
96d
a3e
996
7b1
a0e
8ef
6c5
868
99b
6e1
76f
52d
73e
9d6
826
602
5ed
8fd
812
737
7a4
842
83e
885
8aa
90b
938
885
934
84f
7a3
6c6
7f1
7c7
692
668
6e4
6e3
79a
7f4
6ac
763
980
692
68e
8ff
aab
8c9
74a
61b
522
90f
820
6ec
5b0
5e8
772
6a5
721
860
7d9
8b1
8c3
7f4
af0
9a3
7ef
745
70e
875
697
6c5
61d
825
8d6
8bd
74a
7d7
75c
a3d
970
823
8fe
817
833
a4e
78d
924
879
7c4
775
4c4
899
78d
5d5
51b
55a
7c6
ae1
8b3
7a7
6b5
a5d
851
a99
b5e
97e
973
56b
61a
89b
a1d
a78
5b3
707
771
a7e
84a
70c
88d
7a9
74d
8a1
631
712
a28
803
7df
698
51a
5a5
64a
494
4df
5eb
5d1
68a
6ba
83e
abb
675
741
5d6
929
c6b
948
5d5
66f
bab
8b2
80d
933
987
79a
930
944
781
a05
8ee
9d3
829
80a
a30
9d8
956
b05
995
73a
59a
6dc
6c8
80a
554
4c0
28d
8a9
6c7
5d8
70b
9b8
844
860
8ba
7ba
9e2
9ef
9c5
6dd
af2
9ac
92a
6c2
708
78c
708
6b5
7dc
7d2
7fa
848
79c
70a
a22
8be
96e
8b0
7f0
988
7ae
717
85d
5de
637
7db
719
64b
66d
6fd
771
781
766
786
931
837
6f3
852
8d9
8bb
94c
885
7d7
8ef
ac5
8e9
80f
828
a60
886
823
95f
8ef
b6a
737
5de
8bc
ccd
870
790
73d
73b
a1a
6fd
568
4b7
6f2
714
8af
7ee
775
9c9
8ea
98d
9ac
a40
989
aa9
684
794
72f
a57
6a1
42f
7ca
848
7db
646
81d
858
871
7e6
736
82b
b5d
6e3
997
90e
9e1
a2c
6a7
73c
8ab
64e
71d
776
496
786
8af
6f2
95a
7c2
814
974
8e9
878
7d0
824
809
77b
9a9
8ae
679
7fe
817
aac
7b8
65c
958
8ff
6b6
787
97d
98f
8c6
7a3
80e
966
b63
9c3
53c
75b
817
848
6db
541
4e4
773
702
785
773
7b3
b2f
74a
72c
953
be1
a7a
926
841
757
958
919
6f5
634
9a0
9eb
76f
541
67c
85d
721
73f
78a
805
996
940
93d
75e
a84
764
74c
770
673
73b
675
6d2
5e6
57f
64d
6fb
861
72d
82d
82b
89c
b10
b08
8f1
690
945
7b5
680
7b0
700
5dc
7d7
680
69d
9c2
6e5
8ff
7e5
7d6
720
9e0
a9f
8d6
9a2
837
98a
820
913
792
847
70a
6c7
7b5
7dc
72c
6e4
875
819
6e7
75e
865
967
5ab
644
8b4
949
6fc
6e2
95f
7d3
7ee
90f
82f
77a
960
9ac
6a9
61f
8a1
743
6d0
755
67a
8a7
a73
5cc
4f5
61c
876
809
63e
574
78f
97e
7ca
6eb
94d
8d3
a0e
6c9
81c
85d
9db
97a
725
858
82e
9cc
639
5b7
504
700
716
57d
689
602
623
634
70e
91e
996
926
bb3
85e
a65
bac
78c
814
8b7
713
5d0
859
7dc
8c3
989
a33
7fb
7e5
7b9
858
7d0
6f5
7d4
6dd
9a7
78a
593
4f6
70b
8be
494
77b
593
84c
7fe
4cf
8d9
9f1
937
888
78d
84f
9d8
a24
951
79f
6b0
812
869
822
7df
5cc
81d
835
96c
848
65a
641
969
60e
721
9e6
879
9b6
803
a0f
8a3
a35
8b2
4a2
87f
8c0
67f
539
879
79f
984
969
783
989
815
953
9c2
92c
87a
a7c
99a
825
9e4
919
84e
65a
65e
639
838
81f
6a3
a6a
802
8d3
88f
aa9
ac8
932
949
7bd
76a
69a
7bb
4e6
4cd
4cb
6a6
850
674
689
7c7
828
6f3
578
60e
8fd
c14
67e
6cc
9ca
a97
83c
6ac
65e
871
812
652
535
915
973
664
9b6
838
943
af7
93e
820
6b3
875
865
661
8a3
982
8ff
816
9f4
6cd
776
90e
7a7
8bc
867
933
72c
7ac
a5b
a92
6d7
859
99f
970
988
60c
5fb
6a4
844
841
5bd
69a
780
7c0
876
8d8
77f
8e1
790
957
7ff
779
97c
8cc
94e
a51
795
694
81b
8b4
72b
7aa
86e
7aa
564
72f
85d
8bd
bad
b1b
772
80e
7dd
84b
733
5a3
649
68f
96e
695
61c
8dd
886
907
724
5d4
92b
a45
9cd
584
7c5
9f8
8da
820
917
6ee
853
791
878
7b4
a33
7ac
80d
900
819
b90
8f9
96f
81a
94d
6dc
71e
679
a42
a0f
821
705
69b
9e3
6d9
7b6
767
7c2
66e
744
5fd
619
8ac
7fd
674
83a
945
709
7ec
64a
8ff
7b7
684
758
9ad
944
78b
63f
8a0
9fb
8b5
7a2
81c
90f
91e
936
839
a16
90c
80b
64d
5ff
973
673
7c7
813
3a0
8ac
6d6
631
7b0
9ef
b0e
af5
99e
5cf
82f
9e8
8da
5fe
432
8a1
814
62f
5ab
831
86f
7ac
793
747
78f
920
6a3
7e2
819
82c
9ab
779
739
7fa
864
887
6c2
67a
847
718
7f7
85d
a80
858
786
8a2
8b5
97e
802
671
855
805
62b
73b
7d8
628
691
6c0
735
935
97a
419
51c
7bb
73e
a17
780
83f
87f
8aa
774
9d4
ae6
7c1
536
723
901
7fd
6b6
694
6f6
930
7ce
731
786
8c9
83f
92d
81b
8c8
8de
9bb
81e
6de
9a8
826
8c1
89f
580
6de
74d
6df
796
6ed
7b8
426
a57
894
9d0
91b
709
5f5
763
9f1
6cc
63a
631
755
7c1
88b
838
8a4
760
805
8cc
87f
c9c
998
74f
88d
85e
961
a1e
763
523
846
670
5cf
562
609
abe
879
5c1
5c4
623
907
73b
6b5
79e
8f0
74c
64d
65d
8c3
963
84f
818
846
7a7
769
834
7de
612
895
7dc
726
a0f
8f4
852
794
997
680
8c2
82f
739
694
80f
53f
74a
932
7b5
809
668
88d
6a6
808
83d
7ff
8f1
84a
873
82d
b30
a0b
85d
736
69c
805
74e
6fb
665
8a1
881
78b
832
941
b27
9fb
79f
903
94a
959
6c4
624
766
63a
7d1
a03
624
6fd
82a
7f9
8a4
7de
786
82e
83a
7b5
625
868
9b6
720
5a1
865
80d
72a
947
4d7
730
832
a4a
a60
7f7
7c8
ade
9ff
a7e
a21
8e8
90d
864
8bf
7e9
a2a
929
84b
833
7ce
807
801
4d2
6a3
6db
5cc
762
804
784
78a
914
87f
936
a09
88f
935
890
6e3
822
869
835
75f
6c8
863
8e3
697
681
863
84a
5c5
817
93c
9a0
922
617
7f7
8d1
665
664
65e
592
884
79b
6c4
84a
89d
78b
959
9ee
77a
719
808
7bf
732
6b2
71b
74f
832
88b
71a
790
921
69f
658
90d
944
9c7
8c8
7cd
9ac
abe
996
95f
902
920
6c7
78f
8ef
7b6
7ff
4d2
696
7e9
8c2
81b
6d2
652
657
82c
9c0
832
6c3
a01
944
93b
9df
9da
938
961
775
501
8c6
781
66a
62c
886
870
821
972
6ff
814
924
809
840
863
849
a41
8b4
64c
796
719
87c
6a4
667
7ec
914
7bb
4e7
790
9f9
b82
7c6
674
8c7
83a
7ce
910
7ce
7b1
6da
6d5
874
971
98a
752
88e
90e
858
aa9
a68
66c
58f
6e5
7d8
938
858
4dc
5f8
9ba
5db
7e1
896
7a5
700
7fe
9cf
823
8b7
745
974
7f1
711
984
873
a20
75b
6a1
837
909
736
549
606
7bd
796
70c
71b
65b
88f
6cb
909
889
978
a90
826
6c0
9cc
aca
6ee
6e3
761
69d
8b7
7e2
607
69b
617
7e8
8ec
937
965
7af
643
7e6
893
ab6
9a0
737
668
7a0
98e
89e
775
7be
759
6fc
53c
730
9c8
789
6e6
6ee
9d5
900
765
5dc
74f
864
7ec
639
786
8ce
898
605
6a8
8b6
802
aff
9a3
6c0
786
7e1
9ce
7b0
94b
8fe
852
6db
651
8b1
925
8ad
575
6f9
968
776
7d3
7a7
7d1
832
83e
79f
6be
7ba
6b8
8e8
893
661
6e0
753
7f1
7aa
8a8
80c
641
8cb
832
607
825
7e9
7af
91a
907
a26
7d6
886
7f4
79a
a07
91b
827
63e
677
5e5
501
67c
742
789
94b
7aa
510
9eb
bc0
988
9e9
5cc
7b0
b03
8fc
6ed
72a
72c
7c2
7d1
6b9
697
79e
73d
683
817
a20
829
835
977
73f
8ca
b40
874
783
88a
80d
810
7ec
81b
8f6
906
859
670
92b
7d6
7f2
747
77b
6ee
6da
8e2
6a1
6ef
75a
697
6b4
8d3
926
59f
5ab
7de
917
9c5
8a7
641
64a
ab7
8b6
812
85c
66b
5cb
7fa
872
7d1
90c
626
73b
865
719
5f6
6b5
75c
7ac
807
793
947
a43
ad6
a6f
a95
a60
957
801
8b4
737
70c
7b2
848
64f
877
768
821
7e6
64c
8d8
8ba
915
758
8bc
7e7
8e5
a47
930
7ce
5d4
817
7a8
7ea
80b
72b
72a
857
815
7ff
961
b2b
843
72e
a92
8ca
852
704
797
7c9
89e
9ca
a0d
981
74e
58b
83b
917
7e3
64f
60e
75f
617
7b0
8b5
85a
6ac
80b
8a3
743
650
777
967
744
7a2
7e6
882
a0e
953
994
9ea
9d8
996
8c7
933
9f5
9ee
a01
8c7
74b
8b3
91b
6df
5ba
4e9
6e4
804
587
658
6b0
835
891
6d4
851
a12
a76
772
636
908
640
720
887
7db
7ab
66c
720
67a
849
72a
74b
7f7
6af
912
a55
abe
9a2
8df
9bb
a76
931
6e7
7df
7ee
6a0
862
741
74b
79b
719
72d
772
769
6ea
4bb
59d
642
634
5c2
614
776
764
914
8fb
79e
8b5
91f
87c
7eb
8c4
709
832
a48
7c9
a18
a9c
9df
92b
926
940
96c
8f4
8dc
877
7ba
7cf
882
773
745
841
6e5
641
635
5ac
7f1
862
72c
7e9
6e7
83f
92b
77a
62a
8ca
5cd
70a
59b
684
8c6
840
667
678
b1d
ae1
a13
925
98b
98e
9a0
888
891
a2c
998
6df
5ed
8c1
a00
86e
622
62e
5bb
a0d
874
725
670
624
6ee
63c
838
6d5
787
758
52c
6dd
927
640
69f
673
85f
81a
719
817
77d
7f0
784
962
9d7
adf
827
78e
bed
98c
a67
84a
78a
9e8
8d8
69a
846
86a
851
6c9
6dc
624
786
921
665
773
6f9
8d1
81b
910
735
6e6
6e7
693
873
73b
698
6ce
61b
738
b2a
821
7b4
7d7
854
b22
a65
981
674
8c7
819
765
813
73b
67a
6a6
5f2
86e
b58
8e6
6fe
77e
a54
c0c
937
73e
6cd
88d
7df
7ca
787
7ce
85d
613
67e
6e0
7df
78e
7b4
6d6
7e2
7e5
7b3
7e1
95e
ab0
8e4
9e7
8a4
86e
8ae
6f2
6ac
869
7f3
7a6
7fc
873
8a7
8b3
8e4
7a0
6e1
82b
91c
7d1
8f2
7f0
734
960
9a7
9a5
915
8d3
674
71d
66a
527
7e6
7d0
664
52b
804
799
ab1
8d6
863
7a5
8f6
8e3
8e7
811
7b1
921
763
748
783
7f6
854
8ab
517
697
91e
a6c
7c1
608
5eb
957
a07
6e0
810
9a5
73d
56e
5d2
73b
97d
87b
5a8
778
93a
95f
a0a
b68
762
859
957
8f2
943
878
8bc
801
83b
81e
86a
761
92a
606
773
98f
8a4
67c
8d4
80b
68c
6db
743
94b
8ae
6e3
58b
836
87d
874
923
96c
6ce
817
65b
925
997
4f9
6d3
7b7
768
878
7d5
6a5
a1b
9b4
9d7
964
744
848
8a5
824
7c0
748
7a8
75b
692
80d
85c
80b
53c
51a
8a1
7eb
86e
690
598
914
9ae
7d0
7ce
6d0
88a
722
7a7
73b
741
7fd
827
7ff
905
b04
9b1
a2f
996
8aa
8d7
82b
75b
856
87f
742
591
7a0
79f
8a5
805
631
7e2
729
771
6f8
7a4
63d
82a
850
974
9f0
811
8b6
820
842
6c6
881
82d
7bc
77e
700
63a
8ed
747
76a
6cc
605
a38
836
6b8
7b3
863
a40
9b1
851
8c3
9b8
8ca
7c3
85a
9b2
739
685
6b6
874
9ba
808
6ce
7c9
7ce
916
8a7
7b9
952
7a9
6d0
6d5
6b4
804
668
506
621
6de
950
889
73b
914
9cd
8c7
97e
90d
9b8
999
7ee
73e
87b
919
96d
866
6bd
78d
8c9
a32
81d
725
8b7
7ce
92d
6a5
8be
8cc
6ba
6fe
4f5
7e2
890
72b
63b
71b
700
9a9
747
50f
6eb
88a
760
7b0
96d
7fe
8ac
755
922
92c
ad1
960
752
848
87f
92d
9a5
86c
74d
641
684
887
80e
6f5
560
6e1
68b
8b5
773
75e
934
8dd
8f2
76d
94c
893
649
621
6e4
865
749
794
6af
849
a10
86c
67f
83a
a96
9fd
708
6fc
848
8a0
8f8
7c6
78c
8e6
a2c
76a
7a4
8bd
99c
88e
80e
5a4
7c7
9cf
870
5a9
7ec
883
97b
6b3
574
818
7b2
a4a
668
5f9
684
84c
854
779
8bf
9db
81e
608
857
9ad
99a
78e
843
93d
943
8b4
82a
78a
76a
83f
6da
71d
71f
667
676
75c
788
891
6cd
609
76b
9d0
95c
726
7f6
89d
7fa
8ce
865
695
90b
6d1
6e9
945
6bf
783
929
95e
8bd
a6d
865
97d
a3e
94a
871
7c0
80b
aa9
7e3
709
775
549
702
97f
85c
6ce
6da
5bb
625
882
998
828
677
530
74c
a26
8d8
897
82f
7b6
789
859
8cf
960
8ca
6c1
8e6
90e
957
7f6
792
79d
7af
995
9da
863
815
7af
7c9
7c5
7c1
850
873
81a
884
71d
77a
8a0
5ad
69e
75e
80f
809
746
72a
746
754
74a
87d
5b4
669
5ed
85c
923
81e
86c
9f1
94d
89f
979
ad6
abf
7d3
99a
80b
a59
8e8
8df
86c
8be
6bb
82b
79d
7cf
60b
5cb
769
7b4
89d
62e
6b6
6e2
7e0
782
868
98a
6f1
6d7
672
7e3
7f5
955
7df
7e7
8dd
6ba
8fb
9ac
89d
7a0
881
791
a19
8e3
83d
75a
903
8e7
80b
94d
810
7bd
7da
833
85a
a9a
835
65e
757
817
827
817
6e8
7c0
7b0
807
804
63a
71a
73a
737
686
8e5
7fb
6f7
692
762
84a
98f
6be
73b
88e
8bc
af2
88c
6c6
98f
9e6
828
8c4
787
8d9
919
788
790
723
91d
850
769
882
743
7db
957
660
6cf
6f3
894
764
652
84d
767
52f
5b5
859
6a4
86d
883
80d
7d8
7ad
904
928
9b7
8c9
7bc
92b
a4c
86f
783
7eb
885
8e9
839
9d6
677
889
7e3
70a
79e
757
81e
77e
64e
6f0
895
6e5
7e7
7aa
6a4
781
686
5c7
7e3
7c6
711
713
91c
7d8
75a
85e
8b4
744
7c7
8a0
919
802
8ec
a2a
83c
8b9
862
8ef
87a
7dd
893
869
886
67e
7a7
889
780
774
7cf
7b8
7cb
6ba
5bf
7ff
830
58e
6bb
52e
5de
7aa
6a4
6f7
8cb
a52
8a2
81b
a76
c7b
a2b
939
747
982
b63
884
7cc
6dd
8c4
813
6b5
8ad
894
88f
71b
716
6c2
8a0
896
7fb
6fb
866
a9e
810
805
5b9
795
8dc
5ba
6a5
794
84b
6ba
731
773
823
7c4
6fb
86a
8b4
8c1
7a4
826
7dd
860
995
82e
91b
7c7
8f9
683
8ac
87e
942
865
706
825
8cc
81e
7d7
844
6ab
854
72a
70f
71d
808
744
66f
59d
78c
911
959
75b
76d
866
796
900
949
9ed
893
831
83c
8b3
a51
5e9
776
64f
7b7
7f9
85b
608
59a
910
9d6
8ec
756
968
910
aa3
7d9
9be
9e2
8fd
7ee
694
87f
93c
650
49b
757
674
63d
7fc
543
81b
7d1
85d
848
7c4
7eb
9d3
8d3
858
856
8e3
73b
7c1
9da
861
891
8b1
7c8
a14
8bb
5b8
738
945
8fb
6b0
817
95b
9a0
841
8f0
89f
87d
870
704
741
8d6
82f
7b3
702
76e
7f8
938
6a1
83c
72f
6fa
9a7
7d0
8eb
733
796
6b1
7d2
948
a19
997
67d
820
7e9
99b
97c
6da
8b3
9ab
886
8a8
73d
8e5
8e6
75c
807
7cc
7ab
993
758
742
6d8
6ee
7e9
582
7db
874
7ed
63c
81e
7d3
83b
85a
613
7e9
87e
82b
717
753
8f1
80e
7da
7ef
95a
8b8
8be
7bc
7f7
7e1
81e
946
8c3
a3d
8aa
73f
760
79c
91e
750
8dc
7dd
6a0
727
801
754
6c6
735
724
766
800
7f0
808
913
98a
67c
6be
931
92a
8ee
7ae
821
817
952
80e
92f
871
7b9
75d
6c2
8be
872
7cd
48a
695
9c8
a54
a68
64d
811
7a2
966
7d7
6b0
7a7
7bf
7b9
747
825
64e
7fa
780
818
85a
605
66d
5ff
6d8
6cf
922
6b3
75a
7cf
77d
835
804
905
8ce
9df
811
830
8f5
8de
85e
aed
9d6
73e
6ef
648
57c
844
856
7d5
6f3
629
838
8bb
7b4
660
722
7e7
9b8
89e
6bf
920
741
85c
91d
82c
8fb
89a
69b
74e
92a
905
726
657
7ff
878
7b6
6ba
930
9fd
8f2
767
6c9
933
75e
88a
703
7c5
8c6
6d8
745
6dc
7fa
8d0
90c
787
65e
712
7a4
71a
6d0
735
935
757
704
681
71d
776
7f0
7d5
85c
791
7e6
841
9ab
660
799
89a
8bc
9e2
7dd
678
76c
72a
700
87e
78b
7e7
769
859
81b
83d
7df
81c
8e5
945
90a
8cf
8ee
9a5
9bb
84e
6d2
7b0
788
6a9
6ef
85f
6e3
7f7
797
792
684
8c0
7f8
916
8c1
82c
6fc
80e
7e4
6ae
8de
ad6
8a8
667
80a
97e
99b
65e
653
6c5
77d
899
672
737
9a8
907
7c4
7d4
8f0
8b8
64e
627
8a6
86d
818
74e
7b5
869
951
84c
67d
9c2
983
6f4
62f
725
86b
993
8ce
6f8
839
978
8f4
7d0
7dc
89f
8e5
771
72d
88c
880
79b
870
8e4
97b
a1e
8a2
68f
968
95f
7b5
748
6d4
6a8
88f
90a
9ee
779
7fc
86d
6f4
763
73b
9e1
902
84b
6c2
8e6
9b0
87f
664
877
845
731
7d0
6df
83e
72e
6c1
7c5
756
6f7
7d0
72a
5d3
7d9
7c7
886
81b
a29
80e
74b
8d9
8e1
99f
927
791
610
7b8
727
884
70b
7ed
6d3
689
7fa
7c3
96b
82c
7cf
724
8e5
85b
8c8
7ba
848
ac1
947
8e7
80d
839
669
821
720
89a
72b
87b
75d
8da
997
7f5
8b2
909
7dc
82f
732
8c6
775
7ae
929
93a
8a3
7d9
932
9c5
928
906
8ea
785
71a
616
76f
650
6f3
805
8b8
833
62d
6b9
754
7c6
833
6ee
803
7e2
939
8fc
73a
9a8
960
834
97e
867
7cd
7a5
748
56a
8c5
919
8b3
716
70d
8ad
8bf
8bb
64c
6c7
8da
9c0
6d2
7e6
9b4
89d
878
664
834
82b
906
7ed
6a3
6e0
96b
7ee
6a2
8ab
7b5
7d5
944
829
8bb
7ff
5d7
6ee
800
953
948
8a3
771
9b4
a16
8a0
770
910
83c
82c
8e8
7ce
8ab
87f
7ba
7de
7e0
940
7b3
69b
6b2
713
668
895
6de
5f2
732
884
81f
6e4
811
6b2
9b6
74a
7df
795
86a
7f3
77c
7c8
6a8
85e
874
68b
6b7
695
8e2
917
6df
6dc
8aa
923
7b5
857
8b3
904
83a
602
61a
779
7c0
680
6b7
561
85a
80b
734
7c2
823
8fc
775
660
85c
ae9
8b0
892
698
732
a00
993
82d
7cc
6ca
80c
9b5
707
71d
824
8ea
6d1
8e8
9a8
81d
785
5fc
802
9f2
7ab
7a7
80d
868
943
7e8
807
72a
7f6
7da
786
7f6
65a
62f
878
79a
84b
6e8
78f
855
787
986
939
72b
6e1
763
7fb
8be
92e
6ae
95b
777
7d7
9fa
921
89c
74f
7a4
710
822
76a
8ac
796
6d7
6db
8ed
7d2
741
788
69c
6c2
7ff
890
7b5
887
a17
82f
8b2
90c
8a6
915
85b
7d2
7ff
764
741
75b
862
7db
9a7
80f
81c
6bc
917
867
813
757
890
91e
97c
7f7
699
9cf
8cb
8e2
7be
6d5
83f
803
6c3
4ab
66f
770
6f4
6c8
70f
779
8cf
65b
7fa
890
89c
859
6e0
757
753
982
74b
7d3
77b
736
6d8
7f7
7d3
834
7b4
804
73f
87d
885
9e5
736
863
789
8af
8bb
840
818
667
79e
5e8
883
707
838
878
8cc
9d7
93b
8bb
90b
9c3
7f9
6eb
762
798
8ff
897
7cd
65c
6fd
756
8b9
8e9
a3c
8f1
83e
90a
8f5
9d7
9ec
7a9
736
7e7
a90
8a6
72b
6e9
719
914
820
5e6
6ee
735
7f2
82e
7dc
989
6f1
933
a60
7c9
881
7f7
679
a67
9e3
891
7a2
84a
6dd
75a
7ab
854
6db
4ff
956
89f
799
855
7e8
629
9f5
837
65b
902
697
8b1
7b2
743
60b
704
7d5
8b2
814
5cc
668
5ee
882
88b
75f
6cc
5c2
9d6
981
9ed
6aa
655
940
98c
78d
6b2
756
9ed
7aa
813
a0f
b34
acb
8db
a02
997
aaf
a24
89b
7f1
7a6
85a
996
717
81f
a1f
96c
7f3
68d
82b
a33
7e0
877
6b9
90d
834
81b
6cd
796
82e
785
83f
84c
654
6d3
7ee
89a
9f0
853
7c4
8ae
715
99b
bae
6b4
744
6d7
8c3
98e
739
723
7c5
867
7ce
8c1
5ee
5f0
620
6c9
689
762
702
5b1
7d6
5d5
7fb
86c
884
8fe
663
57d
825
a2f
8e5
9d6
76b
813
97e
85c
956
a1a
9c3
7d3
b68
795
90f
b6b
9a0
8e1
8d3
93f
905
a7f
b2b
829
7d3
bd0
9e7
88f
9d8
89e
c2b
9f4
622
9f4
8fc
8b6
867
69d
430
7de
66a
53c
507
381
481
667
89a
550
5bb
76b
54a
6ab
6e5
5fa
9c0
94d
457
81f
93d
65b
883
622
4d8
623
58f
32b
656
8b7
883
545
38e
80e
b32
68c
369
6af
749
943
59c
5e5
773
8d3
8b8
760
7a3
949
63f
5a0
734
6f6
89a
8f8
59a
651
88a
6cf
895
90e
878
581
5b7
705
8b7
7d3
745
728
8c1
9a9
7c9
665
b17
774
939
a16
76c
85b
a05
984
875
768
7ab
aa9
b1c
823
692
8a9
897
bc9
7fa
777
922
a55
aae
bee
be0
ac7
ae7
9ad
84e
8cc
895
923
7c3
562
5fa
71d
9c7
9cc
727
58b
5ee
767
8f7
8d0
6d8
62f
7c7
b2a
914
6c8
62f
89f
5b9
625
6db
92f
aca
76b
860
835
8ed
a09
8f2
9f3
8d5
6c4
911
ad0
904
8a9
9fe
8b1
948
50c
bc5
adb
81c
99a
660
691
846
8ff
8bc
8e1
7b6
a6f
a94
971
ac8
9b9
a32
6e9
727
aa0
828
996
832
8b1
6dc
a99
88f
7d2
6a7
77c
5f7
6da
5fa
622
6f7
660
440
472
828
8be
41b
326
587
5a2
6ee
32e
000
22a
40c
18b
16e
2cd
3be
7b8
8a2
366
099
38b
39c
2e1
365
358
498
52c
637
6b6
70e
70e
83d
815
972
9e6
86d
93d
8d2
b0b
a00
92d
b49
a2f
bda
a9d
c80
a35
b1f
b99
d37
c71
d5d
de5
c64
bdf
a94
b8f
e98
a5f
a2d
acd
a87
c17
b1a
a67
8d3
b60
d84
aa6
8a9
8c8
a30
93f
9da
8c5
8ea
904
b0b
84e
67c
b2a
985
953
7c0
7c8
b7c
d45
add
913
bac
c4d
c10
a4d
9aa
a09
917
8df
7d7
872
999
a80
b8b
9b6
8d7
9e7
9bf
9bd
8ce
830
993
81b
6b5
7ca
96a
85d
83a
725
84c
8a0
802
570
590
481
5fb
5c2
514
53d
5c6
597
5bc
5c7
5d2
836
6c8
555
518
423
43c
433
48c
497
357
2d2
316
272
344
2d8
0f9
161
307
327
2ed
31e
46a
446
41e
48b
3b2
2cf
3ac
25e
30d
2b1
284
2a4
2f4
42c
2a0
3fd
448
3ea
43d
431
30c
283
48c
529
5ff
47b
4d4
325
393
55d
5fd
65d
650
6ac
7bd
801
874
7c8
880
926
870
806
7c2
779
873
77b
80c
8a7
733
7f2
86f
869
82d
806
770
782
826
7dd
8c9
918
99b
9e8
9e2
b7f
af6
b0c
a8f
a09
aa9
9a8
a02
bae
b7e
b41
b13
b4c
c36
cc5
d82
cd6
c68
c08
cee
e4f
d2f
cdc
cd2
be5
bba
b3e
b0d
b6f
c08
adc
adc
c8b
bfc
c6c
c63
c79
cf6
cc6
bde
b78
c78
bd7
c59
cc3
d73
dd9
dd6
cce
d84
de8
db4
cb9
d48
cf9
ca7
dc0
bbe
b9c
bf8
bfa
b09
b08
ac4
a96
b04
ad6
9e1
9ff
b0e
a99
ac0
b42
b05
aa4
a3e
a0a
92b
985
92f
8be
828
80c
7eb
868
7ce
7a4
7bf
815
7f2
761
7a8
7d2
6b2
618
6fc
615
6b8
7a7
79f
7a4
721
768
6b1
6fe
4bc
46b
48f
435
474
3d6
3be
4f4
4a0
4f4
471
43b
4b5
3c9
416
3cd
47a
48a
456
39d
380
45b
30f
126
23d
27b
243
26b
288
1e4
369
404
4a3
4ed
456
3d2
3e1
319
371
33e
3ff
469
2d1
35c
36b
383
25c
297
369
3dc
2e4
2fb
238
38c
2bc
1df
2e7
28c
269
2e4
31c
34b
317
302
344
36e
4c6
490
562
497
497
450
570
4cc
524
55d
585
56c
614
5c5
5d0
62a
565
536
622
646
595
547
5ae
699
688
668
6d8
791
8e6
9a3
7cd
8c6
95d
87a
926
913
8b0
90e
8eb
8bb
8ac
9cc
a04
945
a07
980
a10
a9f
947
993
b21
ad7
a75
a69
9e3
915
8da
7db
87a
8de
909
9c0
a5b
abe
ac2
bac
b70
b5a
b01
aee
9f8
a73
afe
ad0
bcc
bd5
c68
bd0
cf2
d44
c53
bbc
b84
b4a
b8c
cbc
c61
c2d
beb
c29
be5
a14
b52
a09
a1c
8fe
8cd
8a8
94f
957
a6f
ad8
abc
ab1
af6
978
925
a1f
86c
95c
8e9
99c
a59
a4d
a11
9b9
9d8
a29
930
91a
7fe
8cd
87f
73c
873
851
8e3
9a6
9ab
922
987
989
946
74f
75e
7e0
6f4
717
6db
783
81e
907
84b
864
946
9c3
934
838
9a3
8f2
9e5
9d5
9b1
ae6
a39
a09
8a1
831
81f
846
78e
7c8
831
9cb
a26
99f
9e1
ae4
aa2
940
889
8fa
876
83d
7c2
890
921
9de
968
aef
a62
a3d
a5a
984
9fc
a09
984
936
9b6
986
9d0
944
98b
a0d
914
9e0
904
82c
988
95b
900
954
8d2
8ce
90c
802
731
6ad
6dc
5c0
5cf
66a
6d1
691
5fb
64b
632
585
607
4bf
561
5fd
521
524
549
417
4ce
5b6
501
610
59b
620
579
5b7
628
5bf
552
531
4c6
4e5
479
448
589
608
5d4
63b
70a
749
728
715
72c
6b7
650
4fc
4d8
45f
4b0
403
346
400
433
4f2
5bd
5d8
593
679
739
705
6d9
6a0
668
687
6eb
6b7
6c3
748
5f4
694
6a9
7f0
71d
678
6ae
771
719
681
690
6ea
780
7b8
733
6bd
72d
6eb
61b
537
5db
648
691
678
58d
5c5
658
564
568
5a3
608
4a6
424
57f
56c
65c
621
645
69e
5e1
772
673
552
5ad
502
4c9
383
442
46b
61a
58f
5f5
682
710
5e6
638
5a8
654
5cd
4a2
5d6
4a3
48f
4e9
4ce
